[
    {
        "test_score_gib": 0.7074022200138503,
        "train_score": 0.6797246226743866,
        "test_score": 0.7074022200138503,
        "num_samples": 2635,
        "fit_time": 3956,
        "score_time": 309,
        "time": 4265,
        "parameters": {
            "alpha": 0.1
        },
        "done_at": 1668089620549,
        "split_id": 0
    },
    {
        "test_score_gib": 0.6806965259013438,
        "train_score": 0.688338665155505,
        "test_score": 0.6806965259013438,
        "num_samples": 2635,
        "fit_time": 3351,
        "score_time": 993,
        "time": 4344,
        "parameters": {
            "alpha": 0.1
        },
        "done_at": 1668089620640,
        "split_id": 1
    },
    {
        "test_score_gib": 0.6801742310992447,
        "train_score": 0.6884837523143161,
        "test_score": 0.6801742310992447,
        "num_samples": 2635,
        "fit_time": 4144,
        "score_time": 126,
        "time": 4270,
        "parameters": {
            "alpha": 0.1
        },
        "done_at": 1668089620647,
        "split_id": 2
    },
    {
        "test_score_gib": 0.6618301886537834,
        "train_score": 0.6918822339526083,
        "test_score": 0.6618301886537834,
        "num_samples": 2635,
        "fit_time": 4057,
        "score_time": 287,
        "time": 4344,
        "parameters": {
            "alpha": 0.1
        },
        "done_at": 1668089620644,
        "split_id": 3
    },
    {
        "test_score_gib": 0.6650081134427135,
        "train_score": 0.6917788479455564,
        "test_score": 0.6650081134427135,
        "num_samples": 2635,
        "fit_time": 5606,
        "score_time": 111,
        "time": 5717,
        "parameters": {
            "alpha": 0.1
        },
        "done_at": 1668089626456,
        "split_id": 4
    },
    {
        "test_score_gib": 0.5920835661302792,
        "train_score": 0.5758236714089509,
        "test_score": 0.5920835661302792,
        "num_samples": 2635,
        "fit_time": 2572,
        "score_time": 219,
        "time": 2791,
        "parameters": {
            "alpha": 1.0
        },
        "done_at": 1668089623456,
        "split_id": 0
    },
    {
        "test_score_gib": 0.5891526608046282,
        "train_score": 0.5829647061711942,
        "test_score": 0.5891526608046282,
        "num_samples": 2635,
        "fit_time": 2283,
        "score_time": 388,
        "time": 2671,
        "parameters": {
            "alpha": 1.0
        },
        "done_at": 1668089623338,
        "split_id": 1
    },
    {
        "test_score_gib": 0.5788234273829707,
        "train_score": 0.5837166413435647,
        "test_score": 0.5788234273829707,
        "num_samples": 2635,
        "fit_time": 6215,
        "score_time": 188,
        "time": 6403,
        "parameters": {
            "alpha": 1.0
        },
        "done_at": 1668089627147,
        "split_id": 2
    },
    {
        "test_score_gib": 0.5630121375544712,
        "train_score": 0.5863156480803503,
        "test_score": 0.5630121375544712,
        "num_samples": 2635,
        "fit_time": 3303,
        "score_time": 293,
        "time": 3596,
        "parameters": {
            "alpha": 1.0
        },
        "done_at": 1668089626939,
        "split_id": 3
    },
    {
        "test_score_gib": 0.5660069610570571,
        "train_score": 0.5871737717403425,
        "test_score": 0.5660069610570571,
        "num_samples": 2635,
        "fit_time": 2802,
        "score_time": 307,
        "time": 3109,
        "parameters": {
            "alpha": 1.0
        },
        "done_at": 1668089626653,
        "split_id": 4
    },
    {
        "test_score_gib": 0.4178840647122498,
        "train_score": 0.40854485680022434,
        "test_score": 0.4178840647122498,
        "num_samples": 2635,
        "fit_time": 3901,
        "score_time": 188,
        "time": 4089,
        "parameters": {
            "alpha": 3.0
        },
        "done_at": 1668089630837,
        "split_id": 0
    },
    {
        "test_score_gib": 0.4233582818763424,
        "train_score": 0.4137169814963707,
        "test_score": 0.4233582818763424,
        "num_samples": 2635,
        "fit_time": 3595,
        "score_time": 199,
        "time": 3794,
        "parameters": {
            "alpha": 3.0
        },
        "done_at": 1668089630652,
        "split_id": 1
    },
    {
        "test_score_gib": 0.4113797224418493,
        "train_score": 0.41511581306009593,
        "test_score": 0.4113797224418493,
        "num_samples": 2635,
        "fit_time": 3701,
        "score_time": 109,
        "time": 3810,
        "parameters": {
            "alpha": 3.0
        },
        "done_at": 1668089630754,
        "split_id": 2
    },
    {
        "test_score_gib": 0.40118248174104787,
        "train_score": 0.41653725974340394,
        "test_score": 0.40118248174104787,
        "num_samples": 2635,
        "fit_time": 3404,
        "score_time": 205,
        "time": 3609,
        "parameters": {
            "alpha": 3.0
        },
        "done_at": 1668089630854,
        "split_id": 3
    },
    {
        "test_score_gib": 0.40218006640777404,
        "train_score": 0.4180678465306661,
        "test_score": 0.40218006640777404,
        "num_samples": 2635,
        "fit_time": 599,
        "score_time": 190,
        "time": 789,
        "parameters": {
            "alpha": 3.0
        },
        "done_at": 1668089631548,
        "split_id": 4
    }
]