{
    "startedAt": 1668089616282,
    "gridSize": 3,
    "nThreads": 4,
    "nSplits": 5,
    "metric": "R2",
    "timeout": null,
    "gridPoints": [
        {
            "finishedAt": 1668089626456,
            "score": 0.6790222558221872,
            "testScoreGibMean": 0.6790222558221872,
            "testScoreMean": 0.6790222558221872,
            "testScoreStd": 0.016133914311239297,
            "trainScoreMean": 0.6880416244084746,
            "trainScoreStd": 0.004431102561935398,
            "time": 22940,
            "fitTimeMean": 4222.8,
            "fitTimeStd": 745.40711024245,
            "scoreTimeMean": 365.2,
            "scoreTimeStd": 324.1113388945225,
            "parameters": {
                "alpha": 0.1
            }
        },
        {
            "finishedAt": 1668089627147,
            "score": 0.5778157505858812,
            "testScoreGibMean": 0.5778157505858812,
            "testScoreMean": 0.5778157505858812,
            "testScoreStd": 0.011761853384259542,
            "trainScoreMean": 0.5831988877488804,
            "trainScoreStd": 0.00400576143988395,
            "time": 18570,
            "fitTimeMean": 3435.0,
            "fitTimeStd": 1429.5723836168631,
            "scoreTimeMean": 279.0,
            "scoreTimeStd": 70.34486477348577,
            "parameters": {
                "alpha": 1.0
            }
        },
        {
            "finishedAt": 1668089631548,
            "score": 0.4111969234358526,
            "testScoreGibMean": 0.4111969234358526,
            "testScoreMean": 0.4111969234358526,
            "testScoreStd": 0.008651504680327165,
            "trainScoreMean": 0.41439655152615223,
            "trainScoreStd": 0.003264430193054155,
            "time": 16091,
            "fitTimeMean": 3040.0,
            "fitTimeStd": 1231.0356615468131,
            "scoreTimeMean": 178.2,
            "scoreTimeStd": 35.14199766660968,
            "parameters": {
                "alpha": 3.0
            }
        }
    ]
}