{
    "modelInputNRows": 13175,
    "modelInputNCols": 314,
    "modelInputIsSparse": false,
    "modelInputMemory": 33095600,
    "usedGridSearch": true,
    "gridSize": 3,
    "gridBestScore": 0.6790222558221872,
    "gridCells": [
        {
            "params": {
                "alpha": 0.1
            },
            "score": 0.6790222558221872,
            "scoreStd": 0.016133914311239297,
            "fitTime": 4.2228,
            "fitTimeStd": 0.74540711024245,
            "scoreTime": 0.36519999999999997,
            "scoreTimeStd": 0.3241113388945225
        },
        {
            "params": {
                "alpha": 1.0
            },
            "score": 0.5778157505858812,
            "scoreStd": 0.011761853384259542,
            "fitTime": 3.435,
            "fitTimeStd": 1.4295723836168632,
            "scoreTime": 0.279,
            "scoreTimeStd": 0.07034486477348577
        },
        {
            "params": {
                "alpha": 3.0
            },
            "score": 0.4111969234358526,
            "scoreStd": 0.008651504680327165,
            "fitTime": 3.04,
            "fitTimeStd": 1.2310356615468132,
            "scoreTime": 0.1782,
            "scoreTimeStd": 0.035141997666609685
        }
    ],
    "lmCoefficients": {
        "variables": [
            "housing_median_age",
            "median_income",
            "family_size",
            "total_bedrooms",
            "total_rooms",
            "dummy:city:Los Angeles",
            "dummy:city:San Diego",
            "dummy:city:San Francisco",
            "dummy:city:San Jose",
            "dummy:city:Oakland",
            "dummy:city:Long Beach",
            "dummy:city:Sacramento",
            "dummy:city:Fresno",
            "dummy:city:Stockton",
            "dummy:city:Anaheim",
            "dummy:city:San Bernardino",
            "dummy:city:Santa Ana",
            "dummy:city:Riverside",
            "dummy:city:Bakersfield",
            "dummy:city:Fullerton",
            "dummy:city:Modesto",
            "dummy:city:Glendale",
            "dummy:city:Torrance",
            "dummy:city:Garden Grove",
            "dummy:city:Berkeley",
            "dummy:city:Pasadena",
            "dummy:city:Concord",
            "dummy:city:Irvine",
            "dummy:city:Hayward",
            "dummy:city:Downey",
            "dummy:city:Sunnyvale",
            "dummy:city:Santa Rosa",
            "dummy:city:San Mateo",
            "dummy:city:Burbank",
            "dummy:city:Fremont",
            "dummy:city:Richmond",
            "dummy:city:Chula Vista",
            "dummy:city:Ontario",
            "dummy:city:Santa Monica",
            "dummy:city:Santa Barbara",
            "dummy:city:Compton",
            "dummy:city:Oceanside",
            "dummy:city:Thousand Oaks",
            "dummy:city:Pomona",
            "dummy:city:Costa Mesa",
            "dummy:city:San Leandro",
            "dummy:city:Ventura",
            "dummy:city:Norwalk",
            "dummy:city:Inglewood",
            "dummy:city:Simi Valley",
            "dummy:city:Visalia",
            "dummy:city:Orange",
            "dummy:city:Palo Alto",
            "dummy:city:Newport Beach",
            "dummy:city:Alameda",
            "dummy:city:Oxnard",
            "dummy:city:Vallejo",
            "dummy:city:South Gate",
            "dummy:city:Santa Clara",
            "dummy:city:Carson",
            "dummy:city:Redondo Beach",
            "dummy:city:Lakewood",
            "dummy:city:Mountain View",
            "dummy:city:Upland",
            "dummy:city:Whittier",
            "dummy:city:Clovis",
            "dummy:city:Hawthorne",
            "dummy:city:Redding",
            "dummy:city:Santa Cruz",
            "dummy:city:Pico Rivera",
            "dummy:city:Lancaster",
            "dummy:city:Alhambra",
            "dummy:city:Napa",
            "dummy:city:El Cajon",
            "dummy:city:Vacaville",
            "dummy:city:Gardena",
            "dummy:city:Santa Maria",
            "dummy:city:Westminster",
            "dummy:city:Monterey Park",
            "dummy:city:Redlands",
            "dummy:city:Mission Viejo",
            "dummy:city:Culver City",
            "dummy:city:Fontana",
            "dummy:city:Fairfield",
            "dummy:city:Antioch",
            "dummy:city:Vista",
            "dummy:city:Buena Park",
            "dummy:city:Lodi",
            "dummy:city:Rialto",
            "dummy:city:Bellflower",
            "dummy:city:National City",
            "dummy:city:Fountain Valley",
            "dummy:city:La Habra",
            "dummy:city:Walnut Creek",
            "dummy:city:Glendora",
            "dummy:city:Daly City",
            "dummy:city:Escondido",
            "dummy:city:Manhattan Beach",
            "dummy:city:Lawndale",
            "dummy:city:Lynwood",
            "dummy:city:Carlsbad",
            "dummy:city:Los Altos",
            "dummy:city:Redwood City",
            "dummy:city:Encinitas",
            "dummy:city:Salinas",
            "dummy:city:N/A",
            "dummy:ocean_proximity:<1H OCEAN",
            "dummy:ocean_proximity:INLAND",
            "dummy:ocean_proximity:NEAR OCEAN",
            "dummy:ocean_proximity:NEAR BAY",
            "dummy:city_enName:Los Angeles",
            "dummy:city_enName:San Diego",
            "dummy:city_enName:San Francisco",
            "dummy:city_enName:San Jose",
            "dummy:city_enName:Oakland",
            "dummy:city_enName:Long Beach",
            "dummy:city_enName:Sacramento",
            "dummy:city_enName:Fresno",
            "dummy:city_enName:Stockton",
            "dummy:city_enName:Anaheim",
            "dummy:city_enName:San Bernardino",
            "dummy:city_enName:Santa Ana",
            "dummy:city_enName:Riverside",
            "dummy:city_enName:Bakersfield",
            "dummy:city_enName:Fullerton",
            "dummy:city_enName:Modesto",
            "dummy:city_enName:Glendale",
            "dummy:city_enName:Torrance",
            "dummy:city_enName:Garden Grove",
            "dummy:city_enName:Berkeley",
            "dummy:city_enName:Pasadena",
            "dummy:city_enName:Concord",
            "dummy:city_enName:Irvine",
            "dummy:city_enName:Hayward",
            "dummy:city_enName:Downey",
            "dummy:city_enName:Sunnyvale",
            "dummy:city_enName:Santa Rosa",
            "dummy:city_enName:San Mateo",
            "dummy:city_enName:Burbank",
            "dummy:city_enName:Fremont",
            "dummy:city_enName:Richmond",
            "dummy:city_enName:Chula Vista",
            "dummy:city_enName:Ontario",
            "dummy:city_enName:Santa Monica",
            "dummy:city_enName:Santa Barbara",
            "dummy:city_enName:Compton",
            "dummy:city_enName:Oceanside",
            "dummy:city_enName:Thousand Oaks",
            "dummy:city_enName:Pomona",
            "dummy:city_enName:Costa Mesa",
            "dummy:city_enName:San Leandro",
            "dummy:city_enName:Ventura",
            "dummy:city_enName:Norwalk",
            "dummy:city_enName:Inglewood",
            "dummy:city_enName:Simi Valley",
            "dummy:city_enName:Visalia",
            "dummy:city_enName:Orange",
            "dummy:city_enName:Palo Alto",
            "dummy:city_enName:Newport Beach",
            "dummy:city_enName:Alameda",
            "dummy:city_enName:Oxnard",
            "dummy:city_enName:Vallejo",
            "dummy:city_enName:South Gate",
            "dummy:city_enName:Santa Clara",
            "dummy:city_enName:Carson",
            "dummy:city_enName:Redondo Beach",
            "dummy:city_enName:Lakewood",
            "dummy:city_enName:Mountain View",
            "dummy:city_enName:Upland",
            "dummy:city_enName:Whittier",
            "dummy:city_enName:Clovis",
            "dummy:city_enName:Hawthorne",
            "dummy:city_enName:Redding",
            "dummy:city_enName:Santa Cruz",
            "dummy:city_enName:Pico Rivera",
            "dummy:city_enName:Lancaster",
            "dummy:city_enName:Alhambra",
            "dummy:city_enName:Napa",
            "dummy:city_enName:El Cajon",
            "dummy:city_enName:Vacaville",
            "dummy:city_enName:Gardena",
            "dummy:city_enName:Santa Maria",
            "dummy:city_enName:Westminster",
            "dummy:city_enName:Monterey Park",
            "dummy:city_enName:Redlands",
            "dummy:city_enName:Mission Viejo",
            "dummy:city_enName:Culver City",
            "dummy:city_enName:Fontana",
            "dummy:city_enName:Fairfield",
            "dummy:city_enName:Antioch",
            "dummy:city_enName:Vista",
            "dummy:city_enName:Buena Park",
            "dummy:city_enName:Lodi",
            "dummy:city_enName:Rialto",
            "dummy:city_enName:Bellflower",
            "dummy:city_enName:National City",
            "dummy:city_enName:Fountain Valley",
            "dummy:city_enName:La Habra",
            "dummy:city_enName:Walnut Creek",
            "dummy:city_enName:Glendora",
            "dummy:city_enName:Daly City",
            "dummy:city_enName:Escondido",
            "dummy:city_enName:Manhattan Beach",
            "dummy:city_enName:Lawndale",
            "dummy:city_enName:Lynwood",
            "dummy:city_enName:Carlsbad",
            "dummy:city_enName:Los Altos",
            "dummy:city_enName:Redwood City",
            "dummy:city_enName:Encinitas",
            "dummy:city_enName:Salinas",
            "dummy:city_enName:N/A",
            "dummy:location:POINT(-122.42 37.75)",
            "dummy:location:POINT(-118.26 34.02)",
            "dummy:location:POINT(-122.42 37.8)",
            "dummy:location:POINT(-118.29 34.09)",
            "dummy:location:POINT(-122.42 37.76)",
            "dummy:location:POINT(-118.26 34.07)",
            "dummy:location:POINT(-118.28 33.99)",
            "dummy:location:POINT(-118.47 33.99)",
            "dummy:location:POINT(-122.41 37.8)",
            "dummy:location:POINT(-122.46 37.78)",
            "dummy:location:POINT(-118.19 34.05)",
            "dummy:location:POINT(-122.44 37.78)",
            "dummy:location:POINT(-118.31 34.05)",
            "dummy:location:POINT(-118.36 34.09)",
            "dummy:location:POINT(-118.19 33.78)",
            "dummy:location:POINT(-122.49 37.76)",
            "dummy:location:POINT(-122.47 37.78)",
            "dummy:location:POINT(-118.27 34.07)",
            "dummy:location:POINT(-122.47 37.76)",
            "dummy:location:POINT(-118.28 33.93)",
            "dummy:location:POINT(-122.41 37.75)",
            "dummy:location:POINT(-118.35 34.04)",
            "dummy:location:POINT(-118.36 34.03)",
            "dummy:location:POINT(-118.32 34.09)",
            "dummy:location:POINT(-122.28 37.81)",
            "dummy:location:POINT(-118.37 34.16)",
            "dummy:location:POINT(-118.32 33.98)",
            "dummy:location:POINT(-117.14 32.75)",
            "dummy:location:POINT(-118.31 34.02)",
            "dummy:location:POINT(-122.42 37.74)",
            "dummy:location:POINT(-122.41 37.79)",
            "dummy:location:POINT(-122.43 37.73)",
            "dummy:location:POINT(-122.24 37.8)",
            "dummy:location:POINT(-118.2 34.05)",
            "dummy:location:POINT(-122.27 37.85)",
            "dummy:location:POINT(-118.19 34.12)",
            "dummy:location:POINT(-122.26 37.77)",
            "dummy:location:POINT(-122.44 37.79)",
            "dummy:location:POINT(-122.21 37.78)",
            "dummy:location:POINT(-122.44 37.8)",
            "dummy:location:POINT(-118.29 34.04)",
            "dummy:location:POINT(-122.24 37.81)",
            "dummy:location:POINT(-118.24 34.14)",
            "dummy:location:POINT(-118.23 33.91)",
            "dummy:location:POINT(-118.37 34.09)",
            "dummy:location:POINT(-122.42 37.78)",
            "dummy:location:POINT(-118.37 34.07)",
            "dummy:location:POINT(-118.39 33.88)",
            "dummy:location:POINT(-122.43 37.79)",
            "dummy:location:POINT(-117.13 32.75)",
            "dummy:location:POINT(-122.24 37.79)",
            "dummy:location:POINT(-122.29 37.81)",
            "dummy:location:POINT(-118.14 33.86)",
            "dummy:location:POINT(-118.3 34.02)",
            "dummy:location:POINT(-118.22 33.9)",
            "dummy:location:POINT(-118.3 34.06)",
            "dummy:location:POINT(-122.47 37.75)",
            "dummy:location:POINT(-118.22 33.98)",
            "dummy:location:POINT(-117.13 32.7)",
            "dummy:location:POINT(-118.4 33.87)",
            "dummy:location:POINT(-122.23 37.79)",
            "dummy:location:POINT(-118.21 34.04)",
            "dummy:location:POINT(-118.2 33.77)",
            "dummy:location:POINT(-122.43 37.78)",
            "dummy:location:POINT(-118.26 34.08)",
            "dummy:location:POINT(-122.43 37.77)",
            "dummy:location:POINT(-118.27 34.06)",
            "dummy:location:POINT(-122.43 37.75)",
            "dummy:location:POINT(-118.27 34.16)",
            "dummy:location:POINT(-122.08 37.63)",
            "dummy:location:POINT(-122.45 37.77)",
            "dummy:location:POINT(-118.28 33.96)",
            "dummy:location:POINT(-122.21 37.8)",
            "dummy:location:POINT(-118.16 33.78)",
            "dummy:location:POINT(-118.28 34.01)",
            "dummy:location:POINT(-118.41 34)",
            "dummy:location:POINT(-118.41 34.02)",
            "dummy:location:POINT(-122.28 37.85)",
            "dummy:location:POINT(-118.25 34.02)",
            "dummy:location:POINT(-118.17 33.77)",
            "dummy:location:POINT(-118.16 34.02)",
            "dummy:location:POINT(-118.29 33.98)",
            "dummy:location:POINT(-118.27 33.94)",
            "dummy:location:POINT(-117.16 32.74)",
            "dummy:location:POINT(-122.44 37.75)",
            "dummy:location:POINT(-122.49 37.75)",
            "dummy:location:POINT(-118.31 34.09)",
            "dummy:location:POINT(-117.93 33.85)",
            "dummy:location:POINT(-118.32 34.04)",
            "dummy:location:POINT(-117.97 34.05)",
            "dummy:location:POINT(-121.88 37.44)",
            "dummy:location:POINT(-118.06 33.98)",
            "dummy:location:POINT(-118.35 33.9)",
            "dummy:location:POINT(-118.32 33.91)",
            "dummy:location:POINT(-118.11 33.84)",
            "dummy:location:POINT(-117.91 33.84)",
            "dummy:location:POINT(-118.36 33.9)",
            "dummy:location:POINT(-117.24 32.8)",
            "dummy:location:POINT(-118.31 33.94)",
            "dummy:location:POINT(-118.35 33.97)",
            "dummy:location:POINT(-122.49 37.78)"
        ],
        "coefs": [
            6178.51576830947,
            60598.197008056115,
            -2281.9654394459653,
            4034.961267320657,
            3264.5472689656744,
            14934.521648903623,
            -20281.74783905936,
            33744.03347760126,
            671.1274453643792,
            -20494.666981294376,
            -1561.164851660387,
            -4414.588904075367,
            -22396.841798958383,
            -10307.760597863253,
            -7355.596670489366,
            -12813.217906631455,
            -13280.085752947849,
            -12959.072854430427,
            -22884.816124536897,
            -8367.705348346784,
            -4742.696435657939,
            24574.573187426202,
            36411.99530707158,
            -13444.707007288236,
            18881.479020497383,
            19695.88087487857,
            -13436.75950643459,
            3963.1196311889203,
            -12220.698042529877,
            1205.0414464171527,
            26268.449932493866,
            -11065.563491367919,
            29461.723332302743,
            16479.184216083377,
            -7194.297817097017,
            -32065.402508053772,
            -40420.183140406756,
            -1575.4538899946845,
            88219.08776186862,
            47886.94942424391,
            -33913.25412899239,
            -23261.290368716145,
            6092.958485540457,
            -6562.745766987847,
            5142.189139057072,
            -18678.401924622623,
            -12790.809282280301,
            -27633.87430189783,
            -11715.795078967612,
            -13975.507663334047,
            -18436.84049240009,
            -3843.6614945040697,
            61104.28175328192,
            68560.39740871901,
            6039.765489987982,
            -14892.170817790506,
            -43044.77326784432,
            -15600.774910516011,
            8858.147344571367,
            -26727.834483019873,
            45077.38621846582,
            -12957.36529935254,
            32930.881269672755,
            12979.767516211421,
            -6800.7764559279485,
            -24560.870798399348,
            -2180.3495245634754,
            -8556.23588369362,
            4126.062886342002,
            -14279.475582124782,
            -9868.384781296607,
            7934.05352369409,
            -16229.406719660868,
            -26449.666172721547,
            -4238.749094654751,
            398.4565520297236,
            -24260.393048900147,
            -8316.354158133168,
            10191.580218384071,
            -9722.817041102557,
            -11277.963286395436,
            45897.97957755701,
            -8069.69617258166,
            -14981.510890910648,
            -10344.277549883098,
            -15913.431509764716,
            -16762.459953633443,
            -7507.877914168868,
            -13118.690074607113,
            -10621.80605208978,
            -45328.29011704845,
            -6035.338025149061,
            -11423.813609116343,
            -2857.421051922134,
            15289.084312173469,
            -2796.6181744894343,
            -22680.898760318018,
            78214.24637290892,
            11845.148448435271,
            -24115.609554600826,
            -3787.4456372985646,
            60767.28549864522,
            27749.14762533077,
            -618.242996831695,
            -18192.134111666575,
            -2170.3840046517685,
            12133.030110698564,
            -48983.38322375425,
            46757.47444159386,
            20198.517803230043,
            14934.52164890354,
            -20281.747839059328,
            33744.03347760133,
            671.1274453644139,
            -20494.666981294347,
            -1561.1648516586793,
            -4414.5889040770435,
            -22396.841798983893,
            -10307.7605978631,
            -7355.596670489342,
            -12813.2179066314,
            -13280.0857529479,
            -12959.072854430133,
            -22884.81612453675,
            -8367.705348346832,
            -4742.696435658098,
            24574.573187426315,
            36411.99530707165,
            -13444.707007288242,
            18881.47902049752,
            19695.88087487835,
            -13436.759506434604,
            3963.1196311891063,
            -12220.698042530052,
            1205.0414464170362,
            26268.449932493844,
            -11065.56349136789,
            29461.723332303136,
            16479.18421608354,
            -7194.297817097105,
            -32065.402508054238,
            -40420.18314040722,
            -1575.4538899949255,
            88219.08776186829,
            47886.949424243976,
            -33913.25412899225,
            -23261.2903687161,
            6092.958485540429,
            -6562.745766987652,
            5142.189139056991,
            -18678.401924622565,
            -12790.809282280323,
            -27633.87430189814,
            -11715.795078967607,
            -13975.50766333456,
            -18436.840492399144,
            -3843.6614944979674,
            61104.28175328153,
            68560.3974087195,
            6039.765489987918,
            -14892.17081779028,
            -43044.773267844925,
            -15600.774910516142,
            8858.14734457147,
            -26727.83448301994,
            45077.38621846569,
            -12957.365299352346,
            32930.881269672835,
            12979.76751621151,
            -6800.776455927928,
            -24560.87079839976,
            -2180.3495245634626,
            -8556.235883693818,
            4126.0628863423,
            -14279.475582124851,
            -9868.384781296703,
            7934.053523694012,
            -16229.406719660916,
            -26449.666172721692,
            -4238.74909465488,
            398.45655202976195,
            -24260.39304890024,
            -8316.354158132992,
            10191.580218384179,
            -9722.81704110263,
            -11277.963286395467,
            45897.97957755735,
            -8069.696172581642,
            -14981.51089091091,
            -10344.27754988303,
            -15913.431509764867,
            -16762.45995363339,
            -7507.877914168856,
            -13118.6900745981,
            -10621.806052088108,
            -45328.290117057186,
            -6035.3380251488215,
            -11423.813609116345,
            -2857.4210519220874,
            15289.08431217356,
            -2796.6181744896494,
            -22680.89876031792,
            78214.24637291043,
            11845.148448435242,
            -24115.60955460061,
            -3787.445637298766,
            60767.28549864541,
            27749.14762533037,
            -618.2429968317001,
            -18192.134111666823,
            -2170.384004651564,
            26089.08162333583,
            -63000.20288969376,
            117474.83340839112,
            8710.00523886527,
            33161.06295854893,
            -15168.965149830132,
            -78412.78229430689,
            111173.47945508876,
            101396.51032302984,
            90461.91948984891,
            -38427.50157901419,
            67894.50387312566,
            116717.39708614284,
            111139.42618799298,
            -18666.70323363268,
            27963.47587907114,
            102911.24726707178,
            -20118.82894771301,
            47825.44927659683,
            -85517.1826179413,
            -28911.960658206353,
            -46881.75720046359,
            -60835.57022838695,
            21782.706640756634,
            9249.027338875449,
            4818.450427841491,
            -88373.1111319057,
            -15942.189394334015,
            -69616.99644375133,
            -16723.699443271125,
            53903.33961683702,
            -39793.45579650209,
            8561.092585972852,
            -55684.28535031002,
            -54439.271369377886,
            -60288.65268051335,
            53082.76408996115,
            128234.44355815223,
            -17718.1247324248,
            175227.32286461722,
            -59985.81802193614,
            61003.41221790744,
            7834.185808398359,
            -75226.40427393664,
            156059.39187619375,
            2294.7800891650695,
            154190.44872520122,
            12750.189575754046,
            153148.05464239581,
            -23483.066979118754,
            -30373.820361041366,
            -7388.1300063399585,
            -13667.454163099137,
            -58281.05385740837,
            8281.298902735834,
            73620.51736422653,
            20512.67750462243,
            7715.963793597938,
            -63336.6502033859,
            173965.68893614665,
            -20279.345935424084,
            -52171.27511602508,
            -54482.20657410001,
            20853.055434875743,
            -27299.942060730536,
            69011.40928179047,
            15739.001507596504,
            51850.67257393745,
            4392.192540806037,
            -30686.18939648383,
            121660.28815042472,
            -74748.27486125496,
            16666.251546831812,
            -22828.025727548866,
            -49247.537353758096,
            42084.71165503181,
            48153.851326324475,
            -84122.40902626462,
            -60759.79120835419,
            -17606.07160550362,
            -2164.7567450126926,
            -81640.89872941238,
            -77217.41157188396,
            121414.97166923403,
            47896.06754649941,
            -22872.621079415272,
            24893.72618096792,
            -14266.700931710717,
            -35485.67826759575,
            -30870.18081153774,
            -36722.77715311846,
            -45136.96142560911,
            -7191.611005416552,
            -51998.705060796696,
            -6847.789803503607,
            43414.82315920774,
            -26396.948801632003,
            28628.59890983053,
            -85914.55256002845,
            16051.346040615927,
            45444.97558187383
        ],
        "interceptStderr": null,
        "interceptTstat": null,
        "interceptPvalue": null,
        "interceptCoef": 207287.637600574,
        "rescaledCoefs": [
            491.74287691536057,
            31908.130110192214,
            -192.2072569975122,
            9.662790246024686,
            1.5200965774973805,
            14934.521648903623,
            -20281.74783905936,
            33744.03347760126,
            671.1274453643792,
            -20494.666981294376,
            -1561.164851660387,
            -4414.588904075367,
            -22396.841798958383,
            -10307.760597863253,
            -7355.596670489366,
            -12813.217906631455,
            -13280.085752947849,
            -12959.072854430427,
            -22884.816124536897,
            -8367.705348346784,
            -4742.696435657939,
            24574.573187426202,
            36411.99530707158,
            -13444.707007288236,
            18881.479020497383,
            19695.88087487857,
            -13436.75950643459,
            3963.1196311889203,
            -12220.698042529877,
            1205.0414464171527,
            26268.449932493866,
            -11065.563491367919,
            29461.723332302743,
            16479.184216083377,
            -7194.297817097017,
            -32065.402508053772,
            -40420.183140406756,
            -1575.4538899946845,
            88219.08776186862,
            47886.94942424391,
            -33913.25412899239,
            -23261.290368716145,
            6092.958485540457,
            -6562.745766987847,
            5142.189139057072,
            -18678.401924622623,
            -12790.809282280301,
            -27633.87430189783,
            -11715.795078967612,
            -13975.507663334047,
            -18436.84049240009,
            -3843.6614945040697,
            61104.28175328192,
            68560.39740871901,
            6039.765489987982,
            -14892.170817790506,
            -43044.77326784432,
            -15600.774910516011,
            8858.147344571367,
            -26727.834483019873,
            45077.38621846582,
            -12957.36529935254,
            32930.881269672755,
            12979.767516211421,
            -6800.7764559279485,
            -24560.870798399348,
            -2180.3495245634754,
            -8556.23588369362,
            4126.062886342002,
            -14279.475582124782,
            -9868.384781296607,
            7934.05352369409,
            -16229.406719660868,
            -26449.666172721547,
            -4238.749094654751,
            398.4565520297236,
            -24260.393048900147,
            -8316.354158133168,
            10191.580218384071,
            -9722.817041102557,
            -11277.963286395436,
            45897.97957755701,
            -8069.69617258166,
            -14981.510890910648,
            -10344.277549883098,
            -15913.431509764716,
            -16762.459953633443,
            -7507.877914168868,
            -13118.690074607113,
            -10621.80605208978,
            -45328.29011704845,
            -6035.338025149061,
            -11423.813609116343,
            -2857.421051922134,
            15289.084312173469,
            -2796.6181744894343,
            -22680.898760318018,
            78214.24637290892,
            11845.148448435271,
            -24115.609554600826,
            -3787.4456372985646,
            60767.28549864522,
            27749.14762533077,
            -618.242996831695,
            -18192.134111666575,
            -2170.3840046517685,
            12133.030110698564,
            -48983.38322375425,
            46757.47444159386,
            20198.517803230043,
            14934.52164890354,
            -20281.747839059328,
            33744.03347760133,
            671.1274453644139,
            -20494.666981294347,
            -1561.1648516586793,
            -4414.5889040770435,
            -22396.841798983893,
            -10307.7605978631,
            -7355.596670489342,
            -12813.2179066314,
            -13280.0857529479,
            -12959.072854430133,
            -22884.81612453675,
            -8367.705348346832,
            -4742.696435658098,
            24574.573187426315,
            36411.99530707165,
            -13444.707007288242,
            18881.47902049752,
            19695.88087487835,
            -13436.759506434604,
            3963.1196311891063,
            -12220.698042530052,
            1205.0414464170362,
            26268.449932493844,
            -11065.56349136789,
            29461.723332303136,
            16479.18421608354,
            -7194.297817097105,
            -32065.402508054238,
            -40420.18314040722,
            -1575.4538899949255,
            88219.08776186829,
            47886.949424243976,
            -33913.25412899225,
            -23261.2903687161,
            6092.958485540429,
            -6562.745766987652,
            5142.189139056991,
            -18678.401924622565,
            -12790.809282280323,
            -27633.87430189814,
            -11715.795078967607,
            -13975.50766333456,
            -18436.840492399144,
            -3843.6614944979674,
            61104.28175328153,
            68560.3974087195,
            6039.765489987918,
            -14892.17081779028,
            -43044.773267844925,
            -15600.774910516142,
            8858.14734457147,
            -26727.83448301994,
            45077.38621846569,
            -12957.365299352346,
            32930.881269672835,
            12979.76751621151,
            -6800.776455927928,
            -24560.87079839976,
            -2180.3495245634626,
            -8556.235883693818,
            4126.0628863423,
            -14279.475582124851,
            -9868.384781296703,
            7934.053523694012,
            -16229.406719660916,
            -26449.666172721692,
            -4238.74909465488,
            398.45655202976195,
            -24260.39304890024,
            -8316.354158132992,
            10191.580218384179,
            -9722.81704110263,
            -11277.963286395467,
            45897.97957755735,
            -8069.696172581642,
            -14981.51089091091,
            -10344.27754988303,
            -15913.431509764867,
            -16762.45995363339,
            -7507.877914168856,
            -13118.6900745981,
            -10621.806052088108,
            -45328.290117057186,
            -6035.3380251488215,
            -11423.813609116345,
            -2857.4210519220874,
            15289.08431217356,
            -2796.6181744896494,
            -22680.89876031792,
            78214.24637291043,
            11845.148448435242,
            -24115.60955460061,
            -3787.445637298766,
            60767.28549864541,
            27749.14762533037,
            -618.2429968317001,
            -18192.134111666823,
            -2170.384004651564,
            26089.08162333583,
            -63000.20288969376,
            117474.83340839112,
            8710.00523886527,
            33161.06295854893,
            -15168.965149830132,
            -78412.78229430689,
            111173.47945508876,
            101396.51032302984,
            90461.91948984891,
            -38427.50157901419,
            67894.50387312566,
            116717.39708614284,
            111139.42618799298,
            -18666.70323363268,
            27963.47587907114,
            102911.24726707178,
            -20118.82894771301,
            47825.44927659683,
            -85517.1826179413,
            -28911.960658206353,
            -46881.75720046359,
            -60835.57022838695,
            21782.706640756634,
            9249.027338875449,
            4818.450427841491,
            -88373.1111319057,
            -15942.189394334015,
            -69616.99644375133,
            -16723.699443271125,
            53903.33961683702,
            -39793.45579650209,
            8561.092585972852,
            -55684.28535031002,
            -54439.271369377886,
            -60288.65268051335,
            53082.76408996115,
            128234.44355815223,
            -17718.1247324248,
            175227.32286461722,
            -59985.81802193614,
            61003.41221790744,
            7834.185808398359,
            -75226.40427393664,
            156059.39187619375,
            2294.7800891650695,
            154190.44872520122,
            12750.189575754046,
            153148.05464239581,
            -23483.066979118754,
            -30373.820361041366,
            -7388.1300063399585,
            -13667.454163099137,
            -58281.05385740837,
            8281.298902735834,
            73620.51736422653,
            20512.67750462243,
            7715.963793597938,
            -63336.6502033859,
            173965.68893614665,
            -20279.345935424084,
            -52171.27511602508,
            -54482.20657410001,
            20853.055434875743,
            -27299.942060730536,
            69011.40928179047,
            15739.001507596504,
            51850.67257393745,
            4392.192540806037,
            -30686.18939648383,
            121660.28815042472,
            -74748.27486125496,
            16666.251546831812,
            -22828.025727548866,
            -49247.537353758096,
            42084.71165503181,
            48153.851326324475,
            -84122.40902626462,
            -60759.79120835419,
            -17606.07160550362,
            -2164.7567450126926,
            -81640.89872941238,
            -77217.41157188396,
            121414.97166923403,
            47896.06754649941,
            -22872.621079415272,
            24893.72618096792,
            -14266.700931710717,
            -35485.67826759575,
            -30870.18081153774,
            -36722.77715311846,
            -45136.96142560911,
            -7191.611005416552,
            -51998.705060796696,
            -6847.789803503607,
            43414.82315920774,
            -26396.948801632003,
            28628.59890983053,
            -85914.55256002845,
            16051.346040615927,
            45444.97558187383
        ],
        "rescaledInterceptCoef": 61535.363781967964
    }
}