{
    "metrics": {
        "evs": 0.6790712543277293,
        "mape": 0.26812622111067297,
        "mae": 47042.729228643,
        "mse": 4342546106.2913685,
        "rmse": 65897.99774114057,
        "rmsle": 0.32905961227002656,
        "r2": 0.6790437464022828,
        "pearson": 0.8250794850209099,
        "customMetricsResults": []
    },
    "processed_feature_names": [
        "housing_median_age",
        "median_income",
        "family_size",
        "total_bedrooms",
        "total_rooms",
        "dummy:city:Los Angeles",
        "dummy:city:San Diego",
        "dummy:city:San Francisco",
        "dummy:city:San Jose",
        "dummy:city:Oakland",
        "dummy:city:Long Beach",
        "dummy:city:Sacramento",
        "dummy:city:Fresno",
        "dummy:city:Stockton",
        "dummy:city:Anaheim",
        "dummy:city:San Bernardino",
        "dummy:city:Santa Ana",
        "dummy:city:Riverside",
        "dummy:city:Bakersfield",
        "dummy:city:Fullerton",
        "dummy:city:Modesto",
        "dummy:city:Glendale",
        "dummy:city:Torrance",
        "dummy:city:Garden Grove",
        "dummy:city:Berkeley",
        "dummy:city:Pasadena",
        "dummy:city:Concord",
        "dummy:city:Irvine",
        "dummy:city:Hayward",
        "dummy:city:Downey",
        "dummy:city:Sunnyvale",
        "dummy:city:Santa Rosa",
        "dummy:city:San Mateo",
        "dummy:city:Burbank",
        "dummy:city:Fremont",
        "dummy:city:Richmond",
        "dummy:city:Chula Vista",
        "dummy:city:Ontario",
        "dummy:city:Santa Monica",
        "dummy:city:Santa Barbara",
        "dummy:city:Compton",
        "dummy:city:Oceanside",
        "dummy:city:Thousand Oaks",
        "dummy:city:Pomona",
        "dummy:city:Costa Mesa",
        "dummy:city:San Leandro",
        "dummy:city:Ventura",
        "dummy:city:Norwalk",
        "dummy:city:Inglewood",
        "dummy:city:Simi Valley",
        "dummy:city:Visalia",
        "dummy:city:Orange",
        "dummy:city:Palo Alto",
        "dummy:city:Newport Beach",
        "dummy:city:Alameda",
        "dummy:city:Oxnard",
        "dummy:city:Vallejo",
        "dummy:city:South Gate",
        "dummy:city:Santa Clara",
        "dummy:city:Carson",
        "dummy:city:Redondo Beach",
        "dummy:city:Lakewood",
        "dummy:city:Mountain View",
        "dummy:city:Upland",
        "dummy:city:Whittier",
        "dummy:city:Clovis",
        "dummy:city:Hawthorne",
        "dummy:city:Redding",
        "dummy:city:Santa Cruz",
        "dummy:city:Pico Rivera",
        "dummy:city:Lancaster",
        "dummy:city:Alhambra",
        "dummy:city:Napa",
        "dummy:city:El Cajon",
        "dummy:city:Vacaville",
        "dummy:city:Gardena",
        "dummy:city:Santa Maria",
        "dummy:city:Westminster",
        "dummy:city:Monterey Park",
        "dummy:city:Redlands",
        "dummy:city:Mission Viejo",
        "dummy:city:Culver City",
        "dummy:city:Fontana",
        "dummy:city:Fairfield",
        "dummy:city:Antioch",
        "dummy:city:Vista",
        "dummy:city:Buena Park",
        "dummy:city:Lodi",
        "dummy:city:Rialto",
        "dummy:city:Bellflower",
        "dummy:city:National City",
        "dummy:city:Fountain Valley",
        "dummy:city:La Habra",
        "dummy:city:Walnut Creek",
        "dummy:city:Glendora",
        "dummy:city:Daly City",
        "dummy:city:Escondido",
        "dummy:city:Manhattan Beach",
        "dummy:city:Lawndale",
        "dummy:city:Lynwood",
        "dummy:city:Carlsbad",
        "dummy:city:Los Altos",
        "dummy:city:Redwood City",
        "dummy:city:Encinitas",
        "dummy:city:Salinas",
        "dummy:city:N/A",
        "dummy:ocean_proximity:<1H OCEAN",
        "dummy:ocean_proximity:INLAND",
        "dummy:ocean_proximity:NEAR OCEAN",
        "dummy:ocean_proximity:NEAR BAY",
        "dummy:ocean_proximity:N/A",
        "dummy:city_enName:Los Angeles",
        "dummy:city_enName:San Diego",
        "dummy:city_enName:San Francisco",
        "dummy:city_enName:San Jose",
        "dummy:city_enName:Oakland",
        "dummy:city_enName:Long Beach",
        "dummy:city_enName:Sacramento",
        "dummy:city_enName:Fresno",
        "dummy:city_enName:Stockton",
        "dummy:city_enName:Anaheim",
        "dummy:city_enName:San Bernardino",
        "dummy:city_enName:Santa Ana",
        "dummy:city_enName:Riverside",
        "dummy:city_enName:Bakersfield",
        "dummy:city_enName:Fullerton",
        "dummy:city_enName:Modesto",
        "dummy:city_enName:Glendale",
        "dummy:city_enName:Torrance",
        "dummy:city_enName:Garden Grove",
        "dummy:city_enName:Berkeley",
        "dummy:city_enName:Pasadena",
        "dummy:city_enName:Concord",
        "dummy:city_enName:Irvine",
        "dummy:city_enName:Hayward",
        "dummy:city_enName:Downey",
        "dummy:city_enName:Sunnyvale",
        "dummy:city_enName:Santa Rosa",
        "dummy:city_enName:San Mateo",
        "dummy:city_enName:Burbank",
        "dummy:city_enName:Fremont",
        "dummy:city_enName:Richmond",
        "dummy:city_enName:Chula Vista",
        "dummy:city_enName:Ontario",
        "dummy:city_enName:Santa Monica",
        "dummy:city_enName:Santa Barbara",
        "dummy:city_enName:Compton",
        "dummy:city_enName:Oceanside",
        "dummy:city_enName:Thousand Oaks",
        "dummy:city_enName:Pomona",
        "dummy:city_enName:Costa Mesa",
        "dummy:city_enName:San Leandro",
        "dummy:city_enName:Ventura",
        "dummy:city_enName:Norwalk",
        "dummy:city_enName:Inglewood",
        "dummy:city_enName:Simi Valley",
        "dummy:city_enName:Visalia",
        "dummy:city_enName:Orange",
        "dummy:city_enName:Palo Alto",
        "dummy:city_enName:Newport Beach",
        "dummy:city_enName:Alameda",
        "dummy:city_enName:Oxnard",
        "dummy:city_enName:Vallejo",
        "dummy:city_enName:South Gate",
        "dummy:city_enName:Santa Clara",
        "dummy:city_enName:Carson",
        "dummy:city_enName:Redondo Beach",
        "dummy:city_enName:Lakewood",
        "dummy:city_enName:Mountain View",
        "dummy:city_enName:Upland",
        "dummy:city_enName:Whittier",
        "dummy:city_enName:Clovis",
        "dummy:city_enName:Hawthorne",
        "dummy:city_enName:Redding",
        "dummy:city_enName:Santa Cruz",
        "dummy:city_enName:Pico Rivera",
        "dummy:city_enName:Lancaster",
        "dummy:city_enName:Alhambra",
        "dummy:city_enName:Napa",
        "dummy:city_enName:El Cajon",
        "dummy:city_enName:Vacaville",
        "dummy:city_enName:Gardena",
        "dummy:city_enName:Santa Maria",
        "dummy:city_enName:Westminster",
        "dummy:city_enName:Monterey Park",
        "dummy:city_enName:Redlands",
        "dummy:city_enName:Mission Viejo",
        "dummy:city_enName:Culver City",
        "dummy:city_enName:Fontana",
        "dummy:city_enName:Fairfield",
        "dummy:city_enName:Antioch",
        "dummy:city_enName:Vista",
        "dummy:city_enName:Buena Park",
        "dummy:city_enName:Lodi",
        "dummy:city_enName:Rialto",
        "dummy:city_enName:Bellflower",
        "dummy:city_enName:National City",
        "dummy:city_enName:Fountain Valley",
        "dummy:city_enName:La Habra",
        "dummy:city_enName:Walnut Creek",
        "dummy:city_enName:Glendora",
        "dummy:city_enName:Daly City",
        "dummy:city_enName:Escondido",
        "dummy:city_enName:Manhattan Beach",
        "dummy:city_enName:Lawndale",
        "dummy:city_enName:Lynwood",
        "dummy:city_enName:Carlsbad",
        "dummy:city_enName:Los Altos",
        "dummy:city_enName:Redwood City",
        "dummy:city_enName:Encinitas",
        "dummy:city_enName:Salinas",
        "dummy:city_enName:N/A",
        "dummy:location:POINT(-122.42 37.75)",
        "dummy:location:POINT(-118.26 34.02)",
        "dummy:location:POINT(-122.42 37.8)",
        "dummy:location:POINT(-118.29 34.09)",
        "dummy:location:POINT(-122.42 37.76)",
        "dummy:location:POINT(-118.26 34.07)",
        "dummy:location:POINT(-118.28 33.99)",
        "dummy:location:POINT(-118.47 33.99)",
        "dummy:location:POINT(-122.41 37.8)",
        "dummy:location:POINT(-122.46 37.78)",
        "dummy:location:POINT(-118.19 34.05)",
        "dummy:location:POINT(-122.44 37.78)",
        "dummy:location:POINT(-118.31 34.05)",
        "dummy:location:POINT(-118.36 34.09)",
        "dummy:location:POINT(-118.19 33.78)",
        "dummy:location:POINT(-122.49 37.76)",
        "dummy:location:POINT(-122.47 37.78)",
        "dummy:location:POINT(-118.27 34.07)",
        "dummy:location:POINT(-122.47 37.76)",
        "dummy:location:POINT(-118.28 33.93)",
        "dummy:location:POINT(-122.41 37.75)",
        "dummy:location:POINT(-118.35 34.04)",
        "dummy:location:POINT(-118.36 34.03)",
        "dummy:location:POINT(-118.32 34.09)",
        "dummy:location:POINT(-122.28 37.81)",
        "dummy:location:POINT(-118.37 34.16)",
        "dummy:location:POINT(-118.32 33.98)",
        "dummy:location:POINT(-117.14 32.75)",
        "dummy:location:POINT(-118.31 34.02)",
        "dummy:location:POINT(-122.42 37.74)",
        "dummy:location:POINT(-122.41 37.79)",
        "dummy:location:POINT(-122.43 37.73)",
        "dummy:location:POINT(-122.24 37.8)",
        "dummy:location:POINT(-118.2 34.05)",
        "dummy:location:POINT(-122.27 37.85)",
        "dummy:location:POINT(-118.19 34.12)",
        "dummy:location:POINT(-122.26 37.77)",
        "dummy:location:POINT(-122.44 37.79)",
        "dummy:location:POINT(-122.21 37.78)",
        "dummy:location:POINT(-122.44 37.8)",
        "dummy:location:POINT(-118.29 34.04)",
        "dummy:location:POINT(-122.24 37.81)",
        "dummy:location:POINT(-118.24 34.14)",
        "dummy:location:POINT(-118.23 33.91)",
        "dummy:location:POINT(-118.37 34.09)",
        "dummy:location:POINT(-122.42 37.78)",
        "dummy:location:POINT(-118.37 34.07)",
        "dummy:location:POINT(-118.39 33.88)",
        "dummy:location:POINT(-122.43 37.79)",
        "dummy:location:POINT(-117.13 32.75)",
        "dummy:location:POINT(-122.24 37.79)",
        "dummy:location:POINT(-122.29 37.81)",
        "dummy:location:POINT(-118.14 33.86)",
        "dummy:location:POINT(-118.3 34.02)",
        "dummy:location:POINT(-118.22 33.9)",
        "dummy:location:POINT(-118.3 34.06)",
        "dummy:location:POINT(-122.47 37.75)",
        "dummy:location:POINT(-118.22 33.98)",
        "dummy:location:POINT(-117.13 32.7)",
        "dummy:location:POINT(-118.4 33.87)",
        "dummy:location:POINT(-122.23 37.79)",
        "dummy:location:POINT(-118.21 34.04)",
        "dummy:location:POINT(-118.2 33.77)",
        "dummy:location:POINT(-122.43 37.78)",
        "dummy:location:POINT(-118.26 34.08)",
        "dummy:location:POINT(-122.43 37.77)",
        "dummy:location:POINT(-118.27 34.06)",
        "dummy:location:POINT(-122.43 37.75)",
        "dummy:location:POINT(-118.27 34.16)",
        "dummy:location:POINT(-122.08 37.63)",
        "dummy:location:POINT(-122.45 37.77)",
        "dummy:location:POINT(-118.28 33.96)",
        "dummy:location:POINT(-122.21 37.8)",
        "dummy:location:POINT(-118.16 33.78)",
        "dummy:location:POINT(-118.28 34.01)",
        "dummy:location:POINT(-118.41 34)",
        "dummy:location:POINT(-118.41 34.02)",
        "dummy:location:POINT(-122.28 37.85)",
        "dummy:location:POINT(-118.25 34.02)",
        "dummy:location:POINT(-118.17 33.77)",
        "dummy:location:POINT(-118.16 34.02)",
        "dummy:location:POINT(-118.29 33.98)",
        "dummy:location:POINT(-118.27 33.94)",
        "dummy:location:POINT(-117.16 32.74)",
        "dummy:location:POINT(-122.44 37.75)",
        "dummy:location:POINT(-122.49 37.75)",
        "dummy:location:POINT(-118.31 34.09)",
        "dummy:location:POINT(-117.93 33.85)",
        "dummy:location:POINT(-118.32 34.04)",
        "dummy:location:POINT(-117.97 34.05)",
        "dummy:location:POINT(-121.88 37.44)",
        "dummy:location:POINT(-118.06 33.98)",
        "dummy:location:POINT(-118.35 33.9)",
        "dummy:location:POINT(-118.32 33.91)",
        "dummy:location:POINT(-118.11 33.84)",
        "dummy:location:POINT(-117.91 33.84)",
        "dummy:location:POINT(-118.36 33.9)",
        "dummy:location:POINT(-117.24 32.8)",
        "dummy:location:POINT(-118.31 33.94)",
        "dummy:location:POINT(-118.35 33.97)",
        "dummy:location:POINT(-122.49 37.78)",
        "dummy:location:N/A"
    ],
    "regression_performance": {
        "error_distribution": [
            {
                "bin_id": 0,
                "bin_min": -108445.27792079769,
                "bin_max": -78570.04583196892,
                "count": 223
            },
            {
                "bin_id": 1,
                "bin_min": -78570.04583196892,
                "bin_max": -48990.60812025725,
                "count": 370
            },
            {
                "bin_id": 2,
                "bin_min": -48990.60812025725,
                "bin_max": -19411.170408545586,
                "count": 783
            },
            {
                "bin_id": 3,
                "bin_min": -19411.170408545586,
                "bin_max": 10168.267303166067,
                "count": 809
            },
            {
                "bin_id": 4,
                "bin_min": 10168.267303166067,
                "bin_max": 39747.70501487772,
                "count": 501
            },
            {
                "bin_id": 5,
                "bin_min": 39747.70501487772,
                "bin_max": 69327.1427265894,
                "count": 243
            },
            {
                "bin_id": 6,
                "bin_min": 69327.1427265894,
                "bin_max": 98906.58043830105,
                "count": 152
            },
            {
                "bin_id": 7,
                "bin_min": 98906.58043830105,
                "bin_max": 128486.01815001271,
                "count": 90
            },
            {
                "bin_id": 8,
                "bin_min": 128486.01815001271,
                "bin_max": 158065.4558617244,
                "count": 54
            },
            {
                "bin_id": 9,
                "bin_min": 158065.4558617244,
                "bin_max": 187644.89357343598,
                "count": 112
            }
        ],
        "raw_min_error": -285135.11623926926,
        "min_error": -108149.48354368057,
        "p25_error": -38802.47856790462,
        "median_error": -9020.612021363297,
        "average_error": 141.71345239923127,
        "std_error": 61204.824071931005,
        "p75_error": 25344.750065205968,
        "p90_error": 82225.99010672551,
        "max_error": 187644.89357343598,
        "raw_max_error": 418295.7913183309
    },
    "scatterPlotData": {
        "x": [
            48500.0,
            122000.0,
            300000.0,
            142200.0,
            108300.0,
            239400.0,
            43700.0,
            169200.0,
            52100.0,
            119500.0,
            161700.0,
            227500.0,
            88300.0,
            433800.0,
            211900.0,
            54200.0,
            166900.0,
            168800.0,
            251800.0,
            461200.0,
            87500.0,
            209500.0,
            237700.0,
            500001.0,
            173900.0,
            138100.0,
            151400.0,
            379800.0,
            137500.0,
            174100.0,
            148500.0,
            88300.0,
            177500.0,
            86100.0,
            83600.0,
            99400.0,
            76100.0,
            217900.0,
            234600.0,
            220800.0,
            222900.0,
            63400.0,
            52100.0,
            368400.0,
            71900.0,
            126600.0,
            77100.0,
            144100.0,
            110800.0,
            469900.0,
            289100.0,
            101600.0,
            91900.0,
            86200.0,
            257600.0,
            205900.0,
            369100.0,
            131500.0,
            233300.0,
            435100.0,
            243800.0,
            141700.0,
            185600.0,
            500001.0,
            282100.0,
            180000.0,
            77800.0,
            371600.0,
            73000.0,
            94900.0,
            290900.0,
            373400.0,
            110900.0,
            120600.0,
            101100.0,
            296300.0,
            143300.0,
            180700.0,
            258800.0,
            91100.0,
            500001.0,
            205100.0,
            109700.0,
            273000.0,
            100000.0,
            187500.0,
            158000.0,
            287600.0,
            121500.0,
            192200.0,
            236800.0,
            361600.0,
            147200.0,
            131800.0,
            149600.0,
            170500.0,
            130800.0,
            74100.0,
            103100.0,
            90000.0,
            247600.0,
            339200.0,
            247700.0,
            48300.0,
            273400.0,
            500001.0,
            109400.0,
            169000.0,
            206300.0,
            387700.0,
            238800.0,
            70500.0,
            340000.0,
            145200.0,
            344800.0,
            70000.0,
            95000.0,
            137500.0,
            223200.0,
            425000.0,
            91100.0,
            157500.0,
            172500.0,
            416700.0,
            98800.0,
            96700.0,
            150800.0,
            105400.0,
            156800.0,
            209400.0,
            90600.0,
            136300.0,
            164500.0,
            130900.0,
            177400.0,
            146900.0,
            90800.0,
            295200.0,
            50400.0,
            87500.0,
            123800.0,
            161300.0,
            63300.0,
            72000.0,
            109900.0,
            325000.0,
            500001.0,
            113900.0,
            188300.0,
            155300.0,
            213100.0,
            179800.0,
            99500.0,
            371500.0,
            85500.0,
            94200.0,
            271500.0,
            113200.0,
            500001.0,
            450700.0,
            275000.0,
            344700.0,
            411900.0,
            67500.0,
            73200.0,
            79200.0,
            210900.0,
            500001.0,
            161000.0,
            70000.0,
            102700.0,
            356100.0,
            110700.0,
            157200.0,
            92300.0,
            306700.0,
            153000.0,
            201400.0,
            198100.0,
            387200.0,
            83300.0,
            150000.0,
            134700.0,
            281300.0,
            336700.0,
            165000.0,
            128300.0,
            131300.0,
            279500.0,
            89900.0,
            200000.0,
            139700.0,
            106900.0,
            196300.0,
            240900.0,
            141600.0,
            213900.0,
            229500.0,
            213400.0,
            122700.0,
            500001.0,
            81900.0,
            50800.0,
            163100.0,
            57900.0,
            478600.0,
            372200.0,
            224600.0,
            85700.0,
            89400.0,
            78800.0,
            143800.0,
            228200.0,
            104200.0,
            246900.0,
            374300.0,
            127500.0,
            208300.0,
            229100.0,
            212200.0,
            230800.0,
            283100.0,
            500001.0,
            99100.0,
            321100.0,
            191700.0,
            500000.0,
            97800.0,
            153300.0,
            200000.0,
            81100.0,
            59400.0,
            129700.0,
            156400.0,
            272000.0,
            306700.0,
            500001.0,
            72000.0,
            52900.0,
            64500.0,
            180500.0,
            127900.0,
            284800.0,
            190500.0,
            389800.0,
            212800.0,
            134400.0,
            152800.0,
            166300.0,
            354500.0,
            500001.0,
            172700.0,
            209200.0,
            100000.0,
            137600.0,
            183300.0,
            157200.0,
            136800.0,
            145200.0,
            92600.0,
            94300.0,
            92800.0,
            288500.0,
            58800.0,
            170700.0,
            224200.0,
            271300.0,
            112400.0,
            99300.0,
            162500.0,
            109700.0,
            93800.0,
            500001.0,
            191300.0,
            500001.0,
            71000.0,
            87200.0,
            57800.0,
            351300.0,
            138800.0,
            146500.0,
            136800.0,
            169100.0,
            261400.0,
            325000.0,
            415600.0,
            154200.0,
            62500.0,
            123800.0,
            210000.0,
            108900.0,
            218600.0,
            291100.0,
            152500.0,
            148400.0,
            142900.0,
            154000.0,
            164400.0,
            111600.0,
            269500.0,
            365700.0,
            158200.0,
            240800.0,
            54200.0,
            59100.0,
            121500.0,
            261300.0,
            220000.0,
            147200.0,
            165000.0,
            405100.0,
            225000.0,
            206300.0,
            179800.0,
            191100.0,
            134600.0,
            135000.0,
            208100.0,
            245100.0,
            336900.0,
            137500.0,
            210700.0,
            225800.0,
            226400.0,
            223100.0,
            500001.0,
            93800.0,
            165500.0,
            158600.0,
            119700.0,
            350000.0,
            54900.0,
            282000.0,
            229200.0,
            266900.0,
            74900.0,
            167500.0,
            214600.0,
            173200.0,
            142900.0,
            500001.0,
            371000.0,
            77300.0,
            196100.0,
            247600.0,
            251200.0,
            240000.0,
            500001.0,
            45800.0,
            150000.0,
            48800.0,
            285400.0,
            248900.0,
            143800.0,
            80600.0,
            98000.0,
            231700.0,
            345300.0,
            87500.0,
            76200.0,
            196700.0,
            157300.0,
            434500.0,
            158600.0,
            140600.0,
            200900.0,
            74000.0,
            156700.0,
            75400.0,
            352100.0,
            207500.0,
            223500.0,
            128800.0,
            276800.0,
            91700.0,
            142600.0,
            231600.0,
            55000.0,
            186100.0,
            254500.0,
            72200.0,
            269800.0,
            146900.0,
            141100.0,
            224100.0,
            220000.0,
            164100.0,
            323000.0,
            359900.0,
            119400.0,
            94500.0,
            156900.0,
            55000.0,
            208000.0,
            112500.0,
            221200.0,
            239600.0,
            84100.0,
            500001.0,
            133100.0,
            125000.0,
            399700.0,
            161100.0,
            127600.0,
            171400.0,
            341700.0,
            47800.0,
            140300.0,
            71900.0,
            295900.0,
            70700.0,
            233200.0,
            207700.0,
            315200.0,
            145800.0,
            396400.0,
            128900.0,
            216800.0,
            195700.0,
            113700.0,
            188500.0,
            363300.0,
            68000.0,
            169500.0,
            136600.0,
            293200.0,
            411800.0,
            264700.0,
            386200.0,
            113300.0,
            105000.0,
            45500.0,
            500001.0,
            137500.0,
            370200.0,
            111100.0,
            353900.0,
            126700.0,
            60000.0,
            99100.0,
            350000.0,
            338400.0,
            139300.0,
            500001.0,
            44000.0,
            410300.0,
            223900.0,
            230000.0,
            382400.0,
            284900.0,
            262500.0,
            180700.0,
            230000.0,
            219000.0,
            92200.0,
            111500.0,
            162400.0,
            223400.0,
            434800.0,
            353600.0,
            125000.0,
            142600.0,
            115200.0,
            92700.0,
            233000.0,
            110900.0,
            184600.0,
            108900.0,
            150800.0,
            133900.0,
            170300.0,
            230600.0,
            182100.0,
            251100.0,
            110400.0,
            500001.0,
            188200.0,
            75200.0,
            174000.0,
            369100.0,
            270000.0,
            481300.0,
            151900.0,
            47700.0,
            237200.0,
            208000.0,
            179400.0,
            275000.0,
            79200.0,
            95700.0,
            254100.0,
            400000.0,
            177000.0,
            156800.0,
            106300.0,
            200000.0,
            153400.0,
            87500.0,
            116700.0,
            175000.0,
            331000.0,
            220000.0,
            275000.0,
            72900.0,
            242600.0,
            109400.0,
            85300.0,
            162500.0,
            146600.0,
            102100.0,
            265400.0,
            304000.0,
            204800.0,
            240500.0,
            192400.0,
            114200.0,
            164600.0,
            208300.0,
            142300.0,
            112500.0,
            134000.0,
            175000.0,
            170200.0,
            136600.0,
            91400.0,
            139700.0,
            371100.0,
            198400.0,
            500001.0,
            232400.0,
            126800.0,
            150000.0,
            223300.0,
            55100.0,
            84700.0,
            206300.0,
            500001.0,
            387100.0,
            290500.0,
            246400.0,
            254200.0,
            222800.0,
            209900.0,
            143300.0,
            150500.0,
            176400.0,
            215400.0,
            143200.0,
            85000.0,
            61000.0,
            65000.0,
            196400.0,
            145000.0,
            75000.0,
            97700.0,
            177100.0,
            96700.0,
            95800.0,
            158900.0,
            500001.0,
            181100.0,
            83700.0,
            87500.0,
            188800.0,
            236200.0,
            290900.0,
            222800.0,
            175900.0,
            155200.0,
            305300.0,
            55000.0,
            184800.0,
            264700.0,
            49300.0,
            312500.0,
            73100.0,
            384200.0,
            90900.0,
            500001.0,
            156700.0,
            69000.0,
            65900.0,
            113600.0,
            500001.0,
            131300.0,
            136300.0,
            500001.0,
            330900.0,
            306800.0,
            500001.0,
            265000.0,
            199800.0,
            340800.0,
            171600.0,
            211300.0,
            141300.0,
            162100.0,
            276100.0,
            235100.0,
            239900.0,
            356500.0,
            141500.0,
            58900.0,
            500001.0,
            359000.0,
            238700.0,
            162500.0,
            239900.0,
            178800.0,
            97800.0,
            216700.0,
            94700.0,
            182100.0,
            500001.0,
            329500.0,
            72700.0,
            367400.0,
            264800.0,
            173100.0,
            106300.0,
            109800.0,
            329500.0,
            277200.0,
            153900.0,
            198600.0,
            198400.0,
            159500.0,
            142400.0,
            336800.0,
            93000.0,
            196300.0,
            280400.0,
            219000.0,
            228700.0,
            185100.0,
            366200.0,
            153200.0,
            385700.0,
            128700.0,
            475000.0,
            270600.0,
            120700.0,
            160300.0,
            232000.0,
            94000.0,
            356300.0,
            298400.0,
            109400.0,
            251300.0,
            223600.0,
            335300.0,
            95800.0,
            104600.0,
            475000.0,
            500001.0,
            187200.0,
            199000.0,
            500001.0,
            39600.0,
            224200.0,
            113400.0,
            237600.0,
            84700.0,
            149500.0,
            57900.0,
            199600.0,
            235300.0,
            387800.0,
            223900.0,
            500001.0,
            439300.0,
            345000.0,
            151900.0,
            92400.0,
            500001.0,
            350400.0,
            330000.0,
            41400.0,
            353100.0,
            53300.0,
            190600.0,
            51600.0,
            126000.0,
            284100.0,
            55000.0,
            88100.0,
            192000.0,
            229300.0,
            335400.0,
            280800.0,
            245600.0,
            432100.0,
            192100.0,
            276000.0,
            281900.0,
            396400.0,
            96000.0,
            103100.0,
            203400.0,
            275000.0,
            135700.0,
            186600.0,
            428600.0,
            118800.0,
            465800.0,
            359300.0,
            120400.0,
            55000.0,
            73000.0,
            263300.0,
            194100.0,
            62000.0,
            184800.0,
            204500.0,
            163100.0,
            266700.0,
            76200.0,
            313400.0,
            230000.0,
            357400.0,
            260900.0,
            93100.0,
            486400.0,
            287200.0,
            225400.0,
            287700.0,
            374500.0,
            337200.0,
            51700.0,
            254400.0,
            261300.0,
            290500.0,
            227900.0,
            142300.0,
            58800.0,
            161700.0,
            125000.0,
            500001.0,
            193800.0,
            162500.0,
            154700.0,
            146500.0,
            203700.0,
            200000.0,
            107900.0,
            189800.0,
            97900.0,
            162500.0,
            72500.0,
            52400.0,
            208100.0,
            102200.0,
            162700.0,
            350000.0,
            230900.0,
            218200.0,
            141700.0,
            400000.0,
            112500.0,
            141600.0,
            129100.0,
            67500.0,
            63200.0,
            481500.0,
            218800.0,
            156000.0,
            372400.0,
            187500.0,
            92800.0,
            165100.0,
            164800.0,
            256300.0,
            254900.0,
            500001.0,
            210000.0,
            185400.0,
            439800.0,
            460000.0,
            267900.0,
            293100.0,
            222400.0,
            135600.0,
            83900.0,
            140100.0,
            368500.0,
            301300.0,
            159800.0,
            105700.0,
            105800.0,
            147200.0,
            158300.0,
            272200.0,
            125600.0,
            79900.0,
            225400.0,
            117500.0,
            118500.0,
            207000.0,
            204600.0,
            94900.0,
            274000.0,
            247100.0,
            84500.0,
            95000.0,
            155500.0,
            100000.0,
            50000.0,
            116700.0,
            90100.0,
            330000.0,
            83200.0,
            166300.0,
            161300.0,
            178500.0,
            239300.0,
            90200.0,
            391900.0,
            366100.0,
            257900.0,
            147100.0,
            166700.0,
            219400.0,
            158300.0,
            245600.0,
            389200.0,
            119900.0,
            376100.0,
            112500.0,
            460200.0,
            154600.0,
            109400.0,
            133500.0,
            176800.0,
            450000.0,
            168600.0,
            189600.0,
            152200.0,
            299400.0,
            130500.0,
            162500.0,
            231100.0,
            66500.0,
            316400.0,
            228700.0,
            500001.0,
            134400.0,
            67500.0,
            89600.0,
            155000.0,
            38800.0,
            187500.0,
            184200.0,
            52100.0,
            360900.0,
            45000.0,
            59400.0,
            118800.0,
            206700.0,
            418400.0,
            112100.0,
            500001.0,
            114300.0,
            65900.0,
            296800.0,
            123800.0,
            321600.0,
            137500.0,
            236100.0,
            174600.0,
            111700.0,
            175500.0,
            63700.0,
            500001.0,
            171300.0,
            181900.0,
            241900.0,
            191900.0,
            166300.0,
            142100.0,
            321400.0,
            118800.0,
            348200.0,
            225000.0,
            160600.0,
            96100.0,
            95600.0,
            140200.0,
            123100.0,
            154400.0,
            246300.0,
            92400.0,
            150800.0,
            174000.0,
            97300.0,
            100000.0,
            65900.0,
            414700.0,
            311400.0,
            153700.0,
            381900.0,
            222400.0,
            207300.0,
            177400.0,
            190800.0,
            159400.0,
            325900.0,
            180700.0,
            349500.0,
            306500.0,
            121900.0,
            81800.0,
            234800.0,
            205300.0,
            325400.0,
            341800.0,
            250000.0,
            100000.0,
            247800.0,
            267500.0,
            212600.0,
            148600.0,
            66400.0,
            353700.0,
            400000.0,
            234700.0,
            160000.0,
            254600.0,
            211900.0,
            264400.0,
            92400.0,
            284900.0,
            160700.0,
            114400.0,
            250000.0,
            333300.0,
            193200.0,
            133000.0,
            192700.0,
            500001.0,
            182100.0,
            436100.0,
            137500.0,
            275000.0,
            57500.0,
            272600.0,
            500001.0,
            162100.0,
            226100.0,
            365500.0,
            176500.0,
            366700.0,
            322000.0,
            169400.0,
            137500.0,
            113100.0,
            255900.0,
            75500.0,
            318600.0,
            231300.0,
            364300.0,
            179100.0,
            400000.0,
            88400.0,
            456900.0,
            339600.0,
            219100.0,
            326100.0,
            243800.0,
            155700.0,
            94600.0,
            80000.0,
            174500.0,
            171800.0,
            281000.0,
            288900.0,
            119600.0,
            350000.0,
            333300.0,
            61500.0,
            108300.0,
            258300.0,
            271500.0,
            281300.0,
            265800.0,
            86500.0,
            92500.0,
            500001.0,
            285300.0,
            200000.0,
            184700.0,
            414000.0,
            348100.0,
            171000.0,
            110200.0,
            47700.0,
            167700.0,
            178900.0,
            262500.0,
            215600.0,
            181400.0
        ],
        "y": [
            15113.2658,
            150608.1527,
            203169.5984,
            179771.2155,
            173754.9681,
            309592.9891,
            76727.8152,
            181792.3251,
            84604.8682,
            152534.0337,
            196671.5699,
            244994.0114,
            177723.1431,
            399654.6784,
            246934.7227,
            78101.3458,
            183150.8647,
            369055.3822,
            299772.6295,
            402270.9882,
            92226.2501,
            299683.609,
            304786.3393,
            341067.8573,
            243701.6819,
            155996.2547,
            140914.407,
            351400.4834,
            127749.9005,
            209695.5343,
            145503.8231,
            161797.3914,
            167093.7652,
            116343.4012,
            121542.7161,
            171633.891,
            187420.2204,
            238664.8113,
            139637.716,
            188197.7832,
            288117.9408,
            99816.2022,
            47111.323,
            295826.8168,
            139975.8582,
            98022.1139,
            112446.1277,
            231974.372,
            106319.6507,
            356170.9435,
            261658.0164,
            143522.9829,
            101799.6461,
            69892.7974,
            216113.7048,
            217551.9531,
            311185.4083,
            151753.1677,
            290587.8773,
            272928.1548,
            209414.1022,
            159547.6063,
            236766.6036,
            359475.9425,
            267109.3591,
            189981.8773,
            73135.5429,
            266070.4735,
            97018.7825,
            100330.9201,
            308173.4371,
            380407.2864,
            151020.5918,
            131737.1473,
            197849.0485,
            322800.0514,
            233466.0201,
            141596.9656,
            269897.0602,
            107209.1291,
            326326.4114,
            267358.325,
            139061.9051,
            229002.4064,
            63497.5082,
            273424.5787,
            219165.6084,
            277404.5128,
            147920.2563,
            307066.6248,
            177793.5798,
            320282.2902,
            137985.1803,
            180920.9474,
            118393.847,
            230338.5122,
            105543.6561,
            177193.5377,
            65215.9775,
            116131.3808,
            268843.8338,
            285263.2431,
            224706.9218,
            84354.2777,
            181170.1956,
            345905.0817,
            188646.3154,
            147406.3237,
            179197.7241,
            303511.1175,
            277021.5163,
            171416.2455,
            376121.5404,
            137786.12,
            264868.5722,
            88017.3444,
            165694.8716,
            120915.9859,
            229666.5682,
            228995.1723,
            158063.1982,
            160871.1304,
            186896.8818,
            405939.4211,
            100848.2476,
            100923.5561,
            154693.7588,
            103259.5464,
            142966.9417,
            218989.5944,
            107308.7243,
            199231.4936,
            156928.5972,
            142955.5578,
            235612.8801,
            139378.1777,
            178022.049,
            163101.521,
            24149.3705,
            102331.2805,
            156960.6938,
            218746.2455,
            88691.9483,
            131281.634,
            132529.1664,
            226474.2189,
            284227.9469,
            137434.5964,
            248176.8214,
            176522.2641,
            217381.5475,
            87815.6595,
            117537.3039,
            373688.6857,
            103284.8827,
            178588.0119,
            268719.0988,
            138476.2447,
            336254.2255,
            406393.3202,
            150062.88,
            362152.4129,
            353713.2987,
            91183.1832,
            82985.8207,
            101577.0974,
            158140.4483,
            454006.8309,
            142145.8299,
            114837.1677,
            203075.6783,
            249317.1648,
            147216.4691,
            164526.8902,
            78480.4097,
            240786.6126,
            162580.438,
            213411.289,
            161809.4036,
            199097.2995,
            91095.5507,
            235870.3824,
            138797.9269,
            301216.0569,
            184611.086,
            219126.6471,
            113567.2524,
            99742.3949,
            258818.7571,
            101688.5951,
            206341.5468,
            226362.7983,
            119486.4907,
            167549.7268,
            319997.3141,
            133840.536,
            274392.9591,
            274868.8279,
            238814.8671,
            174419.0961,
            320465.7543,
            120285.8282,
            38619.3289,
            176688.4985,
            23400.2645,
            218838.2014,
            343873.5802,
            247395.6193,
            104764.6847,
            92029.6339,
            102414.9854,
            186366.2138,
            308101.0562,
            138877.8704,
            292966.47,
            271468.0577,
            208976.5204,
            230694.9134,
            222543.1086,
            165585.037,
            260964.1483,
            249710.0926,
            308595.7547,
            115600.1191,
            241155.8674,
            182881.1461,
            397135.4256,
            106281.9564,
            163404.9512,
            223149.7639,
            175683.6212,
            98202.4786,
            145146.4828,
            153588.1538,
            183005.2406,
            338717.0114,
            494618.1653,
            150835.7692,
            94092.0507,
            58747.2446,
            179539.0047,
            122495.9695,
            342264.3369,
            204676.996,
            340748.486,
            230500.1634,
            158675.0025,
            90563.4479,
            195400.1244,
            333574.8858,
            439822.1166,
            195549.2934,
            186002.2455,
            136677.5904,
            142700.5761,
            190599.782,
            161503.5699,
            240066.7007,
            204693.2115,
            88108.6276,
            84087.8534,
            60204.6584,
            286486.3733,
            84093.9773,
            132414.69,
            224737.59,
            232701.7366,
            133851.0858,
            142271.7448,
            120295.6988,
            143485.4521,
            120105.1381,
            344157.3895,
            246255.4637,
            596130.2144,
            109353.3163,
            122071.5781,
            14769.5014,
            337140.3552,
            205148.0339,
            161404.7536,
            170319.3769,
            179523.1673,
            278857.5889,
            228201.6785,
            412403.6361,
            226053.0569,
            70843.6739,
            115192.7865,
            219463.9487,
            132880.5391,
            294737.7403,
            290789.3963,
            188497.8136,
            214814.6658,
            151952.2609,
            169166.094,
            175720.186,
            144640.4643,
            276333.3908,
            405411.7354,
            208016.3871,
            230845.7688,
            100618.7559,
            100202.3864,
            133684.7672,
            315266.2725,
            257401.4174,
            229937.0008,
            159029.0484,
            228343.4868,
            345947.1063,
            240419.0154,
            184054.5603,
            231524.5629,
            193405.2381,
            160506.6458,
            183174.719,
            223160.9178,
            277921.6423,
            107821.6608,
            263845.3514,
            232547.7479,
            246727.0884,
            154726.1418,
            440878.9902,
            142791.7843,
            184391.0602,
            247056.8814,
            217364.6381,
            128449.264,
            141766.4389,
            265981.5932,
            200009.4304,
            282843.6155,
            95601.4825,
            159870.7279,
            198114.8775,
            183488.1257,
            152706.6116,
            389094.0006,
            281353.2195,
            90831.7974,
            116310.3683,
            273444.4216,
            274431.2533,
            276923.7357,
            255041.758,
            117233.877,
            135332.1988,
            57132.4373,
            223205.3493,
            180152.7641,
            117686.8334,
            108179.8362,
            197922.2644,
            201764.0941,
            227866.1035,
            161486.7123,
            90723.4133,
            212021.7595,
            131371.9441,
            241437.5588,
            147548.5575,
            165416.272,
            209162.5747,
            159618.5477,
            209343.9759,
            96073.1416,
            301412.5378,
            262512.7556,
            265277.3829,
            155557.485,
            319159.6163,
            114947.789,
            252572.0923,
            330829.9902,
            64154.052,
            241722.5446,
            245633.1775,
            97605.3858,
            199520.2872,
            152924.7287,
            230168.385,
            227415.911,
            215573.1073,
            192724.6696,
            250478.9302,
            272018.6785,
            164386.5041,
            151055.0974,
            137943.2491,
            30162.225,
            202517.674,
            310940.6762,
            145253.8237,
            230337.2928,
            86862.4979,
            222821.5107,
            105050.5099,
            99182.3807,
            396149.5549,
            183150.1613,
            158543.7054,
            178157.5956,
            240903.0655,
            69315.4619,
            251476.1154,
            101257.5314,
            224562.8911,
            111671.2475,
            255203.6623,
            136176.1274,
            354704.1125,
            162616.3051,
            234330.7563,
            113861.6724,
            234831.1127,
            276061.1147,
            110120.3977,
            193349.4367,
            156742.2473,
            63755.6785,
            247041.4599,
            128595.4129,
            307679.1956,
            381469.2436,
            193432.121,
            301528.8885,
            90199.2426,
            125708.9523,
            37996.1649,
            342299.2854,
            146314.5721,
            338571.1279,
            145629.4861,
            259940.0057,
            115249.3581,
            168148.9819,
            111643.8909,
            229388.2333,
            320205.2343,
            214685.6049,
            81705.2087,
            60391.1766,
            469233.7405,
            235905.4005,
            214729.6383,
            365262.5939,
            301123.3716,
            228257.6666,
            231809.8985,
            226821.5864,
            233165.8124,
            106399.4644,
            133949.1561,
            217401.1261,
            265854.8566,
            233353.7905,
            256986.6113,
            177386.2853,
            187403.8516,
            91501.5217,
            126624.7798,
            250783.8009,
            155872.3117,
            213132.6633,
            207292.0667,
            166717.5336,
            214731.1643,
            209566.2528,
            203001.1768,
            158567.5322,
            218349.0856,
            149151.0513,
            423677.308,
            173937.2404,
            71019.2824,
            214619.6825,
            365408.304,
            206948.6203,
            312843.8284,
            128466.1261,
            40575.9778,
            233313.998,
            184019.1751,
            182329.2592,
            215385.6226,
            63630.7702,
            97409.2456,
            239475.1336,
            324890.7913,
            169861.5989,
            238763.7446,
            133735.8224,
            166606.3971,
            195468.6854,
            119219.13,
            81856.746,
            195837.8261,
            337129.4266,
            224186.5998,
            317357.0856,
            78116.2519,
            165252.6392,
            94149.4239,
            114653.8191,
            120602.5627,
            225532.9718,
            93312.6235,
            279015.7927,
            248466.527,
            195061.094,
            209790.1423,
            224035.4361,
            185509.4893,
            176571.7662,
            230651.9951,
            206569.3043,
            112327.4188,
            149071.4539,
            112162.3439,
            216693.852,
            213488.9418,
            140387.9979,
            144387.9494,
            383934.7685,
            226575.5539,
            163135.0251,
            265069.8521,
            96249.0369,
            150967.4426,
            222769.1839,
            87319.7491,
            103312.5995,
            233688.5243,
            298438.1094,
            285078.9169,
            187696.3696,
            277950.6476,
            225125.2209,
            254070.8948,
            186333.2106,
            149727.9422,
            179513.714,
            261345.9998,
            203018.9992,
            85271.3151,
            117112.8688,
            85224.3004,
            100095.5839,
            190759.0407,
            177734.5188,
            186469.4481,
            149381.2179,
            130004.1716,
            124179.362,
            185170.476,
            183588.5283,
            556408.173,
            230545.2824,
            70184.3282,
            160960.5114,
            155022.8534,
            186690.8556,
            292063.4119,
            157327.5815,
            178123.6469,
            201432.8632,
            281105.5094,
            64150.9807,
            214695.8873,
            278159.7924,
            26142.1602,
            220494.3199,
            71669.6228,
            383625.5327,
            176231.3279,
            243616.9413,
            99279.834,
            92816.9349,
            79641.8333,
            117852.8325,
            576047.7121,
            228153.6368,
            150144.7694,
            318200.4566,
            277258.0203,
            281802.9027,
            229309.2267,
            248636.4921,
            199402.1958,
            242746.584,
            184117.0185,
            215786.5887,
            212846.7425,
            209494.5123,
            318557.5048,
            212839.5845,
            273603.5926,
            238191.2836,
            204328.2951,
            95372.7825,
            428092.4955,
            273439.3079,
            249232.9978,
            191350.2866,
            274340.8438,
            172996.6692,
            105028.9288,
            207708.294,
            151286.6232,
            159582.0917,
            466848.2415,
            310050.6893,
            92432.3868,
            288194.3073,
            310973.4503,
            276044.4331,
            128861.8328,
            105667.9392,
            329405.7973,
            277951.4883,
            232072.4581,
            144545.5883,
            228632.8046,
            157103.6192,
            114641.0237,
            155556.7982,
            200645.8101,
            159983.8329,
            303206.3639,
            191969.899,
            214718.1686,
            172484.1378,
            372546.5656,
            146387.36,
            226790.2331,
            148330.1567,
            367504.6644,
            346481.8969,
            171990.6898,
            175145.4674,
            269679.978,
            141346.5205,
            363872.7393,
            219182.7754,
            122797.2208,
            248626.175,
            247034.3512,
            284210.3066,
            157942.6584,
            128682.1911,
            302229.9051,
            530891.975,
            203704.8364,
            198364.4355,
            422127.2297,
            21854.4286,
            220593.5599,
            129439.0413,
            263597.5429,
            83012.8095,
            129096.3182,
            81828.1769,
            281509.4425,
            320570.0866,
            297973.9662,
            269563.6836,
            397776.4785,
            268927.4612,
            302729.9149,
            235244.9187,
            97263.9796,
            293650.5015,
            336081.27,
            231074.0393,
            83466.4787,
            236605.0141,
            109610.9082,
            172288.919,
            19342.2109,
            129519.3946,
            341969.5724,
            60349.255,
            102168.5807,
            198945.7509,
            239558.8808,
            290483.9794,
            254196.1056,
            266636.7292,
            315414.4329,
            244340.7463,
            242099.2922,
            362708.219,
            416340.4275,
            164265.2226,
            145046.9478,
            241877.4211,
            316208.4053,
            222765.7287,
            218369.9263,
            388403.4794,
            140118.0919,
            331631.9747,
            344655.2788,
            154738.1709,
            149155.3484,
            120314.1107,
            304518.0624,
            192401.6839,
            145404.8951,
            206091.7033,
            235843.1083,
            215974.3071,
            244341.0368,
            125738.2521,
            268572.3352,
            223711.4484,
            330333.2603,
            226495.2094,
            73459.8046,
            457643.73,
            277568.6668,
            134053.5781,
            294647.3692,
            295487.6959,
            120977.8153,
            40972.1035,
            272478.3541,
            288165.1233,
            280371.5765,
            260580.3966,
            152468.2008,
            57997.8776,
            151674.8438,
            167291.8004,
            447239.8401,
            111218.2255,
            158612.8405,
            195530.0909,
            186660.7542,
            251889.0932,
            222695.9633,
            112738.2496,
            242461.3104,
            185419.0663,
            208751.6945,
            90314.5105,
            88961.8711,
            196485.0221,
            180800.7726,
            197575.0614,
            364976.1963,
            200982.2611,
            261389.2587,
            179566.9455,
            238992.9941,
            226078.2932,
            144571.0463,
            125367.2804,
            25910.7126,
            83386.6934,
            466632.6071,
            249151.6505,
            186565.7443,
            350506.2707,
            334092.6082,
            166640.4487,
            251896.4738,
            229753.2073,
            192811.7421,
            298776.8579,
            475598.2264,
            132394.1311,
            255028.7512,
            337827.2487,
            480326.977,
            189325.9948,
            339224.1539,
            228097.1045,
            103936.3331,
            107754.6484,
            225207.5432,
            300570.2904,
            296538.3498,
            201263.6563,
            145175.1297,
            184265.4573,
            145626.9401,
            207024.2469,
            329276.7669,
            168410.0655,
            116436.0035,
            258653.7722,
            147909.313,
            184137.6639,
            245860.1823,
            206015.5159,
            109948.0052,
            276944.6237,
            253850.596,
            132627.3594,
            108153.1121,
            166233.5941,
            97105.5202,
            97769.9891,
            120596.6069,
            181498.5303,
            234858.5907,
            79641.5209,
            160270.1526,
            139732.9893,
            198740.8477,
            280638.138,
            108638.1016,
            318063.2957,
            249923.9788,
            213291.9617,
            177356.9811,
            274850.7735,
            262634.3999,
            188029.0375,
            243018.8889,
            232981.3581,
            102436.8909,
            249127.6696,
            72655.6379,
            252417.5567,
            207984.7576,
            133804.3041,
            257863.8342,
            170467.9034,
            279702.291,
            179506.9007,
            194861.5768,
            166192.6637,
            303275.7055,
            146621.2528,
            189071.8056,
            196005.5344,
            51105.911,
            326478.9372,
            333803.2089,
            348627.9861,
            206376.6095,
            129161.759,
            126261.6673,
            140881.6369,
            191411.4687,
            250644.9468,
            259851.8674,
            84863.0226,
            401547.3048,
            75397.8044,
            83335.8655,
            120688.8278,
            265582.9451,
            356881.7212,
            99509.0914,
            342323.6385,
            207869.2821,
            74185.0144,
            233151.1054,
            107963.8446,
            302441.2689,
            109032.2271,
            181732.6811,
            153071.2918,
            108855.8174,
            196640.5158,
            94826.5842,
            401789.6843,
            146884.4228,
            221015.4959,
            312133.3756,
            182574.2948,
            122775.7732,
            146312.8982,
            329249.916,
            100111.6545,
            321308.2821,
            232012.9056,
            165327.4277,
            204123.0205,
            109373.7633,
            137298.6962,
            118804.7216,
            213586.9989,
            216627.1949,
            175736.0737,
            173199.5902,
            156312.9351,
            180259.5673,
            173582.8069,
            130510.9917,
            186317.3631,
            294893.7472,
            286873.9547,
            302223.1928,
            221418.0146,
            249694.0675,
            179238.3635,
            154878.9903,
            170270.21,
            188965.8652,
            211696.7237,
            319031.6477,
            273940.7666,
            149771.9409,
            80557.8621,
            243180.9586,
            223667.61,
            256701.1631,
            319228.4361,
            187522.398,
            153261.4159,
            268744.9205,
            250676.6482,
            201770.1131,
            185838.619,
            97631.0053,
            300237.2632,
            243144.5796,
            278210.2666,
            175730.305,
            239019.5908,
            199542.9711,
            249845.484,
            119573.1198,
            224086.1705,
            132253.1933,
            114650.6711,
            177128.4659,
            214358.0384,
            238846.4643,
            173515.0884,
            199675.8601,
            262819.7263,
            225458.1842,
            240076.1466,
            129760.9106,
            37835.2898,
            27640.3531,
            168944.7883,
            176991.8244,
            172907.854,
            163516.523,
            387742.0638,
            225119.7988,
            119354.2141,
            307309.0674,
            209085.6329,
            103072.4183,
            175991.7067,
            225343.5574,
            190325.1261,
            278103.6589,
            210814.761,
            249071.5311,
            172854.2199,
            248979.3304,
            90226.4364,
            245492.1988,
            281651.179,
            271870.6357,
            225518.7193,
            270978.1773,
            100321.3372,
            75369.2317,
            90586.7619,
            240431.6917,
            227053.1945,
            231732.8579,
            276939.1132,
            153620.199,
            175031.018,
            148766.9321,
            124452.933,
            90169.3463,
            168638.8731,
            311459.476,
            258411.984,
            262487.8003,
            114442.1333,
            148077.6453,
            370142.4707,
            287499.8664,
            235355.4509,
            230617.5121,
            293695.3286,
            341562.7388,
            207418.3836,
            205614.1801,
            101175.2264,
            200562.479,
            178511.6371,
            229663.2533,
            319119.7356,
            159415.6223
        ]
    },
    "globalMetrics": {
        "testWeight": 3337,
        "targetAvg": [
            208848.77434821698
        ],
        "targetStd": [
            116336.06780855013
        ],
        "predictionAvg": [
            208238.70638764134
        ],
        "predictionStd": [
            91197.52339257862
        ]
    },
    "predictionPDF": {
        "x": [
            14769.501404045615,
            22550.982361977167,
            30332.46331990872,
            38113.94427784027,
            45895.42523577182,
            53676.90619370338,
            61458.38715163493,
            69239.86810956648,
            77021.34906749803,
            84802.83002542959,
            92584.31098336114,
            100365.79194129269,
            108147.27289922425,
            115928.7538571558,
            123710.23481508734,
            131491.7157730189,
            139273.19673095044,
            147054.67768888202,
            154836.15864681356,
            162617.6396047451,
            170399.12056267666,
            178180.6015206082,
            185962.08247853976,
            193743.56343647133,
            201525.04439440288,
            209306.52535233443,
            217088.00631026598,
            224869.48726819752,
            232650.96822612907,
            240432.44918406065,
            248213.9301419922,
            255995.41109992375,
            263776.89205785526,
            271558.37301578687,
            279339.8539737184,
            287121.33493164997,
            294902.8158895815,
            302684.29684751306,
            310465.7778054446,
            318247.25876337616,
            326028.7397213077,
            333810.22067923925,
            341591.7016371708,
            349373.18259510235,
            357154.6635530339,
            364936.1445109655,
            372717.62546889705,
            380499.1064268286,
            388280.58738476015,
            396062.0683426917,
            403843.54930062324,
            411625.0302585548,
            419406.51121648634,
            427187.9921744179,
            434969.47313234943,
            442750.954090281,
            450532.43504821253,
            458313.9160061441,
            466095.3969640757,
            473876.87792200723,
            481658.3588799388,
            489439.8398378703,
            497221.3207958019,
            505002.8017537334,
            512784.282711665,
            520565.7636695965,
            528347.2446275281,
            536128.7255854596,
            543910.2065433912,
            551691.6875013227,
            559473.1684592543,
            567254.6494171858,
            575036.1303751174,
            582817.6113330489,
            590599.0922909805,
            598380.573248912,
            606162.0542068436,
            613943.5351647752,
            621725.0161227067,
            629506.4970806383,
            637287.9780385698,
            645069.4589965014,
            652850.9399544329,
            660632.4209123645,
            668413.901870296,
            676195.3828282276,
            683976.8637861591,
            691758.3447440907,
            699539.8257020222,
            707321.3066599538,
            715102.7876178854,
            722884.2685758169,
            730665.7495337485,
            738447.23049168,
            746228.7114496116,
            754010.1924075431,
            761791.6733654747,
            769573.1543234062,
            777354.6352813378,
            785136.1162392693
        ],
        "pdf": [
            1.5207246507755635e-07,
            2.1609470489189696e-07,
            2.923425170828806e-07,
            3.942125443057479e-07,
            5.450547712178419e-07,
            7.699954376280226e-07,
            1.0842613395082668e-06,
            1.4829485685115283e-06,
            1.9361174522313257e-06,
            2.3930711975518166e-06,
            2.797951693879784e-06,
            3.111314923352022e-06,
            3.324722460748649e-06,
            3.458836585527756e-06,
            3.5489892413638723e-06,
            3.630206989937409e-06,
            3.7282766524019798e-06,
            3.855433756133479e-06,
            4.009002573101023e-06,
            4.173791622057437e-06,
            4.3278166613343574e-06,
            4.449470573342588e-06,
            4.524491722241452e-06,
            4.549515868742796e-06,
            4.5289287191857844e-06,
            4.468045269999121e-06,
            4.369977604171154e-06,
            4.237693810257473e-06,
            4.076274410959625e-06,
            3.89283672347388e-06,
            3.695218509113015e-06,
            3.488917419454852e-06,
            3.272926914646175e-06,
            3.0404941487356467e-06,
            2.78801765206609e-06,
            2.5237105992837104e-06,
            2.26523249520064e-06,
            2.0284154608382675e-06,
            1.8194343530978961e-06,
            1.636550553818166e-06,
            1.4756573601627356e-06,
            1.3324440061919914e-06,
            1.2014352809838513e-06,
            1.0761966199925844e-06,
            9.521343419734977e-07,
            8.296679197762616e-07,
            7.148622494779413e-07,
            6.159445034137688e-07,
            5.371689752567536e-07,
            4.7503925100185816e-07,
            4.211096032971632e-07,
            3.690838520997993e-07,
            3.1911456466351345e-07,
            2.756293441594967e-07,
            2.4221897194047744e-07,
            2.191735432949062e-07,
            2.0486707917584775e-07,
            1.976881643689227e-07,
            1.9563302535528598e-07,
            1.9464311219987356e-07,
            1.8893460196319219e-07,
            1.7414056701576166e-07,
            1.5038623416244015e-07,
            1.2232912497855507e-07,
            9.642316265617134e-08,
            7.782485451293558e-08,
            6.857054409636193e-08,
            6.716242530883015e-08,
            6.943761109435888e-08,
            7.064316195227039e-08,
            6.779686963213281e-08,
            6.073245354193947e-08,
            5.122571581764765e-08,
            4.13382151317874e-08,
            3.241773890237775e-08,
            2.5013538454225607e-08,
            1.914638939479085e-08,
            1.4605899439101661e-08,
            1.1244162190782267e-08,
            9.084870499189871e-09,
            8.079320245930086e-09,
            7.790611667467503e-09,
            7.505213488062929e-09,
            6.7950494358848526e-09,
            5.960080168332513e-09,
            5.846072530927971e-09,
            7.131604578807653e-09,
            9.631269504114532e-09,
            1.2176614897433123e-08,
            1.3281869932537044e-08,
            1.2171759153271804e-08,
            9.310233791249368e-09,
            5.9724640587239335e-09,
            3.3484222310496948e-09,
            2.0118124168534946e-09,
            1.989463216120363e-09,
            3.0164018860860593e-09,
            4.608285172932588e-09,
            6.056031682969012e-09,
            6.6415273210551636e-09
        ]
    }
}