{
  "state": "DONE",
  "preSearchDescription": {
    "gridLength": 3,
    "searchStrategy": "GRID",
    "importantParams": [
      {
        "name": "alpha",
        "vals": [
          "0.1",
          "1.0",
          "3.0"
        ]
      }
    ]
  },
  "postSearchDescription": {
    "importantParams": [
      {
        "name": "alpha",
        "val": "0.1"
      }
    ]
  },
  "resumed": false,
  "timeOrderingEnabled": false,
  "sampleWeightsEnabled": false,
  "modelId": "m1",
  "progress": {
    "top_level_todo": [],
    "stack": [],
    "top_level_done": [
      {
        "name": "Loading train set",
        "time": 52
      },
      {
        "name": "Loading test set",
        "time": 18
      },
      {
        "name": "Collecting statistics",
        "time": 51
      },
      {
        "name": "Preprocessing train set",
        "time": 85
      },
      {
        "name": "Preprocessing test set",
        "time": 32
      },
      {
        "name": "Hyperparameter searching",
        "time": 15547
      },
      {
        "name": "Fitting model",
        "time": 406
      },
      {
        "name": "Saving model",
        "time": 83
      },
      {
        "name": "Scoring model",
        "time": 2238
      }
    ]
  },
  "startTime": 1668089615961,
  "endTime": 1668089635151,
  "preprocessingTime": 241,
  "trainingTime": 18949,
  "hyperparamsSearchTime": 15547
}