{
    "per_feature": {
        "housing_median_age": {
            "stats": {
                "min": 2.0,
                "average": 28.654876660341557,
                "median": 29.0,
                "max": 52.0,
                "p99": 52.0,
                "std": 12.564525198751227
            },
            "missing_impute_with_value": 28.654876660341557
        },
        "median_income": {
            "stats": {
                "min": 0.4999,
                "average": 3.8565676356736405,
                "median": 3.5189,
                "max": 15.0001,
                "p99": 10.600470000000005,
                "std": 1.8991459793721857
            },
            "missing_impute_with_value": 3.8565676356736405
        },
        "family_size": {
            "stats": {
                "min": 0.6923076923076923,
                "average": 3.097703812201104,
                "median": 2.8271604938271606,
                "max": 1243.3333333333333,
                "p99": 5.418390151515153,
                "std": 11.872420818509998
            },
            "missing_impute_with_value": 3.097703812201104
        },
        "city": {
            "stats": {
                "mostFrequentValue": "Los Angeles",
                "leastFrequentValue": "Lakeport"
            },
            "category_possible_values": [
                "Los Angeles",
                "San Diego",
                "San Francisco",
                "San Jose",
                "Oakland",
                "Long Beach",
                "Sacramento",
                "Fresno",
                "Stockton",
                "Anaheim",
                "San Bernardino",
                "Santa Ana",
                "Riverside",
                "Bakersfield",
                "Fullerton",
                "Modesto",
                "Glendale",
                "Torrance",
                "Garden Grove",
                "Berkeley",
                "Pasadena",
                "Concord",
                "Irvine",
                "Hayward",
                "Downey",
                "Sunnyvale",
                "Santa Rosa",
                "San Mateo",
                "Burbank",
                "Fremont",
                "Richmond",
                "Chula Vista",
                "Ontario",
                "Santa Monica",
                "Santa Barbara",
                "Compton",
                "Oceanside",
                "Thousand Oaks",
                "Pomona",
                "Costa Mesa",
                "San Leandro",
                "Ventura",
                "Norwalk",
                "Inglewood",
                "Simi Valley",
                "Visalia",
                "Orange",
                "Palo Alto",
                "Newport Beach",
                "Alameda",
                "Oxnard",
                "Vallejo",
                "South Gate",
                "Santa Clara",
                "Carson",
                "Redondo Beach",
                "Lakewood",
                "Mountain View",
                "Upland",
                "Whittier",
                "Clovis",
                "Hawthorne",
                "Redding",
                "Santa Cruz",
                "Pico Rivera",
                "Lancaster",
                "Alhambra",
                "Napa",
                "El Cajon",
                "Vacaville",
                "Gardena",
                "Santa Maria",
                "Westminster",
                "Monterey Park",
                "Redlands",
                "Mission Viejo",
                "Culver City",
                "Fontana",
                "Fairfield",
                "Antioch",
                "Vista",
                "Buena Park",
                "Lodi",
                "Rialto",
                "Bellflower",
                "National City",
                "Fountain Valley",
                "La Habra",
                "Walnut Creek",
                "Glendora",
                "Daly City",
                "Escondido",
                "Manhattan Beach",
                "Lawndale",
                "Lynwood",
                "Carlsbad",
                "Los Altos",
                "Redwood City",
                "Encinitas",
                "Salinas"
            ],
            "category_possible_counts": [
                1494,
                530,
                341,
                307,
                238,
                204,
                163,
                150,
                117,
                114,
                91,
                86,
                86,
                78,
                75,
                74,
                72,
                67,
                66,
                66,
                65,
                65,
                63,
                62,
                61,
                60,
                60,
                58,
                57,
                54,
                52,
                52,
                52,
                49,
                47,
                47,
                47,
                45,
                44,
                43,
                42,
                41,
                40,
                40,
                40,
                40,
                40,
                39,
                37,
                37,
                37,
                37,
                35,
                35,
                34,
                34,
                34,
                34,
                34,
                34,
                33,
                33,
                33,
                32,
                32,
                31,
                31,
                30,
                30,
                30,
                30,
                30,
                30,
                29,
                29,
                29,
                28,
                28,
                28,
                27,
                27,
                27,
                27,
                26,
                25,
                25,
                25,
                25,
                25,
                24,
                24,
                24,
                24,
                24,
                23,
                23,
                23,
                23,
                23,
                23
            ]
        },
        "latitude": {
            "stats": {
                "min": 32.54,
                "average": 35.621493738140586,
                "median": 34.24,
                "max": 41.95,
                "p99": 40.6,
                "std": 2.1306939059058845
            },
            "missing_impute_with_value": 35.621493738140586
        },
        "ocean_proximity": {
            "stats": {
                "mostFrequentValue": "<1H OCEAN",
                "leastFrequentValue": "ISLAND"
            },
            "dropped_modality": "ISLAND",
            "category_possible_values": [
                "<1H OCEAN",
                "INLAND",
                "NEAR OCEAN",
                "NEAR BAY"
            ],
            "category_possible_counts": [
                5862,
                4172,
                1687,
                1451
            ]
        },
        "households": {
            "stats": {
                "min": 1.0,
                "average": 500.02641366223907,
                "median": 411.0,
                "max": 5189.0,
                "p99": 2038.7800000000007,
                "std": 379.6935018765028
            },
            "missing_impute_with_value": 500.02641366223907
        },
        "outliers": {
            "stats": {
                "min": 0.0,
                "average": 0.0037191650853889945,
                "median": 0.0,
                "max": 1.0,
                "p99": 0.0,
                "std": 0.06087375590099376
            },
            "missing_impute_with_value": 0.0037191650853889945
        },
        "total_bedrooms": {
            "stats": {
                "min": 1.0,
                "average": 538.3530043741846,
                "median": 436.0,
                "max": 5471.0,
                "p99": 2251.100000000002,
                "std": 417.5772385187247
            },
            "missing_impute_with_value": 538.3530043741846
        },
        "population": {
            "stats": {
                "min": 8.0,
                "average": 1429.7278937381404,
                "median": 1174.0,
                "max": 35682.0,
                "p99": 6000.52,
                "std": 1127.4876122988162
            },
            "missing_impute_with_value": 1429.7278937381404
        },
        "city_enName": {
            "stats": {
                "mostFrequentValue": "Los Angeles",
                "leastFrequentValue": "Lakeport"
            },
            "category_possible_values": [
                "Los Angeles",
                "San Diego",
                "San Francisco",
                "San Jose",
                "Oakland",
                "Long Beach",
                "Sacramento",
                "Fresno",
                "Stockton",
                "Anaheim",
                "San Bernardino",
                "Santa Ana",
                "Riverside",
                "Bakersfield",
                "Fullerton",
                "Modesto",
                "Glendale",
                "Torrance",
                "Garden Grove",
                "Berkeley",
                "Pasadena",
                "Concord",
                "Irvine",
                "Hayward",
                "Downey",
                "Sunnyvale",
                "Santa Rosa",
                "San Mateo",
                "Burbank",
                "Fremont",
                "Richmond",
                "Chula Vista",
                "Ontario",
                "Santa Monica",
                "Santa Barbara",
                "Compton",
                "Oceanside",
                "Thousand Oaks",
                "Pomona",
                "Costa Mesa",
                "San Leandro",
                "Ventura",
                "Norwalk",
                "Inglewood",
                "Simi Valley",
                "Visalia",
                "Orange",
                "Palo Alto",
                "Newport Beach",
                "Alameda",
                "Oxnard",
                "Vallejo",
                "South Gate",
                "Santa Clara",
                "Carson",
                "Redondo Beach",
                "Lakewood",
                "Mountain View",
                "Upland",
                "Whittier",
                "Clovis",
                "Hawthorne",
                "Redding",
                "Santa Cruz",
                "Pico Rivera",
                "Lancaster",
                "Alhambra",
                "Napa",
                "El Cajon",
                "Vacaville",
                "Gardena",
                "Santa Maria",
                "Westminster",
                "Monterey Park",
                "Redlands",
                "Mission Viejo",
                "Culver City",
                "Fontana",
                "Fairfield",
                "Antioch",
                "Vista",
                "Buena Park",
                "Lodi",
                "Rialto",
                "Bellflower",
                "National City",
                "Fountain Valley",
                "La Habra",
                "Walnut Creek",
                "Glendora",
                "Daly City",
                "Escondido",
                "Manhattan Beach",
                "Lawndale",
                "Lynwood",
                "Carlsbad",
                "Los Altos",
                "Redwood City",
                "Encinitas",
                "Salinas"
            ],
            "category_possible_counts": [
                1494,
                530,
                341,
                307,
                238,
                204,
                163,
                150,
                117,
                114,
                91,
                86,
                86,
                78,
                75,
                74,
                72,
                67,
                66,
                66,
                65,
                65,
                63,
                62,
                61,
                60,
                60,
                58,
                57,
                54,
                52,
                52,
                52,
                49,
                47,
                47,
                47,
                45,
                44,
                43,
                42,
                41,
                40,
                40,
                40,
                40,
                40,
                39,
                37,
                37,
                37,
                37,
                35,
                35,
                34,
                34,
                34,
                34,
                34,
                34,
                33,
                33,
                33,
                32,
                32,
                31,
                31,
                30,
                30,
                30,
                30,
                30,
                30,
                29,
                29,
                29,
                28,
                28,
                28,
                27,
                27,
                27,
                27,
                26,
                25,
                25,
                25,
                25,
                25,
                24,
                24,
                24,
                24,
                24,
                23,
                23,
                23,
                23,
                23,
                23
            ]
        },
        "median_house_value": {
            "stats": {}
        },
        "total_rooms": {
            "stats": {
                "min": 8.0,
                "average": 2630.746944971537,
                "median": 2127.0,
                "max": 37937.0,
                "p99": 11250.26,
                "std": 2147.59201309451
            },
            "missing_impute_with_value": 2630.746944971537
        },
        "location": {
            "stats": {
                "mostFrequentValue": "POINT(-122.42 37.75)",
                "leastFrequentValue": "POINT(-124.3 41.84)"
            },
            "category_possible_values": [
                "POINT(-122.42 37.75)",
                "POINT(-118.26 34.02)",
                "POINT(-122.42 37.8)",
                "POINT(-118.29 34.09)",
                "POINT(-122.42 37.76)",
                "POINT(-118.26 34.07)",
                "POINT(-118.28 33.99)",
                "POINT(-118.47 33.99)",
                "POINT(-122.41 37.8)",
                "POINT(-122.46 37.78)",
                "POINT(-118.19 34.05)",
                "POINT(-122.44 37.78)",
                "POINT(-118.31 34.05)",
                "POINT(-118.36 34.09)",
                "POINT(-118.19 33.78)",
                "POINT(-122.49 37.76)",
                "POINT(-122.47 37.78)",
                "POINT(-118.27 34.07)",
                "POINT(-122.47 37.76)",
                "POINT(-118.28 33.93)",
                "POINT(-122.41 37.75)",
                "POINT(-118.35 34.04)",
                "POINT(-118.36 34.03)",
                "POINT(-118.32 34.09)",
                "POINT(-122.28 37.81)",
                "POINT(-118.37 34.16)",
                "POINT(-118.32 33.98)",
                "POINT(-117.14 32.75)",
                "POINT(-118.31 34.02)",
                "POINT(-122.42 37.74)",
                "POINT(-122.41 37.79)",
                "POINT(-122.43 37.73)",
                "POINT(-122.24 37.8)",
                "POINT(-118.2 34.05)",
                "POINT(-122.27 37.85)",
                "POINT(-118.19 34.12)",
                "POINT(-122.26 37.77)",
                "POINT(-122.44 37.79)",
                "POINT(-122.21 37.78)",
                "POINT(-122.44 37.8)",
                "POINT(-118.29 34.04)",
                "POINT(-122.24 37.81)",
                "POINT(-118.24 34.14)",
                "POINT(-118.23 33.91)",
                "POINT(-118.37 34.09)",
                "POINT(-122.42 37.78)",
                "POINT(-118.37 34.07)",
                "POINT(-118.39 33.88)",
                "POINT(-122.43 37.79)",
                "POINT(-117.13 32.75)",
                "POINT(-122.24 37.79)",
                "POINT(-122.29 37.81)",
                "POINT(-118.14 33.86)",
                "POINT(-118.3 34.02)",
                "POINT(-118.22 33.9)",
                "POINT(-118.3 34.06)",
                "POINT(-122.47 37.75)",
                "POINT(-118.22 33.98)",
                "POINT(-117.13 32.7)",
                "POINT(-118.4 33.87)",
                "POINT(-122.23 37.79)",
                "POINT(-118.21 34.04)",
                "POINT(-118.2 33.77)",
                "POINT(-122.43 37.78)",
                "POINT(-118.26 34.08)",
                "POINT(-122.43 37.77)",
                "POINT(-118.27 34.06)",
                "POINT(-122.43 37.75)",
                "POINT(-118.27 34.16)",
                "POINT(-122.08 37.63)",
                "POINT(-122.45 37.77)",
                "POINT(-118.28 33.96)",
                "POINT(-122.21 37.8)",
                "POINT(-118.16 33.78)",
                "POINT(-118.28 34.01)",
                "POINT(-118.41 34)",
                "POINT(-118.41 34.02)",
                "POINT(-122.28 37.85)",
                "POINT(-118.25 34.02)",
                "POINT(-118.17 33.77)",
                "POINT(-118.16 34.02)",
                "POINT(-118.29 33.98)",
                "POINT(-118.27 33.94)",
                "POINT(-117.16 32.74)",
                "POINT(-122.44 37.75)",
                "POINT(-122.49 37.75)",
                "POINT(-118.31 34.09)",
                "POINT(-117.93 33.85)",
                "POINT(-118.32 34.04)",
                "POINT(-117.97 34.05)",
                "POINT(-121.88 37.44)",
                "POINT(-118.06 33.98)",
                "POINT(-118.35 33.9)",
                "POINT(-118.32 33.91)",
                "POINT(-118.11 33.84)",
                "POINT(-117.91 33.84)",
                "POINT(-118.36 33.9)",
                "POINT(-117.24 32.8)",
                "POINT(-118.31 33.94)",
                "POINT(-118.35 33.97)",
                "POINT(-122.49 37.78)"
            ],
            "category_possible_counts": [
                9,
                8,
                8,
                7,
                7,
                7,
                7,
                7,
                7,
                7,
                7,
                7,
                6,
                6,
                6,
                6,
                6,
                6,
                6,
                6,
                6,
                6,
                6,
                6,
                6,
                6,
                6,
                6,
                6,
                6,
                6,
                6,
                6,
                6,
                6,
                6,
                6,
                6,
                6,
                6,
                5,
                5,
                5,
                5,
                5,
                5,
                5,
                5,
                5,
                5,
                5,
                5,
                5,
                5,
                5,
                5,
                5,
                5,
                5,
                5,
                5,
                5,
                5,
                5,
                5,
                5,
                5,
                5,
                5,
                5,
                5,
                5,
                5,
                5,
                5,
                5,
                5,
                5,
                5,
                5,
                5,
                5,
                5,
                5,
                5,
                5,
                5,
                5,
                5,
                5,
                5,
                5,
                5,
                5,
                5,
                5,
                5,
                5,
                5,
                5,
                5
            ]
        },
        "longitude": {
            "stats": {
                "min": -124.3,
                "average": -119.55863529411694,
                "median": -118.48,
                "max": -114.31,
                "p99": -116.25,
                "std": 1.995748187798712
            },
            "missing_impute_with_value": -119.55863529411694
        }
    },
    "feature_order": [
        "housing_median_age",
        "median_income",
        "family_size",
        "city",
        "latitude",
        "ocean_proximity",
        "households",
        "outliers",
        "total_bedrooms",
        "population",
        "city_enName",
        "median_house_value",
        "total_rooms",
        "location",
        "longitude"
    ]
}