{
    "per_feature": {
        "housing_median_age": {
            "stats": {
                "min": 2.0,
                "average": 28.654876660341557,
                "median": 29.0,
                "max": 52.0,
                "p99": 52.0,
                "std": 12.564525198751227
            },
            "missing_impute_with_value": 28.654876660341557
        },
        "median_income": {
            "stats": {
                "min": 0.4999,
                "average": 3.8565676356736405,
                "median": 3.5189,
                "max": 15.0001,
                "p99": 10.600470000000005,
                "std": 1.8991459793721857
            },
            "missing_impute_with_value": 3.8565676356736405
        },
        "family_size": {
            "stats": {
                "min": 0.6923076923076923,
                "average": 3.097703812201104,
                "median": 2.8271604938271606,
                "max": 1243.3333333333333,
                "p99": 5.418390151515153,
                "std": 11.872420818509998
            },
            "missing_impute_with_value": 3.097703812201104
        },
        "city": {
            "stats": {
                "mostFrequentValue": "Los Angeles",
                "leastFrequentValue": "Lakeport"
            },
            "category_possible_values": [
                "Los Angeles",
                "San Diego",
                "San Francisco",
                "San Jose",
                "Oakland",
                "Long Beach",
                "Sacramento",
                "Fresno",
                "Stockton",
                "Anaheim",
                "San Bernardino",
                "Santa Ana",
                "Riverside",
                "Bakersfield",
                "Fullerton",
                "Modesto",
                "Glendale",
                "Torrance",
                "Garden Grove",
                "Berkeley",
                "Pasadena",
                "Concord",
                "Irvine",
                "Hayward",
                "Downey",
                "Sunnyvale",
                "Santa Rosa",
                "San Mateo",
                "Burbank",
                "Fremont",
                "Richmond",
                "Chula Vista",
                "Ontario",
                "Santa Monica",
                "Santa Barbara",
                "Compton",
                "Oceanside",
                "Thousand Oaks",
                "Pomona",
                "Costa Mesa",
                "San Leandro",
                "Ventura",
                "Norwalk",
                "Inglewood",
                "Simi Valley",
                "Visalia",
                "Orange",
                "Palo Alto",
                "Newport Beach",
                "Alameda",
                "Oxnard",
                "Vallejo",
                "South Gate",
                "Santa Clara",
                "Carson",
                "Redondo Beach",
                "Lakewood",
                "Mountain View",
                "Upland",
                "Whittier",
                "Clovis",
                "Hawthorne",
                "Redding",
                "Santa Cruz",
                "Pico Rivera",
                "Lancaster",
                "Alhambra",
                "Napa",
                "El Cajon",
                "Vacaville",
                "Gardena",
                "Santa Maria",
                "Westminster",
                "Monterey Park",
                "Redlands",
                "Mission Viejo",
                "Culver City",
                "Fontana",
                "Fairfield",
                "Antioch",
                "Vista",
                "Buena Park",
                "Lodi",
                "Rialto",
                "Bellflower",
                "National City",
                "Fountain Valley",
                "La Habra",
                "Walnut Creek",
                "Glendora",
                "Daly City",
                "Escondido",
                "Manhattan Beach",
                "Lawndale",
                "Lynwood",
                "Carlsbad",
                "Los Altos",
                "Redwood City",
                "Encinitas",
                "Salinas"
            ],
            "category_possible_counts": [
                1494,
                530,
                341,
                307,
                238,
                204,
                163,
                150,
                117,
                114,
                91,
                86,
                86,
                78,
                75,
                74,
                72,
                67,
                66,
                66,
                65,
                65,
                63,
                62,
                61,
                60,
                60,
                58,
                57,
                54,
                52,
                52,
                52,
                49,
                47,
                47,
                47,
                45,
                44,
                43,
                42,
                41,
                40,
                40,
                40,
                40,
                40,
                39,
                37,
                37,
                37,
                37,
                35,
                35,
                34,
                34,
                34,
                34,
                34,
                34,
                33,
                33,
                33,
                32,
                32,
                31,
                31,
                30,
                30,
                30,
                30,
                30,
                30,
                29,
                29,
                29,
                28,
                28,
                28,
                27,
                27,
                27,
                27,
                26,
                25,
                25,
                25,
                25,
                25,
                24,
                24,
                24,
                24,
                24,
                23,
                23,
                23,
                23,
                23,
                23
            ]
        },
        "latitude": {
            "stats": {}
        },
        "ocean_proximity": {
            "stats": {
                "mostFrequentValue": "<1H OCEAN",
                "leastFrequentValue": "ISLAND"
            },
            "category_possible_values": [
                "<1H OCEAN",
                "INLAND",
                "NEAR OCEAN",
                "NEAR BAY",
                "ISLAND"
            ],
            "category_possible_counts": [
                5862,
                4172,
                1687,
                1451,
                3
            ]
        },
        "households": {
            "stats": {}
        },
        "outliers": {
            "stats": {
                "min": 0.0,
                "average": 0.0037191650853889945,
                "median": 0.0,
                "max": 1.0,
                "p99": 0.0,
                "std": 0.06087375590099376
            },
            "missing_impute_with_value": 0.0037191650853889945
        },
        "total_bedrooms": {
            "stats": {
                "min": 1.0,
                "average": 538.3530043741846,
                "median": 436.0,
                "max": 5471.0,
                "p99": 2251.100000000002,
                "std": 417.5772385187247
            },
            "missing_impute_with_value": 538.3530043741846
        },
        "population": {
            "stats": {}
        },
        "city_enName": {
            "stats": {}
        },
        "median_house_value": {
            "stats": {}
        },
        "total_rooms": {
            "stats": {
                "min": 8.0,
                "average": 2630.746944971537,
                "median": 2127.0,
                "max": 37937.0,
                "p99": 11250.26,
                "std": 2147.59201309451
            },
            "missing_impute_with_value": 2630.746944971537
        },
        "location": {
            "stats": {}
        },
        "longitude": {
            "stats": {}
        }
    },
    "feature_order": [
        "housing_median_age",
        "median_income",
        "family_size",
        "city",
        "latitude",
        "ocean_proximity",
        "households",
        "outliers",
        "total_bedrooms",
        "population",
        "city_enName",
        "median_house_value",
        "total_rooms",
        "location",
        "longitude"
    ]
}