{
    "details": {
        "city": {
            "levels": [
                "Los Angeles",
                "San Diego",
                "San Francisco",
                "San Jose",
                "Oakland",
                "Long Beach",
                "Sacramento",
                "Fresno",
                "Stockton",
                "Anaheim",
                "San Bernardino",
                "Santa Ana",
                "Riverside",
                "Bakersfield",
                "Fullerton",
                "Modesto",
                "Glendale",
                "Torrance",
                "Garden Grove",
                "Berkeley",
                "Pasadena",
                "Concord",
                "Irvine",
                "Hayward",
                "Downey",
                "Sunnyvale",
                "Santa Rosa",
                "San Mateo",
                "Burbank",
                "Fremont",
                "Richmond",
                "Chula Vista",
                "Ontario",
                "Santa Monica",
                "Santa Barbara",
                "Compton",
                "Oceanside",
                "Thousand Oaks",
                "Pomona",
                "Costa Mesa",
                "San Leandro",
                "Ventura",
                "Norwalk",
                "Inglewood",
                "Simi Valley",
                "Visalia",
                "Orange",
                "Palo Alto",
                "Newport Beach",
                "Alameda",
                "Oxnard",
                "Vallejo",
                "South Gate",
                "Santa Clara",
                "Carson",
                "Redondo Beach",
                "Lakewood",
                "Mountain View",
                "Upland",
                "Whittier",
                "Clovis",
                "Hawthorne",
                "Redding",
                "Santa Cruz",
                "Pico Rivera",
                "Lancaster",
                "Alhambra",
                "Napa",
                "El Cajon",
                "Vacaville",
                "Gardena",
                "Santa Maria",
                "Westminster",
                "Monterey Park",
                "Redlands",
                "Mission Viejo",
                "Culver City",
                "Fontana",
                "Fairfield",
                "Antioch",
                "Vista",
                "Buena Park",
                "Lodi",
                "Rialto",
                "Bellflower",
                "National City",
                "Fountain Valley",
                "La Habra",
                "Walnut Creek",
                "Glendora",
                "Daly City",
                "Escondido",
                "Manhattan Beach",
                "Lawndale",
                "Lynwood",
                "Carlsbad",
                "Los Altos",
                "Redwood City",
                "Encinitas",
                "Salinas"
            ],
            "with_others": true
        },
        "ocean_proximity": {
            "levels": [
                "<1H OCEAN",
                "INLAND",
                "NEAR OCEAN",
                "NEAR BAY",
                "ISLAND"
            ],
            "with_others": true
        }
    }
}