{
    "featuresDistribution": {
        "housing_median_age": {
            "type": "NUMERIC",
            "nbDistinct": 51,
            "count": 13175,
            "missingCount": 0.0,
            "histogram": {
                "scale": [
                    2.0,
                    3.020408163265306,
                    4.040816326530612,
                    5.061224489795919,
                    6.081632653061225,
                    7.1020408163265305,
                    8.122448979591837,
                    9.142857142857142,
                    10.16326530612245,
                    11.183673469387756,
                    12.204081632653061,
                    13.224489795918368,
                    14.244897959183675,
                    15.26530612244898,
                    16.285714285714285,
                    17.306122448979593,
                    18.3265306122449,
                    19.346938775510203,
                    20.367346938775512,
                    21.387755102040817,
                    22.408163265306122,
                    23.42857142857143,
                    24.448979591836736,
                    25.46938775510204,
                    26.48979591836735,
                    27.510204081632654,
                    28.53061224489796,
                    29.551020408163264,
                    30.571428571428573,
                    31.591836734693878,
                    32.61224489795919,
                    33.63265306122449,
                    34.6530612244898,
                    35.673469387755105,
                    36.69387755102041,
                    37.714285714285715,
                    38.734693877551024,
                    39.755102040816325,
                    40.775510204081634,
                    41.79591836734694,
                    42.816326530612244,
                    43.83673469387755,
                    44.85714285714286,
                    45.87755102040816,
                    46.89795918367347,
                    47.91836734693878,
                    48.93877551020408,
                    49.95918367346939,
                    50.9795918367347,
                    52.0
                ],
                "distribution": [
                    0.005768500948766604,
                    0.009487666034155597,
                    0.011688804554079696,
                    0.007666034155597723,
                    0.008045540796963947,
                    0.010702087286527514,
                    0.01032258064516129,
                    0.013206831119544592,
                    0.012371916508538899,
                    0.012447817836812144,
                    0.013738140417457306,
                    0.01920303605313093,
                    0.02444022770398482,
                    0.03681214421252372,
                    0.03309297912713473,
                    0.02823529411764706,
                    0.023833017077798863,
                    0.02094876660341556,
                    0.022314990512333967,
                    0.018444022770398482,
                    0.02125237191650854,
                    0.02284629981024668,
                    0.029449715370018975,
                    0.03058823529411765,
                    0.025199240986717268,
                    0.02155597722960152,
                    0.022922201138519924,
                    0.021631878557874764,
                    0.022011385199240986,
                    0.02777988614800759,
                    0.030132827324478178,
                    0.0333965844402277,
                    0.03984819734345351,
                    0.04280834914611006,
                    0.02573055028462998,
                    0.019810246679316888,
                    0.018823529411764704,
                    0.015332068311195445,
                    0.014573055028462997,
                    0.017836812144212524,
                    0.016394686907020874,
                    0.016774193548387096,
                    0.013282732447817837,
                    0.01267552182163188,
                    0.009867172675521821,
                    0.008197343453510437,
                    0.0064516129032258064,
                    0.00698292220113852,
                    0.06307400379506642
                ]
            },
            "quantiles": {
                "scale": [
                    7.0,
                    14.5,
                    18.5,
                    22.5,
                    27.0,
                    31.0,
                    34.5,
                    38.0,
                    43.0,
                    49.0
                ],
                "distribution": [
                    0.08925996204933587,
                    0.10664136622390892,
                    0.08516129032258064,
                    0.10580645161290322,
                    0.10679316888045541,
                    0.09434535104364326,
                    0.1033776091081594,
                    0.10717267552182164,
                    0.09419354838709677,
                    0.10724857685009488
                ]
            },
            "topValues": [
                {
                    "value": 52.0,
                    "count": 798.0
                },
                {
                    "value": 36.0,
                    "count": 564.0
                },
                {
                    "value": 35.0,
                    "count": 525.0
                },
                {
                    "value": 16.0,
                    "count": 485.0
                },
                {
                    "value": 34.0,
                    "count": 440.0
                },
                {
                    "value": 17.0,
                    "count": 436.0
                },
                {
                    "value": 26.0,
                    "count": 403.0
                },
                {
                    "value": 33.0,
                    "count": 397.0
                },
                {
                    "value": 25.0,
                    "count": 388.0
                },
                {
                    "value": 18.0,
                    "count": 372.0
                },
                {
                    "value": 32.0,
                    "count": 366.0
                },
                {
                    "value": 37.0,
                    "count": 339.0
                },
                {
                    "value": 27.0,
                    "count": 332.0
                },
                {
                    "value": 15.0,
                    "count": 322.0
                },
                {
                    "value": 19.0,
                    "count": 314.0
                },
                {
                    "value": 29.0,
                    "count": 302.0
                },
                {
                    "value": 24.0,
                    "count": 301.0
                },
                {
                    "value": 21.0,
                    "count": 294.0
                },
                {
                    "value": 31.0,
                    "count": 290.0
                },
                {
                    "value": 30.0,
                    "count": 285.0
                },
                {
                    "value": 28.0,
                    "count": 284.0
                },
                {
                    "value": 23.0,
                    "count": 280.0
                },
                {
                    "value": 20.0,
                    "count": 276.0
                },
                {
                    "value": 38.0,
                    "count": 261.0
                },
                {
                    "value": 14.0,
                    "count": 253.0
                },
                {
                    "value": 39.0,
                    "count": 248.0
                },
                {
                    "value": 22.0,
                    "count": 243.0
                },
                {
                    "value": 42.0,
                    "count": 235.0
                },
                {
                    "value": 44.0,
                    "count": 221.0
                },
                {
                    "value": 43.0,
                    "count": 216.0
                },
                {
                    "value": 40.0,
                    "count": 202.0
                },
                {
                    "value": 41.0,
                    "count": 192.0
                },
                {
                    "value": 13.0,
                    "count": 181.0
                },
                {
                    "value": 45.0,
                    "count": 175.0
                },
                {
                    "value": 10.0,
                    "count": 174.0
                },
                {
                    "value": 46.0,
                    "count": 167.0
                },
                {
                    "value": 12.0,
                    "count": 164.0
                },
                {
                    "value": 11.0,
                    "count": 163.0
                },
                {
                    "value": 5.0,
                    "count": 154.0
                },
                {
                    "value": 8.0,
                    "count": 141.0
                },
                {
                    "value": 9.0,
                    "count": 136.0
                },
                {
                    "value": 47.0,
                    "count": 130.0
                },
                {
                    "value": 4.0,
                    "count": 125.0
                },
                {
                    "value": 48.0,
                    "count": 108.0
                },
                {
                    "value": 7.0,
                    "count": 106.0
                },
                {
                    "value": 6.0,
                    "count": 101.0
                },
                {
                    "value": 50.0,
                    "count": 92.0
                },
                {
                    "value": 49.0,
                    "count": 85.0
                },
                {
                    "value": 2.0,
                    "count": 40.0
                },
                {
                    "value": 3.0,
                    "count": 36.0
                }
            ]
        },
        "median_income": {
            "type": "NUMERIC",
            "nbDistinct": 9126,
            "count": 13175,
            "missingCount": 0.0,
            "histogram": {
                "scale": [
                    0.4999,
                    0.7958224489795918,
                    1.0917448979591837,
                    1.3876673469387755,
                    1.6835897959183672,
                    1.979512244897959,
                    2.2754346938775507,
                    2.571357142857143,
                    2.867279591836734,
                    3.1632020408163264,
                    3.4591244897959177,
                    3.75504693877551,
                    4.050969387755102,
                    4.346891836734693,
                    4.642814285714286,
                    4.938736734693877,
                    5.234659183673469,
                    5.530581632653061,
                    5.8265040816326525,
                    6.122426530612245,
                    6.418348979591836,
                    6.714271428571428,
                    7.0101938775510195,
                    7.306116326530612,
                    7.602038775510204,
                    7.897961224489795,
                    8.193883673469387,
                    8.489806122448979,
                    8.78572857142857,
                    9.081651020408163,
                    9.377573469387753,
                    9.673495918367346,
                    9.969418367346938,
                    10.26534081632653,
                    10.561263265306122,
                    10.857185714285713,
                    11.153108163265305,
                    11.449030612244897,
                    11.74495306122449,
                    12.04087551020408,
                    12.336797959183672,
                    12.632720408163264,
                    12.928642857142856,
                    13.224565306122448,
                    13.520487755102039,
                    13.816410204081631,
                    14.112332653061223,
                    14.408255102040815,
                    14.704177551020408,
                    15.0001
                ],
                "distribution": [
                    0.002732447817836812,
                    0.007362428842504744,
                    0.017305502846299812,
                    0.036053130929791274,
                    0.05161290322580645,
                    0.06876660341555978,
                    0.07066413662239089,
                    0.07939278937381404,
                    0.0791650853889943,
                    0.07309297912713472,
                    0.07635673624288425,
                    0.06519924098671727,
                    0.06087286527514232,
                    0.048500948766603415,
                    0.0406831119544592,
                    0.04,
                    0.03210626185958254,
                    0.02573055028462998,
                    0.021176470588235293,
                    0.018216318785578747,
                    0.014876660341555978,
                    0.012371916508538899,
                    0.008349146110056925,
                    0.007666034155597723,
                    0.006375711574952561,
                    0.006527514231499052,
                    0.004705882352941176,
                    0.003415559772296015,
                    0.0019734345351043645,
                    0.0015180265654648956,
                    0.0012144212523719166,
                    0.0015180265654648956,
                    0.0022770398481973433,
                    0.0019734345351043645,
                    0.0016698292220113852,
                    0.0012144212523719166,
                    0.0007590132827324478,
                    0.0009108159392789373,
                    0.0003795066413662239,
                    0.00022770398481973433,
                    0.000683111954459203,
                    0.00022770398481973433,
                    0.00045540796963946866,
                    0.00045540796963946866,
                    0.00022770398481973433,
                    0.00015180265654648957,
                    0.00015180265654648957,
                    0.00015180265654648957,
                    0.0025806451612903226
                ]
            },
            "quantiles": {
                "scale": [
                    1.2006459999999999,
                    2.120178,
                    2.532778,
                    2.923994,
                    3.3201479999999997,
                    3.7282,
                    4.174658,
                    4.753598,
                    5.627648000000001,
                    10.580008
                ],
                "distribution": [
                    0.09996204933586338,
                    0.10003795066413662,
                    0.09996204933586338,
                    0.10003795066413662,
                    0.09996204933586338,
                    0.09958254269449715,
                    0.10049335863377609,
                    0.09996204933586338,
                    0.10003795066413662,
                    0.09996204933586338
                ]
            },
            "topValues": [
                {
                    "value": 3.875,
                    "count": 36.0
                },
                {
                    "value": 3.125,
                    "count": 33.0
                },
                {
                    "value": 15.0001,
                    "count": 32.0
                },
                {
                    "value": 2.875,
                    "count": 31.0
                },
                {
                    "value": 4.125,
                    "count": 30.0
                },
                {
                    "value": 3.375,
                    "count": 29.0
                },
                {
                    "value": 3.625,
                    "count": 28.0
                },
                {
                    "value": 2.625,
                    "count": 26.0
                },
                {
                    "value": 3.0,
                    "count": 24.0
                },
                {
                    "value": 4.625,
                    "count": 23.0
                },
                {
                    "value": 1.625,
                    "count": 22.0
                },
                {
                    "value": 2.125,
                    "count": 22.0
                },
                {
                    "value": 2.375,
                    "count": 21.0
                },
                {
                    "value": 2.5,
                    "count": 21.0
                },
                {
                    "value": 4.0,
                    "count": 21.0
                },
                {
                    "value": 4.375,
                    "count": 21.0
                },
                {
                    "value": 2.25,
                    "count": 20.0
                },
                {
                    "value": 3.5,
                    "count": 19.0
                },
                {
                    "value": 2.75,
                    "count": 18.0
                },
                {
                    "value": 3.25,
                    "count": 18.0
                },
                {
                    "value": 4.5,
                    "count": 17.0
                },
                {
                    "value": 4.875,
                    "count": 17.0
                },
                {
                    "value": 3.6875,
                    "count": 16.0
                },
                {
                    "value": 3.75,
                    "count": 16.0
                },
                {
                    "value": 4.25,
                    "count": 16.0
                },
                {
                    "value": 5.0,
                    "count": 13.0
                },
                {
                    "value": 2.0,
                    "count": 12.0
                },
                {
                    "value": 2.5625,
                    "count": 12.0
                },
                {
                    "value": 3.0833,
                    "count": 12.0
                },
                {
                    "value": 3.3125,
                    "count": 12.0
                },
                {
                    "value": 2.5833,
                    "count": 11.0
                },
                {
                    "value": 2.9821,
                    "count": 11.0
                },
                {
                    "value": 3.5625,
                    "count": 11.0
                },
                {
                    "value": 4.4375,
                    "count": 11.0
                },
                {
                    "value": 4.5625,
                    "count": 11.0
                },
                {
                    "value": 5.5,
                    "count": 11.0
                },
                {
                    "value": 2.3333,
                    "count": 10.0
                },
                {
                    "value": 2.4167,
                    "count": 10.0
                },
                {
                    "value": 2.7083,
                    "count": 10.0
                },
                {
                    "value": 3.0625,
                    "count": 10.0
                },
                {
                    "value": 3.3438,
                    "count": 10.0
                },
                {
                    "value": 3.8125,
                    "count": 10.0
                },
                {
                    "value": 3.9375,
                    "count": 10.0
                },
                {
                    "value": 4.0417,
                    "count": 10.0
                },
                {
                    "value": 4.0625,
                    "count": 10.0
                },
                {
                    "value": 0.4999,
                    "count": 9.0
                },
                {
                    "value": 1.6875,
                    "count": 9.0
                },
                {
                    "value": 1.75,
                    "count": 9.0
                },
                {
                    "value": 1.875,
                    "count": 9.0
                },
                {
                    "value": 2.1875,
                    "count": 9.0
                }
            ]
        },
        "family_size": {
            "type": "NUMERIC",
            "nbDistinct": 12374,
            "count": 13175,
            "missingCount": 0.0,
            "histogram": {
                "scale": [
                    0.6923076923076923,
                    26.052328623757194,
                    51.412349555206696,
                    76.7723704866562,
                    102.1323914181057,
                    127.4924123495552,
                    152.8524332810047,
                    178.2124542124542,
                    203.5724751439037,
                    228.93249607535319,
                    254.29251700680268,
                    279.6525379382522,
                    305.0125588697017,
                    330.3725798011512,
                    355.7326007326007,
                    381.09262166405017,
                    406.4526425954997,
                    431.8126635269492,
                    457.1726844583987,
                    482.5327053898482,
                    507.8927263212977,
                    533.2527472527472,
                    558.6127681841967,
                    583.9727891156463,
                    609.3328100470958,
                    634.6928309785453,
                    660.0528519099947,
                    685.4128728414443,
                    710.7728937728938,
                    736.1329147043433,
                    761.4929356357927,
                    786.8529565672422,
                    812.2129774986918,
                    837.5729984301413,
                    862.9330193615908,
                    888.2930402930402,
                    913.6530612244898,
                    939.0130821559393,
                    964.3731030873888,
                    989.7331240188382,
                    1015.0931449502878,
                    1040.4531658817373,
                    1065.8131868131866,
                    1091.173207744636,
                    1116.5332286760856,
                    1141.8932496075352,
                    1167.2532705389847,
                    1192.6132914704342,
                    1217.9733124018837,
                    1243.3333333333333
                ],
                "distribution": [
                    0.9995445920303605,
                    0.00015180265654648957,
                    7.590132827324479e-05,
                    0.0,
                    0.0,
                    0.0,
                    0.0,
                    0.0,
                    0.0,
                    7.590132827324479e-05,
                    0.0,
                    0.0,
                    0.0,
                    0.0,
                    0.0,
                    0.0,
                    0.0,
                    0.0,
                    0.0,
                    7.590132827324479e-05,
                    0.0,
                    0.0,
                    0.0,
                    0.0,
                    0.0,
                    0.0,
                    0.0,
                    0.0,
                    0.0,
                    0.0,
                    0.0,
                    0.0,
                    0.0,
                    0.0,
                    0.0,
                    0.0,
                    0.0,
                    0.0,
                    0.0,
                    0.0,
                    0.0,
                    0.0,
                    0.0,
                    0.0,
                    0.0,
                    0.0,
                    0.0,
                    0.0,
                    7.590132827324479e-05
                ]
            },
            "quantiles": {
                "scale": [
                    1.382049442336438,
                    2.2069600189503054,
                    2.430083928812363,
                    2.5961686541442557,
                    2.7507293950131873,
                    2.9063937800852795,
                    3.078838908410111,
                    3.300579666463098,
                    3.6582601357975832,
                    623.6103725112395
                ],
                "distribution": [
                    0.09996204933586338,
                    0.10003795066413662,
                    0.09996204933586338,
                    0.10003795066413662,
                    0.09996204933586338,
                    0.10003795066413662,
                    0.10003795066413662,
                    0.09996204933586338,
                    0.10003795066413662,
                    0.09996204933586338
                ]
            },
            "topValues": [
                {
                    "value": 3.0,
                    "count": 21.0
                },
                {
                    "value": 2.0,
                    "count": 12.0
                },
                {
                    "value": 2.5,
                    "count": 9.0
                },
                {
                    "value": 2.6666666666666665,
                    "count": 9.0
                },
                {
                    "value": 2.5555555555555554,
                    "count": 8.0
                },
                {
                    "value": 3.5714285714285716,
                    "count": 8.0
                },
                {
                    "value": 2.3333333333333335,
                    "count": 7.0
                },
                {
                    "value": 2.764705882352941,
                    "count": 7.0
                },
                {
                    "value": 3.2,
                    "count": 7.0
                },
                {
                    "value": 3.25,
                    "count": 7.0
                },
                {
                    "value": 2.2857142857142856,
                    "count": 6.0
                },
                {
                    "value": 2.6,
                    "count": 6.0
                },
                {
                    "value": 2.75,
                    "count": 6.0
                },
                {
                    "value": 2.7777777777777777,
                    "count": 6.0
                },
                {
                    "value": 3.3333333333333335,
                    "count": 6.0
                },
                {
                    "value": 3.5,
                    "count": 6.0
                },
                {
                    "value": 4.0,
                    "count": 6.0
                },
                {
                    "value": 1.8571428571428572,
                    "count": 5.0
                },
                {
                    "value": 2.25,
                    "count": 5.0
                },
                {
                    "value": 2.4285714285714284,
                    "count": 5.0
                },
                {
                    "value": 2.727272727272727,
                    "count": 5.0
                },
                {
                    "value": 2.8,
                    "count": 5.0
                },
                {
                    "value": 3.4285714285714284,
                    "count": 5.0
                },
                {
                    "value": 3.6,
                    "count": 5.0
                },
                {
                    "value": 2.2777777777777777,
                    "count": 4.0
                },
                {
                    "value": 2.35,
                    "count": 4.0
                },
                {
                    "value": 2.375,
                    "count": 4.0
                },
                {
                    "value": 2.388888888888889,
                    "count": 4.0
                },
                {
                    "value": 2.4565217391304346,
                    "count": 4.0
                },
                {
                    "value": 2.4782608695652173,
                    "count": 4.0
                },
                {
                    "value": 2.611111111111111,
                    "count": 4.0
                },
                {
                    "value": 2.6363636363636362,
                    "count": 4.0
                },
                {
                    "value": 2.642857142857143,
                    "count": 4.0
                },
                {
                    "value": 2.7,
                    "count": 4.0
                },
                {
                    "value": 2.8095238095238093,
                    "count": 4.0
                },
                {
                    "value": 2.8823529411764706,
                    "count": 4.0
                },
                {
                    "value": 2.909090909090909,
                    "count": 4.0
                },
                {
                    "value": 3.142857142857143,
                    "count": 4.0
                },
                {
                    "value": 3.3,
                    "count": 4.0
                },
                {
                    "value": 3.6666666666666665,
                    "count": 4.0
                },
                {
                    "value": 3.888888888888889,
                    "count": 4.0
                },
                {
                    "value": 4.25,
                    "count": 4.0
                },
                {
                    "value": 4.666666666666667,
                    "count": 4.0
                },
                {
                    "value": 4.7,
                    "count": 4.0
                },
                {
                    "value": 1.974025974025974,
                    "count": 3.0
                },
                {
                    "value": 2.090909090909091,
                    "count": 3.0
                },
                {
                    "value": 2.0952380952380953,
                    "count": 3.0
                },
                {
                    "value": 2.1607142857142856,
                    "count": 3.0
                },
                {
                    "value": 2.1818181818181817,
                    "count": 3.0
                },
                {
                    "value": 2.2555555555555555,
                    "count": 3.0
                }
            ]
        },
        "city": {
            "type": "CATEGORY",
            "nbDistinct": 425,
            "count": 13175,
            "missingCount": 3271.0,
            "values": {
                "scale": [
                    "Los Angeles",
                    "San Diego",
                    "San Francisco",
                    "San Jose",
                    "Oakland",
                    "Long Beach",
                    "Sacramento",
                    "Fresno",
                    "Stockton",
                    "Anaheim",
                    "San Bernardino",
                    "Santa Ana",
                    "Riverside",
                    "Bakersfield",
                    "Fullerton",
                    "Modesto",
                    "Glendale",
                    "Torrance",
                    "Berkeley",
                    "Garden Grove",
                    "Pasadena",
                    "Concord",
                    "Irvine",
                    "Hayward",
                    "Downey",
                    "Sunnyvale",
                    "Santa Rosa",
                    "San Mateo",
                    "Burbank",
                    "Fremont",
                    "Chula Vista",
                    "Richmond",
                    "Ontario",
                    "Santa Monica",
                    "Santa Barbara",
                    "Compton",
                    "Oceanside",
                    "Thousand Oaks",
                    "Pomona",
                    "Costa Mesa",
                    "San Leandro",
                    "Ventura",
                    "Norwalk",
                    "Inglewood",
                    "Simi Valley",
                    "Visalia",
                    "Orange",
                    "Palo Alto",
                    "Newport Beach",
                    "Oxnard",
                    "Vallejo",
                    "Alameda",
                    "South Gate",
                    "Santa Clara",
                    "Redondo Beach",
                    "Carson",
                    "Lakewood",
                    "Mountain View",
                    "Upland",
                    "Whittier",
                    "Clovis",
                    "Hawthorne",
                    "Redding",
                    "Santa Cruz",
                    "Pico Rivera",
                    "Lancaster",
                    "Alhambra",
                    "Napa",
                    "El Cajon",
                    "Vacaville",
                    "Gardena",
                    "Santa Maria",
                    "Westminster",
                    "Monterey Park",
                    "Redlands",
                    "Mission Viejo",
                    "Culver City",
                    "Fontana",
                    "Fairfield",
                    "Antioch",
                    "Vista",
                    "Buena Park",
                    "Lodi",
                    "Rialto",
                    "Bellflower",
                    "National City",
                    "Fountain Valley",
                    "La Habra",
                    "Walnut Creek",
                    "Glendora",
                    "Daly City",
                    "Escondido",
                    "Manhattan Beach",
                    "Lawndale",
                    "Lynwood",
                    "Carlsbad",
                    "Los Altos",
                    "Redwood City",
                    "Encinitas",
                    "Salinas",
                    "Menlo Park",
                    "Colton",
                    "Pittsburg",
                    "Santa Clarita",
                    "Corona",
                    "Manteca",
                    "Citrus Heights",
                    "Turlock",
                    "El Centro",
                    "South Lake Tahoe",
                    "San Rafael",
                    "Porterville",
                    "Yuba City",
                    "Campbell",
                    "Montebello",
                    "Jurupa Valley",
                    "Chico",
                    "Tustin",
                    "Placentia",
                    "West Hollywood",
                    "Cupertino",
                    "Duarte",
                    "San Luis Obispo",
                    "Lake Forest",
                    "Eureka",
                    "Hanford",
                    "Petaluma",
                    "Paramount",
                    "Merced",
                    "Tulare",
                    "Livermore",
                    "La Mesa",
                    "La Mirada",
                    "San Gabriel",
                    "Temple City",
                    "Union City",
                    "Milpitas",
                    "Madera",
                    "Rohnert Park",
                    "Beverly Hills",
                    "Palm Springs",
                    "Palmdale",
                    "El Cerrito",
                    "Poway",
                    "San Clemente",
                    "Azusa",
                    "San Marcos",
                    "Tracy",
                    "San Juan Capistrano",
                    "Burlingame",
                    "Cypress",
                    "Bell",
                    "Laguna Niguel",
                    "South Pasadena",
                    "Saratoga",
                    "Victorville",
                    "San Fernando",
                    "Yorba Linda",
                    "South San Francisco",
                    "Industry",
                    "Pleasanton",
                    "Pleasant Hill",
                    "Indio",
                    "Chino",
                    "La Ca\u00f1ada Flintridge",
                    "Cerritos",
                    "Paradise",
                    "Newark",
                    "Dana Point",
                    "Huntington Park",
                    "Bell Gardens",
                    "Highland",
                    "Moreno Valley",
                    "Pacific Grove",
                    "San Ramon",
                    "San Bruno",
                    "Laguna Hills",
                    "Laguna Beach",
                    "San Pablo",
                    "Rancho Cucamonga",
                    "San Carlos",
                    "Santee",
                    "Apple Valley",
                    "Clearlake",
                    "Hesperia",
                    "Woodland",
                    "Monterey",
                    "Martinez",
                    "Oroville",
                    "Lemon Grove",
                    "Yucaipa",
                    "Roseville",
                    "Santa Fe Springs",
                    "Hemet",
                    "Watsonville",
                    "La Verne",
                    "Claremont",
                    "Brawley",
                    "Selma",
                    "El Segundo",
                    "Rocklin",
                    "Pacifica",
                    "Lafayette",
                    "Seaside",
                    "Truckee",
                    "Folsom",
                    "Cathedral City",
                    "Camarillo",
                    "Lake Elsinore",
                    "Danville",
                    "Hermosa Beach",
                    "Ridgecrest",
                    "Stanton",
                    "Norco",
                    "Reedley",
                    "Atascadero",
                    "West Sacramento",
                    "Davis",
                    "Ceres",
                    "Benicia",
                    "Calexico",
                    "Morro Bay",
                    "Mill Valley",
                    "Atwater",
                    "Atherton",
                    "Novato",
                    "Millbrae",
                    "Foster City",
                    "Commerce",
                    "Rancho Palos Verdes",
                    "Sanger",
                    "Los Gatos",
                    "Pinole",
                    "Laguna Woods",
                    "Maywood",
                    "Corte Madera",
                    "Hollister",
                    "Artesia",
                    "Banning",
                    "Oakdale",
                    "Alamo",
                    "Orinda",
                    "La Quinta",
                    "La Palma",
                    "Lemoore",
                    "Imperial Beach",
                    "Barstow",
                    "Corcoran",
                    "Belmont",
                    "Goleta",
                    "Big Bear Lake",
                    "Ukiah",
                    "Mammoth Lakes",
                    "Coachella",
                    "Placerville",
                    "Palm Desert",
                    "Santa Paula",
                    "Shafter",
                    "Rancho Santa Margarita",
                    "Signal Hill",
                    "Los Banos",
                    "East Palo Alto",
                    "Arroyo Grande",
                    "Diamond Bar",
                    "Lincoln",
                    "Marysville",
                    "Baywood-Los Osos",
                    "Gilroy",
                    "Auburn",
                    "Monte Sereno",
                    "Lomita",
                    "Hercules",
                    "Grover Beach",
                    "Rancho Mirage",
                    "San Anselmo",
                    "Sierra Madre",
                    "Capitola",
                    "Desert Hot Springs",
                    "Coronado",
                    "Larkspur",
                    "San Dimas",
                    "Delano",
                    "La Habra Heights",
                    "King City",
                    "San Jacinto",
                    "Suisun City",
                    "Grand Terrace",
                    "Chino Hills",
                    "Rolling Hills Estates",
                    "Sausalito",
                    "California City",
                    "Vincent",
                    "Durham",
                    "Murrieta",
                    "Twentynine Palms",
                    "Dinuba",
                    "Arcata",
                    "Piedmont",
                    "Villa Park",
                    "Paso Robles",
                    "Albany",
                    "Shasta Lake",
                    "Cudahy",
                    "Oakley",
                    "Dublin",
                    "Healdsburg",
                    "Palermo",
                    "Needles",
                    "Lindsay",
                    "Colma",
                    "Coalinga",
                    "Westlake Village",
                    "Chowchilla",
                    "Brentwood",
                    "Palos Verdes Estates",
                    "Wasco",
                    "Carpinteria",
                    "Susanville",
                    "Taft",
                    "Beaumont",
                    "Livingston",
                    "Del Mar",
                    "Dixon",
                    "Orange Cove",
                    "Colusa",
                    "Solana Beach",
                    "Soledad",
                    "Sonora",
                    "Clayton",
                    "Exeter",
                    "Carmel-by-the-Sea",
                    "Tiburon",
                    "Brisbane",
                    "Avenal",
                    "Anderson",
                    "American Canyon",
                    "Willows",
                    "Tehachapi",
                    "Emeryville",
                    "Adelanto",
                    "Red Bluff",
                    "Lathrop",
                    "Portola Valley",
                    "Kingsburg",
                    "Gustine",
                    "Half Moon Bay",
                    "Los Altos Hills",
                    "Kerman",
                    "Fortuna",
                    "Malibu",
                    "Parlier",
                    "Marina",
                    "Perris",
                    "Indian Wells",
                    "Moraga",
                    "Imperial",
                    "Hughson",
                    "Moorpark",
                    "Loomis",
                    "Temecula",
                    "McFarland",
                    "Mendota",
                    "Calipatria",
                    "Walnut",
                    "Broadmoor",
                    "Agoura Hills",
                    "Pismo Beach",
                    "Bishop",
                    "Cloverdale",
                    "Hillsborough",
                    "Rio Vista",
                    "Scotts Valley",
                    "Yreka",
                    "Eastvale",
                    "Fillmore",
                    "Fort Bragg",
                    "Fowler",
                    "Woodside",
                    "Galt",
                    "Gonzales",
                    "Gridley",
                    "Riverbank",
                    "Guerneville",
                    "Alta Sierra",
                    "Patterson",
                    "Sebastopol",
                    "Sonoma",
                    "Windsor",
                    "Oceano",
                    "Hawaiian Gardens",
                    "Avalon",
                    "Orland",
                    "Nevada City",
                    "Newman",
                    "Woodlake",
                    "Yosemite Lakes",
                    "Arvin",
                    "Willits",
                    "Parksdale",
                    "Palo Cedro",
                    "Aliso Viejo",
                    "Fairfax",
                    "Belvedere",
                    "Bodega Bay",
                    "Escalon",
                    "Ojai",
                    "Firebaugh",
                    "Dos Palos",
                    "San Joaquin",
                    "Guadalupe",
                    "Crescent City",
                    "Cottonwood",
                    "Coto de Caza",
                    "Ross",
                    "Rolling Hills",
                    "Hidden Hills",
                    "Stateline",
                    "Sunset Beach",
                    "Lake Los Angeles",
                    "Farmersville",
                    "Canyon Lake",
                    "Calimesa",
                    "Calabasas",
                    "Lakeport"
                ],
                "distribution": [
                    0.1508481421647819,
                    0.05351373182552504,
                    0.03443053311793215,
                    0.030997576736672052,
                    0.024030694668820678,
                    0.02059773828756058,
                    0.01645799676898223,
                    0.015145395799676898,
                    0.011813408723747981,
                    0.011510500807754443,
                    0.009188206785137319,
                    0.008683360258481421,
                    0.008683360258481421,
                    0.007875605815831988,
                    0.007572697899838449,
                    0.00747172859450727,
                    0.007269789983844911,
                    0.006764943457189015,
                    0.006663974151857835,
                    0.006663974151857835,
                    0.006563004846526656,
                    0.006563004846526656,
                    0.006361066235864297,
                    0.006260096930533118,
                    0.006159127625201938,
                    0.006058158319870759,
                    0.006058158319870759,
                    0.0058562197092084005,
                    0.0057552504038772215,
                    0.005452342487883684,
                    0.005250403877221325,
                    0.005250403877221325,
                    0.005250403877221325,
                    0.004947495961227787,
                    0.004745557350565428,
                    0.004745557350565428,
                    0.004745557350565428,
                    0.0045436187399030695,
                    0.0044426494345718905,
                    0.004341680129240711,
                    0.004240710823909532,
                    0.004139741518578352,
                    0.004038772213247173,
                    0.004038772213247173,
                    0.004038772213247173,
                    0.004038772213247173,
                    0.004038772213247173,
                    0.003937802907915994,
                    0.003735864297253635,
                    0.003735864297253635,
                    0.003735864297253635,
                    0.003735864297253635,
                    0.0035339256865912763,
                    0.0035339256865912763,
                    0.003432956381260097,
                    0.003432956381260097,
                    0.003432956381260097,
                    0.003432956381260097,
                    0.003432956381260097,
                    0.003432956381260097,
                    0.0033319870759289175,
                    0.0033319870759289175,
                    0.0033319870759289175,
                    0.0032310177705977385,
                    0.0032310177705977385,
                    0.003130048465266559,
                    0.003130048465266559,
                    0.0030290791599353797,
                    0.0030290791599353797,
                    0.0030290791599353797,
                    0.0030290791599353797,
                    0.0030290791599353797,
                    0.0030290791599353797,
                    0.0029281098546042003,
                    0.0029281098546042003,
                    0.0029281098546042003,
                    0.002827140549273021,
                    0.002827140549273021,
                    0.002827140549273021,
                    0.002726171243941842,
                    0.002726171243941842,
                    0.002726171243941842,
                    0.002726171243941842,
                    0.0026252019386106625,
                    0.002524232633279483,
                    0.002524232633279483,
                    0.002524232633279483,
                    0.002524232633279483,
                    0.002524232633279483,
                    0.0024232633279483036,
                    0.0024232633279483036,
                    0.0024232633279483036,
                    0.0024232633279483036,
                    0.0024232633279483036,
                    0.0023222940226171242,
                    0.0023222940226171242,
                    0.0023222940226171242,
                    0.0023222940226171242,
                    0.0023222940226171242,
                    0.0023222940226171242,
                    0.0023222940226171242,
                    0.0023222940226171242,
                    0.0022213247172859453,
                    0.0022213247172859453,
                    0.0022213247172859453,
                    0.0022213247172859453,
                    0.0022213247172859453,
                    0.002120355411954766,
                    0.002120355411954766,
                    0.002120355411954766,
                    0.002120355411954766,
                    0.002120355411954766,
                    0.002120355411954766,
                    0.002120355411954766,
                    0.002120355411954766,
                    0.002120355411954766,
                    0.002120355411954766,
                    0.002120355411954766,
                    0.0020193861066235864,
                    0.0020193861066235864,
                    0.0020193861066235864,
                    0.0020193861066235864,
                    0.001918416801292407,
                    0.001918416801292407,
                    0.001918416801292407,
                    0.001918416801292407,
                    0.001918416801292407,
                    0.001918416801292407,
                    0.001918416801292407,
                    0.001918416801292407,
                    0.0018174474959612278,
                    0.0018174474959612278,
                    0.0018174474959612278,
                    0.0018174474959612278,
                    0.0018174474959612278,
                    0.0018174474959612278,
                    0.0018174474959612278,
                    0.0018174474959612278,
                    0.0017164781906300484,
                    0.0017164781906300484,
                    0.0017164781906300484,
                    0.0017164781906300484,
                    0.0016155088852988692,
                    0.0016155088852988692,
                    0.0016155088852988692,
                    0.0016155088852988692,
                    0.0016155088852988692,
                    0.0016155088852988692,
                    0.0016155088852988692,
                    0.0016155088852988692,
                    0.0016155088852988692,
                    0.0016155088852988692,
                    0.0016155088852988692,
                    0.0015145395799676898,
                    0.0015145395799676898,
                    0.0015145395799676898,
                    0.0015145395799676898,
                    0.0015145395799676898,
                    0.0015145395799676898,
                    0.0014135702746365104,
                    0.0014135702746365104,
                    0.0014135702746365104,
                    0.0014135702746365104,
                    0.0014135702746365104,
                    0.0013126009693053312,
                    0.0013126009693053312,
                    0.0013126009693053312,
                    0.0013126009693053312,
                    0.0013126009693053312,
                    0.0013126009693053312,
                    0.0013126009693053312,
                    0.0013126009693053312,
                    0.0013126009693053312,
                    0.0013126009693053312,
                    0.0012116316639741518,
                    0.0012116316639741518,
                    0.0012116316639741518,
                    0.0012116316639741518,
                    0.0012116316639741518,
                    0.0012116316639741518,
                    0.0012116316639741518,
                    0.0012116316639741518,
                    0.0012116316639741518,
                    0.0012116316639741518,
                    0.0012116316639741518,
                    0.0012116316639741518,
                    0.0011106623586429726,
                    0.0011106623586429726,
                    0.0011106623586429726,
                    0.0011106623586429726,
                    0.0011106623586429726,
                    0.0011106623586429726,
                    0.0011106623586429726,
                    0.0011106623586429726,
                    0.0011106623586429726,
                    0.0011106623586429726,
                    0.0011106623586429726,
                    0.0011106623586429726,
                    0.0010096930533117932,
                    0.0010096930533117932,
                    0.0010096930533117932,
                    0.0010096930533117932,
                    0.0010096930533117932,
                    0.0010096930533117932,
                    0.0009087237479806139,
                    0.0009087237479806139,
                    0.0009087237479806139,
                    0.0009087237479806139,
                    0.0009087237479806139,
                    0.0009087237479806139,
                    0.0009087237479806139,
                    0.0009087237479806139,
                    0.0009087237479806139,
                    0.0009087237479806139,
                    0.0009087237479806139,
                    0.0009087237479806139,
                    0.0009087237479806139,
                    0.0009087237479806139,
                    0.0008077544426494346,
                    0.0008077544426494346,
                    0.0008077544426494346,
                    0.0008077544426494346,
                    0.0008077544426494346,
                    0.0008077544426494346,
                    0.0008077544426494346,
                    0.0008077544426494346,
                    0.0008077544426494346,
                    0.0008077544426494346,
                    0.0008077544426494346,
                    0.0008077544426494346,
                    0.0008077544426494346,
                    0.0008077544426494346,
                    0.0008077544426494346,
                    0.0008077544426494346,
                    0.0008077544426494346,
                    0.0008077544426494346,
                    0.0008077544426494346,
                    0.0007067851373182552,
                    0.0007067851373182552,
                    0.0007067851373182552,
                    0.0007067851373182552,
                    0.0007067851373182552,
                    0.0007067851373182552,
                    0.0007067851373182552,
                    0.0007067851373182552,
                    0.0007067851373182552,
                    0.0007067851373182552,
                    0.0007067851373182552,
                    0.0007067851373182552,
                    0.0007067851373182552,
                    0.0007067851373182552,
                    0.0007067851373182552,
                    0.0007067851373182552,
                    0.0007067851373182552,
                    0.0006058158319870759,
                    0.0006058158319870759,
                    0.0006058158319870759,
                    0.0006058158319870759,
                    0.0006058158319870759,
                    0.0006058158319870759,
                    0.0006058158319870759,
                    0.0006058158319870759,
                    0.0006058158319870759,
                    0.0006058158319870759,
                    0.0006058158319870759,
                    0.0006058158319870759,
                    0.0006058158319870759,
                    0.0006058158319870759,
                    0.0006058158319870759,
                    0.0006058158319870759,
                    0.0006058158319870759,
                    0.0006058158319870759,
                    0.0006058158319870759,
                    0.0005048465266558966,
                    0.0005048465266558966,
                    0.0005048465266558966,
                    0.0005048465266558966,
                    0.0005048465266558966,
                    0.0005048465266558966,
                    0.0005048465266558966,
                    0.0005048465266558966,
                    0.0005048465266558966,
                    0.0005048465266558966,
                    0.0005048465266558966,
                    0.0005048465266558966,
                    0.0005048465266558966,
                    0.0005048465266558966,
                    0.0005048465266558966,
                    0.0005048465266558966,
                    0.0005048465266558966,
                    0.0005048465266558966,
                    0.0005048465266558966,
                    0.0005048465266558966,
                    0.0005048465266558966,
                    0.0005048465266558966,
                    0.0005048465266558966,
                    0.0005048465266558966,
                    0.0005048465266558966,
                    0.0004038772213247173,
                    0.0004038772213247173,
                    0.0004038772213247173,
                    0.0004038772213247173,
                    0.0004038772213247173,
                    0.0004038772213247173,
                    0.0004038772213247173,
                    0.0004038772213247173,
                    0.0004038772213247173,
                    0.0004038772213247173,
                    0.0004038772213247173,
                    0.0004038772213247173,
                    0.0004038772213247173,
                    0.0004038772213247173,
                    0.0004038772213247173,
                    0.0004038772213247173,
                    0.0004038772213247173,
                    0.0004038772213247173,
                    0.0004038772213247173,
                    0.0004038772213247173,
                    0.0004038772213247173,
                    0.0004038772213247173,
                    0.0004038772213247173,
                    0.00030290791599353796,
                    0.00030290791599353796,
                    0.00030290791599353796,
                    0.00030290791599353796,
                    0.00030290791599353796,
                    0.00030290791599353796,
                    0.00030290791599353796,
                    0.00030290791599353796,
                    0.00030290791599353796,
                    0.00030290791599353796,
                    0.00030290791599353796,
                    0.00030290791599353796,
                    0.00030290791599353796,
                    0.00030290791599353796,
                    0.00030290791599353796,
                    0.00030290791599353796,
                    0.00030290791599353796,
                    0.00030290791599353796,
                    0.00030290791599353796,
                    0.00030290791599353796,
                    0.00030290791599353796,
                    0.00030290791599353796,
                    0.00030290791599353796,
                    0.00030290791599353796,
                    0.00030290791599353796,
                    0.00030290791599353796,
                    0.00030290791599353796,
                    0.00030290791599353796,
                    0.00030290791599353796,
                    0.00030290791599353796,
                    0.00030290791599353796,
                    0.00030290791599353796,
                    0.00020193861066235866,
                    0.00020193861066235866,
                    0.00020193861066235866,
                    0.00020193861066235866,
                    0.00020193861066235866,
                    0.00020193861066235866,
                    0.00020193861066235866,
                    0.00020193861066235866,
                    0.00020193861066235866,
                    0.00020193861066235866,
                    0.00020193861066235866,
                    0.00020193861066235866,
                    0.00020193861066235866,
                    0.00020193861066235866,
                    0.00020193861066235866,
                    0.00020193861066235866,
                    0.00020193861066235866,
                    0.00020193861066235866,
                    0.00020193861066235866,
                    0.00020193861066235866,
                    0.00020193861066235866,
                    0.00020193861066235866,
                    0.00020193861066235866,
                    0.00020193861066235866,
                    0.00020193861066235866,
                    0.00020193861066235866,
                    0.00020193861066235866,
                    0.00020193861066235866,
                    0.00020193861066235866,
                    0.00020193861066235866,
                    0.00020193861066235866,
                    0.00020193861066235866,
                    0.00020193861066235866,
                    0.00020193861066235866,
                    0.00020193861066235866,
                    0.00020193861066235866,
                    0.00020193861066235866,
                    0.00010096930533117933,
                    0.00010096930533117933,
                    0.00010096930533117933,
                    0.00010096930533117933,
                    0.00010096930533117933,
                    0.00010096930533117933,
                    0.00010096930533117933,
                    0.00010096930533117933,
                    0.00010096930533117933,
                    0.00010096930533117933,
                    0.00010096930533117933,
                    0.00010096930533117933,
                    0.00010096930533117933,
                    0.00010096930533117933,
                    0.00010096930533117933,
                    0.00010096930533117933,
                    0.00010096930533117933,
                    0.00010096930533117933,
                    0.00010096930533117933,
                    0.00010096930533117933,
                    0.00010096930533117933,
                    0.00010096930533117933,
                    0.00010096930533117933,
                    0.00010096930533117933,
                    0.00010096930533117933,
                    0.00010096930533117933,
                    0.00010096930533117933,
                    0.00010096930533117933,
                    0.00010096930533117933,
                    0.00010096930533117933,
                    0.00010096930533117933,
                    0.00010096930533117933,
                    0.00010096930533117933,
                    0.00010096930533117933
                ]
            }
        },
        "ocean_proximity": {
            "type": "CATEGORY",
            "nbDistinct": 5,
            "count": 13175,
            "missingCount": 0.0,
            "values": {
                "scale": [
                    "<1H OCEAN",
                    "INLAND",
                    "NEAR OCEAN",
                    "NEAR BAY",
                    "ISLAND"
                ],
                "distribution": [
                    0.4449335863377609,
                    0.3166603415559772,
                    0.12804554079696395,
                    0.11013282732447818,
                    0.00022770398481973433
                ]
            }
        },
        "outliers": {
            "type": "NUMERIC",
            "nbDistinct": 2,
            "count": 13175,
            "missingCount": 0.0,
            "histogram": {
                "scale": [
                    0.0,
                    0.02040816326530612,
                    0.04081632653061224,
                    0.061224489795918366,
                    0.08163265306122448,
                    0.1020408163265306,
                    0.12244897959183673,
                    0.14285714285714285,
                    0.16326530612244897,
                    0.18367346938775508,
                    0.2040816326530612,
                    0.22448979591836732,
                    0.24489795918367346,
                    0.26530612244897955,
                    0.2857142857142857,
                    0.3061224489795918,
                    0.32653061224489793,
                    0.3469387755102041,
                    0.36734693877551017,
                    0.3877551020408163,
                    0.4081632653061224,
                    0.42857142857142855,
                    0.44897959183673464,
                    0.4693877551020408,
                    0.4897959183673469,
                    0.5102040816326531,
                    0.5306122448979591,
                    0.5510204081632653,
                    0.5714285714285714,
                    0.5918367346938775,
                    0.6122448979591836,
                    0.6326530612244897,
                    0.6530612244897959,
                    0.673469387755102,
                    0.6938775510204082,
                    0.7142857142857142,
                    0.7346938775510203,
                    0.7551020408163265,
                    0.7755102040816326,
                    0.7959183673469387,
                    0.8163265306122448,
                    0.836734693877551,
                    0.8571428571428571,
                    0.8775510204081632,
                    0.8979591836734693,
                    0.9183673469387754,
                    0.9387755102040816,
                    0.9591836734693877,
                    0.9795918367346939,
                    1.0
                ],
                "distribution": [
                    0.9962808349146111,
                    0.0,
                    0.0,
                    0.0,
                    0.0,
                    0.0,
                    0.0,
                    0.0,
                    0.0,
                    0.0,
                    0.0,
                    0.0,
                    0.0,
                    0.0,
                    0.0,
                    0.0,
                    0.0,
                    0.0,
                    0.0,
                    0.0,
                    0.0,
                    0.0,
                    0.0,
                    0.0,
                    0.0,
                    0.0,
                    0.0,
                    0.0,
                    0.0,
                    0.0,
                    0.0,
                    0.0,
                    0.0,
                    0.0,
                    0.0,
                    0.0,
                    0.0,
                    0.0,
                    0.0,
                    0.0,
                    0.0,
                    0.0,
                    0.0,
                    0.0,
                    0.0,
                    0.0,
                    0.0,
                    0.0,
                    0.0037191650853889945
                ]
            },
            "quantiles": {
                "scale": [
                    0.0,
                    0.0,
                    0.0,
                    0.0,
                    0.0,
                    0.0,
                    0.0,
                    0.0,
                    0.0,
                    0.5
                ],
                "distribution": [
                    0.0,
                    0.0,
                    0.0,
                    0.0,
                    0.0,
                    0.0,
                    0.0,
                    0.0,
                    0.0,
                    1.0
                ]
            },
            "topValues": [
                {
                    "value": 0.0,
                    "count": 13126.0
                },
                {
                    "value": 1.0,
                    "count": 49.0
                }
            ]
        },
        "total_bedrooms": {
            "type": "NUMERIC",
            "nbDistinct": 1726,
            "count": 13175,
            "missingCount": 144.0,
            "histogram": {
                "scale": [
                    1.0,
                    112.63265306122449,
                    224.26530612244898,
                    335.8979591836735,
                    447.53061224489795,
                    559.1632653061224,
                    670.795918367347,
                    782.4285714285714,
                    894.0612244897959,
                    1005.6938775510204,
                    1117.3265306122448,
                    1228.9591836734694,
                    1340.591836734694,
                    1452.2244897959183,
                    1563.857142857143,
                    1675.4897959183672,
                    1787.1224489795918,
                    1898.7551020408164,
                    2010.3877551020407,
                    2122.020408163265,
                    2233.6530612244896,
                    2345.285714285714,
                    2456.918367346939,
                    2568.5510204081634,
                    2680.183673469388,
                    2791.816326530612,
                    2903.4489795918366,
                    3015.081632653061,
                    3126.714285714286,
                    3238.3469387755104,
                    3349.9795918367345,
                    3461.612244897959,
                    3573.2448979591836,
                    3684.877551020408,
                    3796.5102040816328,
                    3908.142857142857,
                    4019.7755102040815,
                    4131.408163265306,
                    4243.04081632653,
                    4354.673469387755,
                    4466.306122448979,
                    4577.938775510204,
                    4689.571428571428,
                    4801.204081632653,
                    4912.836734693878,
                    5024.469387755102,
                    5136.102040816327,
                    5247.734693877551,
                    5359.367346938776,
                    5471.0
                ],
                "distribution": [
                    0.03752589977745376,
                    0.09331593891489524,
                    0.1910060624664262,
                    0.1954569871844064,
                    0.15071751976057093,
                    0.10098994704934387,
                    0.06737779142045891,
                    0.04374184636635715,
                    0.028317090016115418,
                    0.022331363671245493,
                    0.014350395211418924,
                    0.011280791957639475,
                    0.007750748215793109,
                    0.007213567646381705,
                    0.005295065612769549,
                    0.004374184636635715,
                    0.0029161230910904764,
                    0.002685902847057018,
                    0.0012278413015117797,
                    0.001995242114956642,
                    0.0013045813828562658,
                    0.000997621057478321,
                    0.0015348016268897245,
                    0.0010743611388228072,
                    0.000690660732100376,
                    0.000997621057478321,
                    0.00046044048806691734,
                    0.0005371805694114036,
                    0.00046044048806691734,
                    0.00023022024403345867,
                    0.00015348016268897246,
                    0.00023022024403345867,
                    0.00015348016268897246,
                    7.674008134448623e-05,
                    0.0,
                    0.00023022024403345867,
                    0.00023022024403345867,
                    0.00015348016268897246,
                    0.0,
                    0.00015348016268897246,
                    7.674008134448623e-05,
                    0.0,
                    0.0,
                    7.674008134448623e-05,
                    7.674008134448623e-05,
                    0.0,
                    0.0,
                    7.674008134448623e-05,
                    0.00015348016268897246
                ]
            },
            "quantiles": {
                "scale": [
                    99.5,
                    234.0,
                    296.5,
                    351.0,
                    407.5,
                    469.5,
                    547.0,
                    654.0,
                    843.0,
                    3220.0
                ],
                "distribution": [
                    0.09922492517842069,
                    0.09945514542245415,
                    0.10068298672396593,
                    0.09922492517842069,
                    0.10068298672396593,
                    0.09983884582917658,
                    0.100222546235899,
                    0.09999232599186555,
                    0.10052950656127696,
                    0.10014580615455453
                ]
            },
            "topValues": [
                {
                    "value": 458.0,
                    "count": 36.0
                },
                {
                    "value": 393.0,
                    "count": 35.0
                },
                {
                    "value": 280.0,
                    "count": 34.0
                },
                {
                    "value": 348.0,
                    "count": 34.0
                },
                {
                    "value": 345.0,
                    "count": 33.0
                },
                {
                    "value": 361.0,
                    "count": 33.0
                },
                {
                    "value": 365.0,
                    "count": 33.0
                },
                {
                    "value": 312.0,
                    "count": 32.0
                },
                {
                    "value": 328.0,
                    "count": 32.0
                },
                {
                    "value": 431.0,
                    "count": 32.0
                },
                {
                    "value": 272.0,
                    "count": 31.0
                },
                {
                    "value": 289.0,
                    "count": 31.0
                },
                {
                    "value": 295.0,
                    "count": 31.0
                },
                {
                    "value": 300.0,
                    "count": 31.0
                },
                {
                    "value": 322.0,
                    "count": 31.0
                },
                {
                    "value": 353.0,
                    "count": 31.0
                },
                {
                    "value": 460.0,
                    "count": 31.0
                },
                {
                    "value": 261.0,
                    "count": 30.0
                },
                {
                    "value": 284.0,
                    "count": 30.0
                },
                {
                    "value": 314.0,
                    "count": 30.0
                },
                {
                    "value": 317.0,
                    "count": 30.0
                },
                {
                    "value": 373.0,
                    "count": 30.0
                },
                {
                    "value": 394.0,
                    "count": 30.0
                },
                {
                    "value": 477.0,
                    "count": 30.0
                },
                {
                    "value": 282.0,
                    "count": 29.0
                },
                {
                    "value": 291.0,
                    "count": 29.0
                },
                {
                    "value": 294.0,
                    "count": 29.0
                },
                {
                    "value": 369.0,
                    "count": 29.0
                },
                {
                    "value": 260.0,
                    "count": 28.0
                },
                {
                    "value": 278.0,
                    "count": 28.0
                },
                {
                    "value": 307.0,
                    "count": 28.0
                },
                {
                    "value": 308.0,
                    "count": 28.0
                },
                {
                    "value": 315.0,
                    "count": 28.0
                },
                {
                    "value": 335.0,
                    "count": 28.0
                },
                {
                    "value": 340.0,
                    "count": 28.0
                },
                {
                    "value": 360.0,
                    "count": 28.0
                },
                {
                    "value": 372.0,
                    "count": 28.0
                },
                {
                    "value": 389.0,
                    "count": 28.0
                },
                {
                    "value": 238.0,
                    "count": 27.0
                },
                {
                    "value": 254.0,
                    "count": 27.0
                },
                {
                    "value": 277.0,
                    "count": 27.0
                },
                {
                    "value": 303.0,
                    "count": 27.0
                },
                {
                    "value": 309.0,
                    "count": 27.0
                },
                {
                    "value": 313.0,
                    "count": 27.0
                },
                {
                    "value": 331.0,
                    "count": 27.0
                },
                {
                    "value": 347.0,
                    "count": 27.0
                },
                {
                    "value": 358.0,
                    "count": 27.0
                },
                {
                    "value": 396.0,
                    "count": 27.0
                },
                {
                    "value": 398.0,
                    "count": 27.0
                },
                {
                    "value": 408.0,
                    "count": 27.0
                }
            ]
        },
        "total_rooms": {
            "type": "NUMERIC",
            "nbDistinct": 4999,
            "count": 13175,
            "missingCount": 0.0,
            "histogram": {
                "scale": [
                    8.0,
                    782.0612244897959,
                    1556.1224489795918,
                    2330.183673469388,
                    3104.2448979591836,
                    3878.3061224489793,
                    4652.367346938776,
                    5426.428571428572,
                    6200.489795918367,
                    6974.551020408163,
                    7748.612244897959,
                    8522.673469387755,
                    9296.734693877552,
                    10070.795918367347,
                    10844.857142857143,
                    11618.918367346938,
                    12392.979591836734,
                    13167.040816326531,
                    13941.102040816326,
                    14715.163265306122,
                    15489.224489795917,
                    16263.285714285714,
                    17037.34693877551,
                    17811.408163265307,
                    18585.469387755104,
                    19359.530612244896,
                    20133.591836734693,
                    20907.65306122449,
                    21681.714285714286,
                    22455.775510204083,
                    23229.836734693876,
                    24003.897959183672,
                    24777.95918367347,
                    25552.020408163266,
                    26326.081632653062,
                    27100.142857142855,
                    27874.20408163265,
                    28648.26530612245,
                    29422.326530612245,
                    30196.38775510204,
                    30970.448979591834,
                    31744.51020408163,
                    32518.571428571428,
                    33292.63265306122,
                    34066.69387755102,
                    34840.755102040814,
                    35614.816326530614,
                    36388.87755102041,
                    37162.93877551021,
                    37937.0
                ],
                "distribution": [
                    0.07149905123339659,
                    0.21836812144212522,
                    0.2724098671726755,
                    0.18208728652751424,
                    0.09973434535104364,
                    0.056925996204933584,
                    0.027096774193548386,
                    0.02125237191650854,
                    0.014193548387096775,
                    0.00872865275142315,
                    0.005161290322580645,
                    0.004705882352941176,
                    0.004098671726755218,
                    0.002732447817836812,
                    0.00174573055028463,
                    0.0015939278937381403,
                    0.0011385199240986717,
                    0.0009108159392789373,
                    0.0009867172675521823,
                    0.000683111954459203,
                    0.00045540796963946866,
                    0.0007590132827324478,
                    0.0006072106261859583,
                    0.0005313092979127135,
                    0.00022770398481973433,
                    0.0,
                    0.00022770398481973433,
                    0.00030360531309297915,
                    0.00015180265654648957,
                    0.0,
                    0.00015180265654648957,
                    7.590132827324479e-05,
                    0.00015180265654648957,
                    7.590132827324479e-05,
                    0.0,
                    0.0,
                    0.0,
                    0.0,
                    0.0,
                    7.590132827324479e-05,
                    0.0,
                    7.590132827324479e-05,
                    0.0,
                    0.0,
                    0.0,
                    0.0,
                    0.0,
                    0.0,
                    7.590132827324479e-05
                ]
            },
            "quantiles": {
                "scale": [
                    473.0,
                    1118.5,
                    1440.5,
                    1709.0,
                    1981.5,
                    2296.0,
                    2664.5,
                    3168.0599999999995,
                    4053.5999999999995,
                    21286.04
                ],
                "distribution": [
                    0.09973434535104364,
                    0.10003795066413662,
                    0.10011385199240987,
                    0.10003795066413662,
                    0.09943074003795066,
                    0.10041745730550285,
                    0.10011385199240987,
                    0.10011385199240987,
                    0.10003795066413662,
                    0.09996204933586338
                ]
            },
            "topValues": [
                {
                    "value": 1613.0,
                    "count": 14.0
                },
                {
                    "value": 1471.0,
                    "count": 12.0
                },
                {
                    "value": 1485.0,
                    "count": 12.0
                },
                {
                    "value": 1527.0,
                    "count": 12.0
                },
                {
                    "value": 1808.0,
                    "count": 12.0
                },
                {
                    "value": 2228.0,
                    "count": 12.0
                },
                {
                    "value": 1565.0,
                    "count": 11.0
                },
                {
                    "value": 1576.0,
                    "count": 11.0
                },
                {
                    "value": 1731.0,
                    "count": 11.0
                },
                {
                    "value": 1755.0,
                    "count": 11.0
                },
                {
                    "value": 1777.0,
                    "count": 11.0
                },
                {
                    "value": 1901.0,
                    "count": 11.0
                },
                {
                    "value": 1170.0,
                    "count": 10.0
                },
                {
                    "value": 1437.0,
                    "count": 10.0
                },
                {
                    "value": 1461.0,
                    "count": 10.0
                },
                {
                    "value": 1465.0,
                    "count": 10.0
                },
                {
                    "value": 1562.0,
                    "count": 10.0
                },
                {
                    "value": 1582.0,
                    "count": 10.0
                },
                {
                    "value": 1625.0,
                    "count": 10.0
                },
                {
                    "value": 1665.0,
                    "count": 10.0
                },
                {
                    "value": 1671.0,
                    "count": 10.0
                },
                {
                    "value": 1704.0,
                    "count": 10.0
                },
                {
                    "value": 1717.0,
                    "count": 10.0
                },
                {
                    "value": 1729.0,
                    "count": 10.0
                },
                {
                    "value": 1750.0,
                    "count": 10.0
                },
                {
                    "value": 1814.0,
                    "count": 10.0
                },
                {
                    "value": 1989.0,
                    "count": 10.0
                },
                {
                    "value": 2104.0,
                    "count": 10.0
                },
                {
                    "value": 2112.0,
                    "count": 10.0
                },
                {
                    "value": 2127.0,
                    "count": 10.0
                },
                {
                    "value": 786.0,
                    "count": 9.0
                },
                {
                    "value": 1087.0,
                    "count": 9.0
                },
                {
                    "value": 1240.0,
                    "count": 9.0
                },
                {
                    "value": 1283.0,
                    "count": 9.0
                },
                {
                    "value": 1335.0,
                    "count": 9.0
                },
                {
                    "value": 1427.0,
                    "count": 9.0
                },
                {
                    "value": 1473.0,
                    "count": 9.0
                },
                {
                    "value": 1513.0,
                    "count": 9.0
                },
                {
                    "value": 1606.0,
                    "count": 9.0
                },
                {
                    "value": 1631.0,
                    "count": 9.0
                },
                {
                    "value": 1664.0,
                    "count": 9.0
                },
                {
                    "value": 1724.0,
                    "count": 9.0
                },
                {
                    "value": 1743.0,
                    "count": 9.0
                },
                {
                    "value": 1765.0,
                    "count": 9.0
                },
                {
                    "value": 1787.0,
                    "count": 9.0
                },
                {
                    "value": 1788.0,
                    "count": 9.0
                },
                {
                    "value": 1802.0,
                    "count": 9.0
                },
                {
                    "value": 1813.0,
                    "count": 9.0
                },
                {
                    "value": 2019.0,
                    "count": 9.0
                },
                {
                    "value": 2050.0,
                    "count": 9.0
                }
            ]
        }
    }
}