{
    "startedAt": 1668091291480,
    "gridSize": 3,
    "nThreads": 4,
    "nSplits": 5,
    "metric": "R2",
    "timeout": null,
    "gridPoints": [
        {
            "finishedAt": 1668091296091,
            "score": 0.466925121375094,
            "testScoreGibMean": 0.466925121375094,
            "testScoreMean": 0.466925121375094,
            "testScoreStd": 0.013204493805876707,
            "trainScoreMean": 0.47582261127577796,
            "trainScoreStd": 0.009213047501859063,
            "time": 12434,
            "fitTimeMean": 2162.2,
            "fitTimeStd": 275.89229782652507,
            "scoreTimeMean": 324.6,
            "scoreTimeStd": 52.33583858122463,
            "parameters": {
                "max_depth": 6,
                "max_features": "sqrt",
                "min_samples_leaf": 10,
                "n_estimators": 100,
                "min_samples_split": 30
            }
        },
        {
            "finishedAt": 1668091300782,
            "score": 0.6060966799065677,
            "testScoreGibMean": 0.6060966799065677,
            "testScoreMean": 0.6060966799065677,
            "testScoreStd": 0.00901244856011747,
            "trainScoreMean": 0.6268736908477486,
            "trainScoreStd": 0.009372129643378482,
            "time": 17799,
            "fitTimeMean": 3177.2,
            "fitTimeStd": 161.77688339191107,
            "scoreTimeMean": 382.6,
            "scoreTimeStd": 36.66387868188525,
            "parameters": {
                "max_depth": 13,
                "max_features": "sqrt",
                "min_samples_leaf": 10,
                "n_estimators": 100,
                "min_samples_split": 30
            }
        },
        {
            "finishedAt": 1668091303500,
            "score": 0.6210267675520617,
            "testScoreGibMean": 0.6210267675520617,
            "testScoreMean": 0.6210267675520617,
            "testScoreStd": 0.013064226079016096,
            "trainScoreMean": 0.6453445921238361,
            "trainScoreStd": 0.00621982026716759,
            "time": 15329,
            "fitTimeMean": 2784.6,
            "fitTimeStd": 543.8935925344222,
            "scoreTimeMean": 281.2,
            "scoreTimeStd": 151.8227914379129,
            "parameters": {
                "max_depth": 17,
                "max_features": "sqrt",
                "min_samples_leaf": 10,
                "n_estimators": 100,
                "min_samples_split": 30
            }
        }
    ]
}