[
    {
        "test_score_gib": 0.4854540893028573,
        "train_score": 0.4746860027406782,
        "test_score": 0.4854540893028573,
        "num_samples": 2635,
        "fit_time": 2441,
        "score_time": 288,
        "time": 2729,
        "parameters": {
            "max_depth": 6,
            "max_features": "sqrt",
            "min_samples_leaf": 10,
            "n_estimators": 100,
            "min_samples_split": 30
        },
        "done_at": 1668091294215,
        "split_id": 0
    },
    {
        "test_score_gib": 0.47600701405952195,
        "train_score": 0.47609563766541596,
        "test_score": 0.47600701405952195,
        "num_samples": 2635,
        "fit_time": 2440,
        "score_time": 276,
        "time": 2716,
        "parameters": {
            "max_depth": 6,
            "max_features": "sqrt",
            "min_samples_leaf": 10,
            "n_estimators": 100,
            "min_samples_split": 30
        },
        "done_at": 1668091294204,
        "split_id": 1
    },
    {
        "test_score_gib": 0.4553175099014689,
        "train_score": 0.474329767095106,
        "test_score": 0.4553175099014689,
        "num_samples": 2635,
        "fit_time": 2001,
        "score_time": 391,
        "time": 2392,
        "parameters": {
            "max_depth": 6,
            "max_features": "sqrt",
            "min_samples_leaf": 10,
            "n_estimators": 100,
            "min_samples_split": 30
        },
        "done_at": 1668091293882,
        "split_id": 2
    },
    {
        "test_score_gib": 0.4493526760330273,
        "train_score": 0.4625434760871755,
        "test_score": 0.4493526760330273,
        "num_samples": 2635,
        "fit_time": 1718,
        "score_time": 386,
        "time": 2104,
        "parameters": {
            "max_depth": 6,
            "max_features": "sqrt",
            "min_samples_leaf": 10,
            "n_estimators": 100,
            "min_samples_split": 30
        },
        "done_at": 1668091293596,
        "split_id": 3
    },
    {
        "test_score_gib": 0.46849431757859483,
        "train_score": 0.4914581727905145,
        "test_score": 0.46849431757859483,
        "num_samples": 2635,
        "fit_time": 2211,
        "score_time": 282,
        "time": 2493,
        "parameters": {
            "max_depth": 6,
            "max_features": "sqrt",
            "min_samples_leaf": 10,
            "n_estimators": 100,
            "min_samples_split": 30
        },
        "done_at": 1668091296091,
        "split_id": 4
    },
    {
        "test_score_gib": 0.6233668845960529,
        "train_score": 0.615052272024951,
        "test_score": 0.6233668845960529,
        "num_samples": 2635,
        "fit_time": 3108,
        "score_time": 313,
        "time": 3421,
        "parameters": {
            "max_depth": 13,
            "max_features": "sqrt",
            "min_samples_leaf": 10,
            "n_estimators": 100,
            "min_samples_split": 30
        },
        "done_at": 1668091297305,
        "split_id": 0
    },
    {
        "test_score_gib": 0.6039642228865766,
        "train_score": 0.6162993844433442,
        "test_score": 0.6039642228865766,
        "num_samples": 2635,
        "fit_time": 3476,
        "score_time": 421,
        "time": 3897,
        "parameters": {
            "max_depth": 13,
            "max_features": "sqrt",
            "min_samples_leaf": 10,
            "n_estimators": 100,
            "min_samples_split": 30
        },
        "done_at": 1668091298103,
        "split_id": 1
    },
    {
        "test_score_gib": 0.5968228867915968,
        "train_score": 0.6312647341975857,
        "test_score": 0.5968228867915968,
        "num_samples": 2635,
        "fit_time": 3009,
        "score_time": 398,
        "time": 3407,
        "parameters": {
            "max_depth": 13,
            "max_features": "sqrt",
            "min_samples_leaf": 10,
            "n_estimators": 100,
            "min_samples_split": 30
        },
        "done_at": 1668091297699,
        "split_id": 2
    },
    {
        "test_score_gib": 0.6034071712220654,
        "train_score": 0.6341073281806011,
        "test_score": 0.6034071712220654,
        "num_samples": 2635,
        "fit_time": 3204,
        "score_time": 395,
        "time": 3599,
        "parameters": {
            "max_depth": 13,
            "max_features": "sqrt",
            "min_samples_leaf": 10,
            "n_estimators": 100,
            "min_samples_split": 30
        },
        "done_at": 1668091299696,
        "split_id": 3
    },
    {
        "test_score_gib": 0.6029222340365464,
        "train_score": 0.6376447353922606,
        "test_score": 0.6029222340365464,
        "num_samples": 2635,
        "fit_time": 3089,
        "score_time": 386,
        "time": 3475,
        "parameters": {
            "max_depth": 13,
            "max_features": "sqrt",
            "min_samples_leaf": 10,
            "n_estimators": 100,
            "min_samples_split": 30
        },
        "done_at": 1668091300782,
        "split_id": 4
    },
    {
        "test_score_gib": 0.6409201350947951,
        "train_score": 0.6337815062542138,
        "test_score": 0.6409201350947951,
        "num_samples": 2635,
        "fit_time": 3388,
        "score_time": 399,
        "time": 3787,
        "parameters": {
            "max_depth": 17,
            "max_features": "sqrt",
            "min_samples_leaf": 10,
            "n_estimators": 100,
            "min_samples_split": 30
        },
        "done_at": 1668091301490,
        "split_id": 0
    },
    {
        "test_score_gib": 0.6323042650397632,
        "train_score": 0.6498377234889781,
        "test_score": 0.6323042650397632,
        "num_samples": 2635,
        "fit_time": 3205,
        "score_time": 484,
        "time": 3689,
        "parameters": {
            "max_depth": 17,
            "max_features": "sqrt",
            "min_samples_leaf": 10,
            "n_estimators": 100,
            "min_samples_split": 30
        },
        "done_at": 1668091301794,
        "split_id": 1
    },
    {
        "test_score_gib": 0.608974144493102,
        "train_score": 0.647327755766155,
        "test_score": 0.608974144493102,
        "num_samples": 2635,
        "fit_time": 3005,
        "score_time": 303,
        "time": 3308,
        "parameters": {
            "max_depth": 17,
            "max_features": "sqrt",
            "min_samples_leaf": 10,
            "n_estimators": 100,
            "min_samples_split": 30
        },
        "done_at": 1668091303007,
        "split_id": 2
    },
    {
        "test_score_gib": 0.6103670370075969,
        "train_score": 0.6445214628025376,
        "test_score": 0.6103670370075969,
        "num_samples": 2635,
        "fit_time": 2403,
        "score_time": 134,
        "time": 2537,
        "parameters": {
            "max_depth": 17,
            "max_features": "sqrt",
            "min_samples_leaf": 10,
            "n_estimators": 100,
            "min_samples_split": 30
        },
        "done_at": 1668091303321,
        "split_id": 3
    },
    {
        "test_score_gib": 0.6125682561250512,
        "train_score": 0.6512545123072959,
        "test_score": 0.6125682561250512,
        "num_samples": 2635,
        "fit_time": 1922,
        "score_time": 86,
        "time": 2008,
        "parameters": {
            "max_depth": 17,
            "max_features": "sqrt",
            "min_samples_leaf": 10,
            "n_estimators": 100,
            "min_samples_split": 30
        },
        "done_at": 1668091303500,
        "split_id": 4
    }
]