{
    "modelInputNRows": 13175,
    "modelInputNCols": 115,
    "modelInputIsSparse": false,
    "modelInputMemory": 12121000,
    "usedGridSearch": true,
    "gridSize": 3,
    "gridBestScore": 0.6210267675520617,
    "gridCells": [
        {
            "params": {
                "max_depth": 6,
                "max_features": "sqrt",
                "min_samples_leaf": 10,
                "n_estimators": 100,
                "min_samples_split": 30
            },
            "score": 0.466925121375094,
            "scoreStd": 0.013204493805876707,
            "fitTime": 2.1622,
            "fitTimeStd": 0.2758922978265251,
            "scoreTime": 0.3246,
            "scoreTimeStd": 0.05233583858122463
        },
        {
            "params": {
                "max_depth": 13,
                "max_features": "sqrt",
                "min_samples_leaf": 10,
                "n_estimators": 100,
                "min_samples_split": 30
            },
            "score": 0.6060966799065677,
            "scoreStd": 0.00901244856011747,
            "fitTime": 3.1772,
            "fitTimeStd": 0.16177688339191107,
            "scoreTime": 0.3826,
            "scoreTimeStd": 0.036663878681885254
        },
        {
            "params": {
                "max_depth": 17,
                "max_features": "sqrt",
                "min_samples_leaf": 10,
                "n_estimators": 100,
                "min_samples_split": 30
            },
            "score": 0.6210267675520617,
            "scoreStd": 0.013064226079016096,
            "fitTime": 2.7845999999999997,
            "fitTimeStd": 0.5438935925344222,
            "scoreTime": 0.2812,
            "scoreTimeStd": 0.1518227914379129
        }
    ],
    "partialDependencies": [
        {
            "feature": "housing_median_age",
            "featureBins": [
                2.00000014161386,
                2.999999752126673,
                3.9999993626394854,
                5.000000470960419,
                6.000000081473235,
                6.999999691986048,
                7.9999993024988605,
                9.000000410819794,
                10.000000021332607,
                10.99999963184542,
                12.000000740166357,
                13.00000035067917,
                13.999999961191982,
                14.999999571704794,
                16.000000680025728,
                17.000000290538544,
                17.999999901051353,
                19.00000026046823,
                19.999999870981043,
                21.000000230397916,
                21.99999984091073,
                22.999999825875573,
                24.000000185292446,
                25.00000017025729,
                25.999999967996118,
                26.999999952960962,
                27.99999998473231,
                28.999999993100403,
                30.0000000014685,
                31.00000008004635,
                32.00000006501119,
                33.00000004997604,
                34.00000003494088,
                35.00000001990573,
                35.999999630418536,
                36.999999989835416,
                38.00000034925229,
                38.9999999597651,
                40.00000031918197,
                40.99999992969479,
                41.9999995402076,
                43.000000648528534,
                44.00000025904134,
                44.99999986955416,
                45.999999480066975,
                47.000000588387906,
                48.00000019890072,
                48.99999980941354,
                49.99999941992635,
                51.000000528247284,
                52.00000013876009
            ],
            "data": [
                [
                    147.77128561632708,
                    147.77128561632708,
                    117.89265282079577,
                    -695.5333481033158,
                    -1155.2794249429135,
                    -1472.7188378674327,
                    -1691.014824700571,
                    -2015.790042090579,
                    -2373.4383243569464,
                    -2445.4321332256077,
                    -2475.8496057962475,
                    -2487.9056494943798,
                    -2544.6362523467687,
                    -3208.678432332701,
                    -3126.9536367277615,
                    -3079.9846092576336,
                    -3135.2741569404607,
                    -2959.557674952288,
                    -2253.7539275168674,
                    -1962.1630604557868,
                    -1705.368414257944,
                    -1772.591563818307,
                    -1775.7232823090453,
                    -1349.7301966203377,
                    -1353.8274510790943,
                    -1539.5577505405527,
                    -897.6695920754573,
                    -776.8749557458796,
                    -609.4745701136126,
                    -492.3660158708808,
                    -324.5569799715886,
                    33.31547849281924,
                    301.88450748322066,
                    426.7723816750513,
                    410.632606359839,
                    562.1531161876046,
                    406.37621252393,
                    797.1707611310121,
                    803.8124643098563,
                    1032.9161427546933,
                    1057.6945689307177,
                    1100.10351035645,
                    1151.0198293224676,
                    1223.216781390569,
                    1248.7300526678737,
                    1323.2761972534063,
                    2185.8812581014063,
                    2408.5846508375835,
                    3575.292739803699,
                    15248.452540284023,
                    18520.9249714053
                ]
            ]
        },
        {
            "feature": "median_income",
            "featureBins": [
                1.6033160451184925,
                1.660742469216494,
                1.7181688933144956,
                1.7755953174124977,
                1.8330217415104992,
                1.8904481656085013,
                1.947874589706503,
                2.0053010138045044,
                2.062727437902507,
                2.1201538620005085,
                2.17758028609851,
                2.235006710196512,
                2.2924331342945137,
                2.3498595583925157,
                2.4072859824905173,
                2.464712406588519,
                2.5221388306865213,
                2.579565254784523,
                2.6369916788825245,
                2.694418102980526,
                2.7518445270785277,
                2.80927095117653,
                2.8666973752745317,
                2.9241237993725333,
                2.9815502234705353,
                3.038976647568537,
                3.096403071666539,
                3.1538294957645405,
                3.211255919862542,
                3.268682343960544,
                3.326108768058546,
                3.3835351921565477,
                3.4409616162545493,
                3.4983880403525514,
                3.5558144644505534,
                3.613240888548555,
                3.6706673126465565,
                3.7280937367445586,
                3.78552016084256,
                3.842946584940562,
                3.9003730090385638,
                3.957799433136566,
                4.015225857234568,
                4.072652281332569,
                4.130078705430571,
                4.187505129528573,
                4.244931553626575,
                4.302357977724577,
                4.359784401822578,
                4.41721082592058,
                4.474637250018581,
                4.532063674116584,
                4.589490098214585,
                4.646916522312587,
                4.7043429464105895,
                4.761769370508591,
                4.819195794606593,
                4.876622218704594,
                4.934048642802596,
                4.991475066900598,
                5.0489014909986,
                5.1063279150966014,
                5.163754339194604,
                5.221180763292605,
                5.278607187390607,
                5.336033611488609,
                5.39346003558661,
                5.450886459684613,
                5.508312883782614,
                5.565739307880616,
                5.6231657319786175,
                5.680592156076619,
                5.7380185801746215,
                5.795445004272623,
                5.852871428370625,
                5.910297852468626,
                5.967724276566628,
                6.02515070066463,
                6.082577124762633,
                6.1400035488606335,
                6.197429972958635,
                6.254856397056637,
                6.312282821154639,
                6.369709245252642,
                6.427135669350643,
                6.484562093448645,
                6.5419885175466455,
                6.599414941644648,
                6.65684136574265,
                6.714267789840652,
                6.771694213938654,
                6.829120638036655,
                6.886547062134657,
                6.943973486232659,
                7.001399910330661,
                7.058826334428662,
                7.116252758526664,
                7.1736791826246655,
                7.231105606722668,
                7.28853203082067
            ],
            "data": [
                [
                    -29831.992478545784,
                    -29850.117724528012,
                    -29791.37041283553,
                    -29751.232521367318,
                    -29740.30982240758,
                    -29711.57558767131,
                    -29549.2616500727,
                    -29533.007799262414,
                    -29519.606319894694,
                    -29425.37430473973,
                    -29260.389018099115,
                    -28940.79548633925,
                    -28332.79170907155,
                    -28059.394005095528,
                    -27735.584860047733,
                    -27601.762218387827,
                    -27419.78181756605,
                    -26748.03119348199,
                    -26416.273996796546,
                    -25945.119431293628,
                    -25584.34133581948,
                    -25259.116197976953,
                    -25040.75425785198,
                    -23635.016482915467,
                    -23306.965789581038,
                    -21569.585096141906,
                    -19642.34388333102,
                    -17260.123343883257,
                    -16144.892882784945,
                    -15664.880294571543,
                    -15427.049314125732,
                    -15047.507992346771,
                    -14505.288052805292,
                    -14347.169461036072,
                    -13549.810102310672,
                    -12307.872446546797,
                    -11104.741355546255,
                    -10527.54440952689,
                    -10477.671275113185,
                    -9888.720515949564,
                    -9728.440869930753,
                    -9365.868884320429,
                    -9224.179745590925,
                    -8545.319299860246,
                    -6081.040755198366,
                    -3977.654054427112,
                    -3238.2874095778097,
                    -2853.2814621604048,
                    -1954.02101262004,
                    -1642.917268010293,
                    -1255.2041058318573,
                    -329.2460827121686,
                    2550.696551564586,
                    3895.5682942782587,
                    4111.611554355302,
                    5149.673243418598,
                    6957.934624097019,
                    8300.285000466043,
                    12886.35248018094,
                    16078.085225519259,
                    21179.374091679463,
                    21723.203573382925,
                    26075.657261008717,
                    27536.6757755797,
                    28878.214480524795,
                    38763.751838630094,
                    39394.00687666217,
                    39842.213432308665,
                    39963.37845362368,
                    40711.22341640844,
                    51237.7187450784,
                    53177.306919832976,
                    59422.49280657698,
                    63628.236746043345,
                    65353.46335429992,
                    67060.61859881584,
                    68337.44746199335,
                    69083.68671434038,
                    69849.49097397018,
                    70619.37151535871,
                    71263.21264495663,
                    71825.42655243792,
                    72283.25748221445,
                    74809.72480728009,
                    76094.98063729863,
                    76681.00225946409,
                    77023.73526284177,
                    77232.3437878768,
                    77277.36062681195,
                    77584.69726007435,
                    78375.24780309349,
                    79793.89023033166,
                    82168.83645712872,
                    82422.52837618321,
                    84401.7184755732,
                    84502.08737240444,
                    85226.59986661529,
                    86598.93883700189,
                    86725.0345187858,
                    86841.09994348956
                ]
            ]
        },
        {
            "feature": "family_size",
            "featureBins": [
                1.8674780911237552,
                1.8924048302058778,
                1.9173315692880006,
                1.9422583083701233,
                1.967185047452246,
                1.9921117865343685,
                2.017038525616491,
                2.041965264698614,
                2.066892003780737,
                2.091818742862859,
                2.1167454819449825,
                2.141672221027105,
                2.1665989601092273,
                2.1915256991913505,
                2.216452438273473,
                2.2413791773555958,
                2.2663059164377186,
                2.291232655519841,
                2.316159394601964,
                2.3410861336840867,
                2.366012872766209,
                2.390939611848332,
                2.4158663509304548,
                2.440793090012577,
                2.4657198290947,
                2.490646568176823,
                2.5155733072589457,
                2.540500046341068,
                2.565426785423191,
                2.5903535245053138,
                2.615280263587436,
                2.640207002669559,
                2.665133741751682,
                2.6900604808338047,
                2.714987219915927,
                2.73991395899805,
                2.7648406980801727,
                2.789767437162295,
                2.814694176244418,
                2.839620915326541,
                2.864547654408663,
                2.889474393490786,
                2.914401132572909,
                2.9393278716550317,
                2.964254610737154,
                2.989181349819277,
                3.0141080889013994,
                3.039034827983522,
                3.063961567065645,
                3.088888306147768,
                3.1138150452298903,
                3.138741784312013,
                3.163668523394136,
                3.1885952624762584,
                3.213522001558381,
                3.238448740640504,
                3.263375479722627,
                3.2883022188047493,
                3.313228957886872,
                3.338155696968995,
                3.3630824360511173,
                3.38800917513324,
                3.412935914215363,
                3.437862653297486,
                3.4627893923796083,
                3.487716131461731,
                3.512642870543854,
                3.5375696096259763,
                3.562496348708099,
                3.5874230877902216,
                3.612349826872345,
                3.6372765659544672,
                3.66220330503659,
                3.687130044118713,
                3.7120567832008353,
                3.736983522282958,
                3.7619102613650806,
                3.7868370004472034,
                3.8117637395293262,
                3.836690478611449,
                3.8616172176935715,
                3.8865439567756943,
                3.911470695857817,
                3.9363974349399395,
                3.9613241740220624,
                3.9862509131041852,
                4.011177652186308,
                4.036104391268431,
                4.061031130350553,
                4.085957869432676,
                4.110884608514798,
                4.135811347596921,
                4.160738086679044,
                4.185664825761167,
                4.2105915648432894,
                4.235518303925412,
                4.260445043007535,
                4.2853717820896575,
                4.310298521171781,
                4.335225260253903
            ],
            "data": [
                [
                    24265.71451034493,
                    24237.369380684075,
                    23539.09059912426,
                    23175.651121528615,
                    22676.329665739468,
                    22622.252679167723,
                    22413.993038079352,
                    22276.148193489265,
                    20997.326038522267,
                    19837.615676081536,
                    19525.11706826155,
                    18993.312119540962,
                    18503.76906820535,
                    18470.79956854807,
                    18269.652672713302,
                    17800.720000385976,
                    17128.16036860869,
                    16718.749637891277,
                    15324.440224843245,
                    15056.538047582639,
                    14534.502787863661,
                    14117.416736746964,
                    13536.669250624953,
                    11739.008634079248,
                    9035.467145914037,
                    8745.556063723925,
                    7997.355389238102,
                    7321.796224343008,
                    6969.013157376234,
                    6363.289667644829,
                    6186.624206075445,
                    6044.627691906644,
                    5773.703472393914,
                    5685.084272769745,
                    5650.178563730355,
                    5451.805737701943,
                    5432.926438448194,
                    4973.872024019394,
                    4436.023002328438,
                    3957.0038484045363,
                    3193.3661136251176,
                    2879.5197068844573,
                    1816.6597470147535,
                    1335.262322205148,
                    1020.4894952285686,
                    576.0958910277113,
                    -246.2307039401494,
                    -1280.7211253050482,
                    -1543.209219603421,
                    -1466.605314346496,
                    -5560.839372270799,
                    -8381.93290789632,
                    -9583.003824674553,
                    -11273.792933063349,
                    -11364.349512502813,
                    -11888.633601578302,
                    -13812.971240511572,
                    -14488.903036707285,
                    -14430.58859354441,
                    -14461.065428686852,
                    -14557.034274580656,
                    -16545.33243259773,
                    -18620.147465783026,
                    -19127.762677459687,
                    -20140.03118586025,
                    -20403.27081436594,
                    -20523.61470309313,
                    -20807.71507370373,
                    -21446.890933443356,
                    -21653.37492397119,
                    -22197.378419102577,
                    -22880.49305749472,
                    -23168.763124379766,
                    -23466.565300987015,
                    -23566.777301617753,
                    -24100.610345558554,
                    -24093.627795258188,
                    -24109.496268437273,
                    -24652.0488603829,
                    -25128.606775458436,
                    -25281.445980798744,
                    -25336.94840288555,
                    -25385.727984039433,
                    -25981.47745436168,
                    -26176.220871862606,
                    -26528.399910149892,
                    -26643.486109541904,
                    -26631.467230236303,
                    -26622.236597462557,
                    -26639.43378195053,
                    -26673.13193163456,
                    -26585.140242052177,
                    -26604.905090752058,
                    -26573.82099635972,
                    -26573.82099635972,
                    -26573.82099635972,
                    -26597.559490970132,
                    -26601.39493776887,
                    -26611.777933160134,
                    -26630.436808402592
                ]
            ]
        },
        {
            "feature": "outliers",
            "featureBins": [
                1.171357368739967e-11,
                1.0000000222421948
            ],
            "data": [
                [
                    10.95669803195051,
                    1425.8428564127535
                ]
            ]
        },
        {
            "feature": "total_bedrooms",
            "featureBins": [
                134.99999032452678,
                146.45453611841663,
                157.90908191230642,
                169.36362770619627,
                180.81817350008606,
                192.2727192939759,
                203.7272650878657,
                215.18181088175555,
                226.63635667564535,
                238.0909024695352,
                249.545448263425,
                260.99999405731484,
                272.45453985120463,
                283.9090856450945,
                295.36363143898427,
                306.8181772328741,
                318.27272302676397,
                329.72726882065376,
                341.18181461454355,
                352.6363604084334,
                364.09090620232325,
                375.54545199621305,
                386.9999977901029,
                398.45454358399274,
                409.90908937788254,
                421.3636351717724,
                432.8181809656622,
                444.27272675955203,
                455.7272725534419,
                467.18181834733167,
                478.6363641412215,
                490.0909099351113,
                501.54545572900116,
                513.000001522891,
                524.4545473167808,
                535.9090931106706,
                547.3636389045604,
                558.8181846984502,
                570.2727304923401,
                581.7272762862299,
                593.1818220801198,
                604.6363678740096,
                616.0909136678994,
                627.5454594617892,
                639.0000052556791,
                650.4545510495689,
                661.9090968434587,
                673.3636426373484,
                684.8181884312382,
                696.2727342251281,
                707.727280019018,
                719.1818258129078,
                730.6363716067976,
                742.0909174006874,
                753.5454631945772,
                765.0000089884671,
                776.4545547823569,
                787.9091005762467,
                799.3636463701366,
                810.8181921640264,
                822.2727379579162,
                833.727283751806,
                845.1818295456958,
                856.6363753395857,
                868.0909211334755,
                879.5454669273654,
                891.0000127212552,
                902.454558515145,
                913.9091043090348,
                925.3636501029246,
                936.8181958968145,
                948.2727416907044,
                959.7272874845941,
                971.181833278484,
                982.6363790723736,
                994.0909248662635,
                1005.5454706601533,
                1017.0000164540431,
                1028.4545622479332,
                1039.909108041823,
                1051.3636538357127,
                1062.8181996296025,
                1074.2727454234923,
                1085.7272912173821,
                1097.181837011272,
                1108.6363828051617,
                1120.0909285990515,
                1131.5454743929413,
                1143.0000201868313,
                1154.454565980721,
                1165.9091117746111,
                1177.363657568501,
                1188.8182033623907,
                1200.2727491562805,
                1211.7272949501703,
                1223.18184074406,
                1234.6363865379499,
                1246.0909323318397,
                1257.5454781257295,
                1269.0000239196193
            ],
            "data": [
                [
                    5913.441423246113,
                    5889.931198734412,
                    5733.51436577164,
                    5781.4650042877765,
                    5730.248830224591,
                    5716.362600805151,
                    5688.450551778049,
                    5647.9288424864935,
                    5495.278271290124,
                    5382.010298610461,
                    5503.924016517791,
                    5505.821784223488,
                    5578.431164789858,
                    5461.3393169554765,
                    5162.356004190311,
                    5025.950562914339,
                    4173.537417842308,
                    4099.061859172827,
                    2061.636315175565,
                    1627.5810125443677,
                    1630.842584460188,
                    1074.7518513752148,
                    1008.1906935482402,
                    916.4914495672274,
                    659.1075123419287,
                    157.87106524643605,
                    -392.8384619927965,
                    -544.6809478547075,
                    -586.9173443880863,
                    -714.9041424274328,
                    -1010.8807755330927,
                    -1076.512631606398,
                    -1480.8875809992023,
                    -1566.6156995043275,
                    -1560.1133991108509,
                    -1638.5358124638733,
                    -1715.3473499871907,
                    -1654.7886110589025,
                    -1575.1231181999028,
                    -1560.6663633516582,
                    -1778.9361410644779,
                    -1827.8563337893574,
                    -1709.8991526843165,
                    -1526.661281141336,
                    -692.1248827290256,
                    50.805979644239414,
                    402.17705600720365,
                    592.05814837254,
                    608.0480673229613,
                    661.7913862390269,
                    909.8982841923134,
                    1266.1813214084832,
                    1277.567969104537,
                    1375.9044693095202,
                    1274.8390272638644,
                    1277.4849078672123,
                    1370.271004396025,
                    1332.0753646769735,
                    1401.9767080606543,
                    1379.7938511966495,
                    1487.1778947845742,
                    1752.9864346559043,
                    1913.6722102070344,
                    1976.5050297235139,
                    2144.209180865175,
                    2187.3419148391113,
                    2252.1061758131837,
                    2310.5056063270313,
                    2279.402417672216,
                    2498.997159526567,
                    2551.0775283131807,
                    2539.983126540348,
                    2583.2132605961524,
                    2642.00872318889,
                    2831.834081483452,
                    2840.553285708884,
                    2879.5411651550967,
                    2879.5411651550967,
                    2882.3562336099567,
                    2933.1842726565083,
                    2976.759914056456,
                    2975.116172252834,
                    2845.635756960459,
                    2845.635756960459,
                    2832.6936968779773,
                    2849.3200646687474,
                    2847.81845391565,
                    2858.6496893279837,
                    2878.36502180557,
                    2791.131490953674,
                    2730.1076363788743,
                    2635.6594541145896,
                    2636.315914893814,
                    2645.1059386733687,
                    2671.251858718839,
                    2703.407226092997,
                    2703.407226092997,
                    2697.123076958669,
                    2693.9184585195617,
                    2717.009273067437
                ]
            ]
        },
        {
            "feature": "total_rooms",
            "featureBins": [
                614.0000621761712,
                670.6667269269296,
                727.333391677688,
                784.0000564284464,
                840.6667211792046,
                897.333385929963,
                954.0000506807214,
                1010.6667154314798,
                1067.3333801822382,
                1124.0000449329964,
                1180.6667096837548,
                1237.3333744345132,
                1294.0000391852716,
                1350.66670393603,
                1407.3333686867882,
                1464.0000334375466,
                1520.666698188305,
                1577.3333629390634,
                1634.0000276898218,
                1690.66669244058,
                1747.3333571913386,
                1804.0000219420967,
                1860.6666866928551,
                1917.3333514436135,
                1974.0000161943717,
                2030.6666809451303,
                2087.3333456958885,
                2144.000010446647,
                2200.6666751974053,
                2257.3333399481635,
                2314.000004698922,
                2370.6666694496803,
                2427.333334200439,
                2483.999998951197,
                2540.6666637019553,
                2597.333328452714,
                2653.999993203472,
                2710.6666579542307,
                2767.333322704989,
                2823.999987455747,
                2880.6666522065057,
                2937.3333169572643,
                2993.9999817080225,
                3050.6666464587806,
                3107.333311209539,
                3163.9999759602974,
                3220.6666407110556,
                3277.333305461814,
                3333.9999702125724,
                3390.666634963331,
                3447.333299714089,
                3503.9999644648474,
                3560.666629215606,
                3617.333293966364,
                3673.9999587171224,
                3730.6666234678805,
                3787.333288218639,
                3843.999952969398,
                3900.666617720156,
                3957.333282470914,
                4013.9999472216728,
                4070.6666119724314,
                4127.33327672319,
                4183.999941473948,
                4240.666606224706,
                4297.333270975465,
                4353.999935726223,
                4410.666600476981,
                4467.3332652277395,
                4523.999929978498,
                4580.666594729257,
                4637.333259480014,
                4693.999924230773,
                4750.666588981532,
                4807.333253732289,
                4863.999918483048,
                4920.666583233806,
                4977.333247984565,
                5033.999912735322,
                5090.666577486081,
                5147.33324223684,
                5203.9999069875985,
                5260.666571738357,
                5317.333236489115,
                5373.999901239873,
                5430.666565990632,
                5487.333230741389,
                5543.999895492148,
                5600.666560242907,
                5657.333224993665,
                5713.999889744424,
                5770.666554495181,
                5827.33321924594,
                5883.999883996699,
                5940.6665487474565,
                5997.333213498216,
                6053.999878248973,
                6110.666542999732,
                6167.333207750491,
                6223.999872501248
            ],
            "data": [
                [
                    -9868.352040115627,
                    -9997.756264582655,
                    -9851.024395199987,
                    -9855.266616400011,
                    -9789.88748964615,
                    -9714.943026026827,
                    -9717.74040522246,
                    -9721.848199886794,
                    -9681.243172850547,
                    -9574.965476559242,
                    -9443.117570516857,
                    -9131.4106078021,
                    -8920.99044216954,
                    -8810.585936948075,
                    -8749.060151793848,
                    -8777.424352166825,
                    -8487.23113727686,
                    -8056.11234345744,
                    -7901.237917141581,
                    -7752.538645529945,
                    -7175.280171152175,
                    -6370.597577938577,
                    -5984.249082650553,
                    -5899.089325725363,
                    -4210.911623692664,
                    -1626.5628339389514,
                    -1040.7721030127432,
                    -339.03401464491617,
                    -292.51118489689543,
                    102.74817015734152,
                    1050.8031201376289,
                    2232.8765769260644,
                    5058.973164780997,
                    6953.138413015782,
                    7255.554281865596,
                    7435.055961685808,
                    7578.97391203724,
                    7670.268093963445,
                    8134.735163550737,
                    8494.9639438366,
                    8653.239007430297,
                    8776.79205513859,
                    8853.362057911028,
                    8737.40182520164,
                    8959.648454671376,
                    9186.567428909155,
                    9287.858140314755,
                    9385.678695563372,
                    10282.13940588999,
                    10644.462028315553,
                    10847.809958799306,
                    11031.52313160777,
                    11042.02131821707,
                    10961.7644128924,
                    11055.60866601026,
                    11361.676186088414,
                    11540.411415486742,
                    11520.874862780795,
                    11604.347990120237,
                    11992.871752740059,
                    12128.178227211145,
                    12099.587492500432,
                    12205.535532985377,
                    12259.583545941889,
                    12338.760327335855,
                    12388.940943028108,
                    12459.34079714134,
                    12460.680256471212,
                    12464.851270399988,
                    12485.199912562384,
                    12477.98596136496,
                    12451.3180933244,
                    12432.781590413826,
                    12463.825552812166,
                    12482.34787569946,
                    12488.905316848715,
                    12553.677247633896,
                    12550.02787880844,
                    12661.135200501012,
                    12664.683372085216,
                    12664.683372085216,
                    12666.8483264237,
                    12696.341277139029,
                    12754.159329014627,
                    12751.008829424332,
                    12777.58591623741,
                    12851.090552879876,
                    12834.09526272415,
                    12803.060504671565,
                    12865.276753424056,
                    12863.290121626836,
                    12863.290121626836,
                    12970.81105327711,
                    12970.81105327711,
                    12981.83921018563,
                    12969.018919170514,
                    12969.018919170514,
                    12989.736038049625,
                    13021.610404736857,
                    13010.019403176178
                ]
            ]
        },
        {
            "feature": "dummy:city:Los Angeles",
            "featureBins": [
                0.0,
                1.0
            ],
            "data": [
                [
                    -1683.5535029301536,
                    12530.801277652557
                ]
            ]
        },
        {
            "feature": "dummy:city:San Diego",
            "featureBins": [
                0.0,
                1.0
            ],
            "data": [
                [
                    426.2720089808572,
                    -4088.168674360815
                ]
            ]
        },
        {
            "feature": "dummy:city:San Francisco",
            "featureBins": [
                0.0,
                1.0
            ],
            "data": [
                [
                    -1528.7927940338268,
                    38940.0790625457
                ]
            ]
        },
        {
            "feature": "dummy:city:San Jose",
            "featureBins": [
                0.0,
                1.0
            ],
            "data": [
                [
                    -55.75240310980007,
                    3525.7329749149794
                ]
            ]
        },
        {
            "feature": "dummy:city:Oakland",
            "featureBins": [
                0.0,
                1.0
            ],
            "data": [
                [
                    402.307233987347,
                    -7323.843990786525
                ]
            ]
        },
        {
            "feature": "dummy:city:Long Beach",
            "featureBins": [
                0.0,
                1.0
            ],
            "data": [
                [
                    17.858998185867677,
                    662.1655490584963
                ]
            ]
        },
        {
            "feature": "dummy:city:Sacramento",
            "featureBins": [
                0.0,
                1.0
            ],
            "data": [
                [
                    195.39897071768064,
                    -9578.967685825919
                ]
            ]
        },
        {
            "feature": "dummy:city:Fresno",
            "featureBins": [
                0.0,
                1.0
            ],
            "data": [
                [
                    411.96726296818815,
                    -23404.745884012285
                ]
            ]
        },
        {
            "feature": "dummy:city:Stockton",
            "featureBins": [
                0.0,
                1.0
            ],
            "data": [
                [
                    146.17704717785819,
                    -8246.983639659884
                ]
            ]
        },
        {
            "feature": "dummy:city:Anaheim",
            "featureBins": [
                0.0,
                1.0
            ],
            "data": [
                [
                    43.65878116697422,
                    -1205.4430263097165
                ]
            ]
        },
        {
            "feature": "dummy:city:San Bernardino",
            "featureBins": [
                0.0,
                1.0
            ],
            "data": [
                [
                    96.93005561697646,
                    -6707.277226503036
                ]
            ]
        },
        {
            "feature": "dummy:city:Santa Ana",
            "featureBins": [
                0.0,
                1.0
            ],
            "data": [
                [
                    56.169364260014845,
                    -2170.4189019099285
                ]
            ]
        },
        {
            "feature": "dummy:city:Riverside",
            "featureBins": [
                0.0,
                1.0
            ],
            "data": [
                [
                    48.66961105342489,
                    -3067.920651527471
                ]
            ]
        },
        {
            "feature": "dummy:city:Bakersfield",
            "featureBins": [
                0.0,
                1.0
            ],
            "data": [
                [
                    156.78822629654314,
                    -15232.641099179105
                ]
            ]
        },
        {
            "feature": "dummy:city:Fullerton",
            "featureBins": [
                0.0,
                1.0
            ],
            "data": [
                [
                    27.258992690010928,
                    41.9422600257094
                ]
            ]
        },
        {
            "feature": "dummy:city:Modesto",
            "featureBins": [
                0.0,
                1.0
            ],
            "data": [
                [
                    42.67451132123824,
                    -3278.8462490195816
                ]
            ]
        },
        {
            "feature": "dummy:city:Glendale",
            "featureBins": [
                0.0,
                1.0
            ],
            "data": [
                [
                    0.6432992678310256,
                    2299.7601047834323
                ]
            ]
        },
        {
            "feature": "dummy:city:Torrance",
            "featureBins": [
                0.0,
                1.0
            ],
            "data": [
                [
                    -124.07047374531976,
                    19785.206511168915
                ]
            ]
        },
        {
            "feature": "dummy:city:Garden Grove",
            "featureBins": [
                0.0,
                1.0
            ],
            "data": [
                [
                    34.8688957169652,
                    -802.4514367341762
                ]
            ]
        },
        {
            "feature": "dummy:city:Berkeley",
            "featureBins": [
                0.0,
                1.0
            ],
            "data": [
                [
                    15.606637016811874,
                    797.9537968628865
                ]
            ]
        },
        {
            "feature": "dummy:city:Pasadena",
            "featureBins": [
                0.0,
                1.0
            ],
            "data": [
                [
                    -6.026204396272078,
                    5566.416192302509
                ]
            ]
        },
        {
            "feature": "dummy:city:Concord",
            "featureBins": [
                0.0,
                1.0
            ],
            "data": [
                [
                    41.00248946796637,
                    -717.5896312003315
                ]
            ]
        },
        {
            "feature": "dummy:city:Irvine",
            "featureBins": [
                0.0,
                1.0
            ],
            "data": [
                [
                    1.5504092751652934,
                    2745.918900855846
                ]
            ]
        },
        {
            "feature": "dummy:city:Hayward",
            "featureBins": [
                0.0,
                1.0
            ],
            "data": [
                [
                    30.1938944941503,
                    -138.5206462756032
                ]
            ]
        },
        {
            "feature": "dummy:city:Downey",
            "featureBins": [
                0.0,
                1.0
            ],
            "data": [
                [
                    21.17998342725332,
                    189.13963860890362
                ]
            ]
        },
        {
            "feature": "dummy:city:Sunnyvale",
            "featureBins": [
                0.0,
                1.0
            ],
            "data": [
                [
                    -51.27083790185861,
                    9788.38115467003
                ]
            ]
        },
        {
            "feature": "dummy:city:Santa Rosa",
            "featureBins": [
                0.0,
                1.0
            ],
            "data": [
                [
                    61.39662103494629,
                    -2835.2194960873167
                ]
            ]
        },
        {
            "feature": "dummy:city:San Mateo",
            "featureBins": [
                0.0,
                1.0
            ],
            "data": [
                [
                    -115.87525048287353,
                    16723.57050597595
                ]
            ]
        },
        {
            "feature": "dummy:city:Burbank",
            "featureBins": [
                0.0,
                1.0
            ],
            "data": [
                [
                    -0.3056642466399353,
                    2612.2421174186748
                ]
            ]
        },
        {
            "feature": "dummy:city:Fremont",
            "featureBins": [
                0.0,
                1.0
            ],
            "data": [
                [
                    27.392731243686285,
                    -190.2617444130301
                ]
            ]
        },
        {
            "feature": "dummy:city:Richmond",
            "featureBins": [
                0.0,
                1.0
            ],
            "data": [
                [
                    95.87514897368965,
                    -6677.771366954781
                ]
            ]
        },
        {
            "feature": "dummy:city:Chula Vista",
            "featureBins": [
                0.0,
                1.0
            ],
            "data": [
                [
                    67.85648016477353,
                    -2741.715979256551
                ]
            ]
        },
        {
            "feature": "dummy:city:Ontario",
            "featureBins": [
                0.0,
                1.0
            ],
            "data": [
                [
                    16.722019819397246,
                    403.4426012188196
                ]
            ]
        },
        {
            "feature": "dummy:city:Santa Monica",
            "featureBins": [
                0.0,
                1.0
            ],
            "data": [
                [
                    -264.51577890926274,
                    46499.641915074
                ]
            ]
        },
        {
            "feature": "dummy:city:Santa Barbara",
            "featureBins": [
                0.0,
                1.0
            ],
            "data": [
                [
                    -48.94225421966985,
                    12393.908020763978
                ]
            ]
        },
        {
            "feature": "dummy:city:Compton",
            "featureBins": [
                0.0,
                1.0
            ],
            "data": [
                [
                    115.49713569378946,
                    -8685.482418661442
                ]
            ]
        },
        {
            "feature": "dummy:city:Oceanside",
            "featureBins": [
                0.0,
                1.0
            ],
            "data": [
                [
                    38.47863041496021,
                    -1503.6809397847974
                ]
            ]
        },
        {
            "feature": "dummy:city:Thousand Oaks",
            "featureBins": [
                0.0,
                1.0
            ],
            "data": [
                [
                    16.832880801870488,
                    1093.7553378924204
                ]
            ]
        },
        {
            "feature": "dummy:city:Pomona",
            "featureBins": [
                0.0,
                1.0
            ],
            "data": [
                [
                    22.617105191398878,
                    14.006829718389781
                ]
            ]
        },
        {
            "feature": "dummy:city:Costa Mesa",
            "featureBins": [
                0.0,
                1.0
            ],
            "data": [
                [
                    24.470414736075327,
                    25.40679299616022
                ]
            ]
        },
        {
            "feature": "dummy:city:San Leandro",
            "featureBins": [
                0.0,
                1.0
            ],
            "data": [
                [
                    27.3174717532238,
                    -237.43871405828395
                ]
            ]
        },
        {
            "feature": "dummy:city:Ventura",
            "featureBins": [
                0.0,
                1.0
            ],
            "data": [
                [
                    22.1422708928294,
                    342.2533020176925
                ]
            ]
        },
        {
            "feature": "dummy:city:Norwalk",
            "featureBins": [
                0.0,
                1.0
            ],
            "data": [
                [
                    43.483549058059,
                    -1574.4339635395736
                ]
            ]
        },
        {
            "feature": "dummy:city:Inglewood",
            "featureBins": [
                0.0,
                1.0
            ],
            "data": [
                [
                    31.509841348452028,
                    -1057.1481166115555
                ]
            ]
        },
        {
            "feature": "dummy:city:Simi Valley",
            "featureBins": [
                0.0,
                1.0
            ],
            "data": [
                [
                    26.24081183076487,
                    -237.2135447007604
                ]
            ]
        },
        {
            "feature": "dummy:city:Visalia",
            "featureBins": [
                0.0,
                1.0
            ],
            "data": [
                [
                    50.67147452823701,
                    -5196.541465083545
                ]
            ]
        },
        {
            "feature": "dummy:city:Orange",
            "featureBins": [
                0.0,
                1.0
            ],
            "data": [
                [
                    23.461872630461585,
                    20.92697721545119
                ]
            ]
        },
        {
            "feature": "dummy:city:Palo Alto",
            "featureBins": [
                0.0,
                1.0
            ],
            "data": [
                [
                    -130.34897765817004,
                    31867.953914867132
                ]
            ]
        },
        {
            "feature": "dummy:city:Newport Beach",
            "featureBins": [
                0.0,
                1.0
            ],
            "data": [
                [
                    -154.42015290842392,
                    36360.68593062769
                ]
            ]
        },
        {
            "feature": "dummy:city:Alameda",
            "featureBins": [
                0.0,
                1.0
            ],
            "data": [
                [
                    15.912390800134744,
                    1319.6442483717983
                ]
            ]
        },
        {
            "feature": "dummy:city:Oxnard",
            "featureBins": [
                0.0,
                1.0
            ],
            "data": [
                [
                    25.51713906583609,
                    -35.17540132871363
                ]
            ]
        },
        {
            "feature": "dummy:city:Vallejo",
            "featureBins": [
                0.0,
                1.0
            ],
            "data": [
                [
                    78.94140938521014,
                    -7326.538283260947
                ]
            ]
        },
        {
            "feature": "dummy:city:South Gate",
            "featureBins": [
                0.0,
                1.0
            ],
            "data": [
                [
                    31.96107440002379,
                    -618.7091101803235
                ]
            ]
        },
        {
            "feature": "dummy:city:Santa Clara",
            "featureBins": [
                0.0,
                1.0
            ],
            "data": [
                [
                    18.88220861105947,
                    681.396056485828
                ]
            ]
        },
        {
            "feature": "dummy:city:Carson",
            "featureBins": [
                0.0,
                1.0
            ],
            "data": [
                [
                    25.5669478198688,
                    -190.12952978236717
                ]
            ]
        },
        {
            "feature": "dummy:city:Redondo Beach",
            "featureBins": [
                0.0,
                1.0
            ],
            "data": [
                [
                    -26.16043102144613,
                    11659.33535966574
                ]
            ]
        },
        {
            "feature": "dummy:city:Lakewood",
            "featureBins": [
                0.0,
                1.0
            ],
            "data": [
                [
                    25.394304337300127,
                    -73.19402059650747
                ]
            ]
        },
        {
            "feature": "dummy:city:Mountain View",
            "featureBins": [
                0.0,
                1.0
            ],
            "data": [
                [
                    -12.165188243146986,
                    3843.3501227551023
                ]
            ]
        },
        {
            "feature": "dummy:city:Upland",
            "featureBins": [
                0.0,
                1.0
            ],
            "data": [
                [
                    -1.2847957953636069,
                    2208.0763107087114
                ]
            ]
        },
        {
            "feature": "dummy:city:Whittier",
            "featureBins": [
                0.0,
                1.0
            ],
            "data": [
                [
                    26.670903733116575,
                    -226.9830321696063
                ]
            ]
        },
        {
            "feature": "dummy:city:Clovis",
            "featureBins": [
                0.0,
                1.0
            ],
            "data": [
                [
                    38.06168864041683,
                    -2023.092788046808
                ]
            ]
        },
        {
            "feature": "dummy:city:Hawthorne",
            "featureBins": [
                0.0,
                1.0
            ],
            "data": [
                [
                    23.79753069279832,
                    -9.802149599418044
                ]
            ]
        },
        {
            "feature": "dummy:city:Redding",
            "featureBins": [
                0.0,
                1.0
            ],
            "data": [
                [
                    40.69513342785649,
                    -2996.4681841124257
                ]
            ]
        },
        {
            "feature": "dummy:city:Santa Cruz",
            "featureBins": [
                0.0,
                1.0
            ],
            "data": [
                [
                    19.445842248009285,
                    508.05053383362247
                ]
            ]
        },
        {
            "feature": "dummy:city:Pico Rivera",
            "featureBins": [
                0.0,
                1.0
            ],
            "data": [
                [
                    23.748699923569802,
                    51.908665958675556
                ]
            ]
        },
        {
            "feature": "dummy:city:Lancaster",
            "featureBins": [
                0.0,
                1.0
            ],
            "data": [
                [
                    22.266379684122512,
                    107.12780740478775
                ]
            ]
        },
        {
            "feature": "dummy:city:Alhambra",
            "featureBins": [
                0.0,
                1.0
            ],
            "data": [
                [
                    19.255013620189857,
                    479.4374944472802
                ]
            ]
        },
        {
            "feature": "dummy:city:Napa",
            "featureBins": [
                0.0,
                1.0
            ],
            "data": [
                [
                    34.81626217829762,
                    -1067.6039871900575
                ]
            ]
        },
        {
            "feature": "dummy:city:El Cajon",
            "featureBins": [
                0.0,
                1.0
            ],
            "data": [
                [
                    64.5749083038827,
                    -5522.053347174515
                ]
            ]
        },
        {
            "feature": "dummy:city:Vacaville",
            "featureBins": [
                0.0,
                1.0
            ],
            "data": [
                [
                    21.563954388460843,
                    234.47627387559623
                ]
            ]
        },
        {
            "feature": "dummy:city:Gardena",
            "featureBins": [
                0.0,
                1.0
            ],
            "data": [
                [
                    23.569590839848388,
                    9.912646285054507
                ]
            ]
        },
        {
            "feature": "dummy:city:Santa Maria",
            "featureBins": [
                0.0,
                1.0
            ],
            "data": [
                [
                    42.06743230152642,
                    -3184.4537489567883
                ]
            ]
        },
        {
            "feature": "dummy:city:Westminster",
            "featureBins": [
                0.0,
                1.0
            ],
            "data": [
                [
                    24.138028197863605,
                    -100.21102601531311
                ]
            ]
        },
        {
            "feature": "dummy:city:Monterey Park",
            "featureBins": [
                0.0,
                1.0
            ],
            "data": [
                [
                    23.24206547185895,
                    45.28302959742723
                ]
            ]
        },
        {
            "feature": "dummy:city:Redlands",
            "featureBins": [
                0.0,
                1.0
            ],
            "data": [
                [
                    20.18989956806763,
                    427.6765227658616
                ]
            ]
        },
        {
            "feature": "dummy:city:Mission Viejo",
            "featureBins": [
                0.0,
                1.0
            ],
            "data": [
                [
                    30.090470955357887,
                    -342.3978406378883
                ]
            ]
        },
        {
            "feature": "dummy:city:Culver City",
            "featureBins": [
                0.0,
                1.0
            ],
            "data": [
                [
                    -16.153817264101235,
                    9337.003239294194
                ]
            ]
        },
        {
            "feature": "dummy:city:Fontana",
            "featureBins": [
                0.0,
                1.0
            ],
            "data": [
                [
                    26.661012665455928,
                    -323.05023252993124
                ]
            ]
        },
        {
            "feature": "dummy:city:Fairfield",
            "featureBins": [
                0.0,
                1.0
            ],
            "data": [
                [
                    25.96706468251068,
                    -487.28300777380355
                ]
            ]
        },
        {
            "feature": "dummy:city:Antioch",
            "featureBins": [
                0.0,
                1.0
            ],
            "data": [
                [
                    24.183889743319014,
                    -296.8484346498444
                ]
            ]
        },
        {
            "feature": "dummy:city:Vista",
            "featureBins": [
                0.0,
                1.0
            ],
            "data": [
                [
                    27.908132582408143,
                    -720.1246332834999
                ]
            ]
        },
        {
            "feature": "dummy:city:Buena Park",
            "featureBins": [
                0.0,
                1.0
            ],
            "data": [
                [
                    25.45118108956376,
                    -277.0786549592449
                ]
            ]
        },
        {
            "feature": "dummy:city:Lodi",
            "featureBins": [
                0.0,
                1.0
            ],
            "data": [
                [
                    28.2366797128052,
                    -1096.2072245404124
                ]
            ]
        },
        {
            "feature": "dummy:city:Rialto",
            "featureBins": [
                0.0,
                1.0
            ],
            "data": [
                [
                    26.66353051387705,
                    -761.0779165930289
                ]
            ]
        },
        {
            "feature": "dummy:city:Bellflower",
            "featureBins": [
                0.0,
                1.0
            ],
            "data": [
                [
                    24.34381214217865,
                    -38.47707406312111
                ]
            ]
        },
        {
            "feature": "dummy:city:National City",
            "featureBins": [
                0.0,
                1.0
            ],
            "data": [
                [
                    35.76674429530976,
                    -1168.6136609474197
                ]
            ]
        },
        {
            "feature": "dummy:city:Fountain Valley",
            "featureBins": [
                0.0,
                1.0
            ],
            "data": [
                [
                    22.19657344094594,
                    382.5629355116107
                ]
            ]
        },
        {
            "feature": "dummy:city:La Habra",
            "featureBins": [
                0.0,
                1.0
            ],
            "data": [
                [
                    24.54747623554431,
                    -149.04423060745467
                ]
            ]
        },
        {
            "feature": "dummy:city:Walnut Creek",
            "featureBins": [
                0.0,
                1.0
            ],
            "data": [
                [
                    16.809824409952853,
                    1490.286940820195
                ]
            ]
        },
        {
            "feature": "dummy:city:Glendora",
            "featureBins": [
                0.0,
                1.0
            ],
            "data": [
                [
                    10.278258651553188,
                    2534.1568479618873
                ]
            ]
        },
        {
            "feature": "dummy:city:Daly City",
            "featureBins": [
                0.0,
                1.0
            ],
            "data": [
                [
                    16.775331946759252,
                    921.1297945125552
                ]
            ]
        },
        {
            "feature": "dummy:city:Escondido",
            "featureBins": [
                0.0,
                1.0
            ],
            "data": [
                [
                    36.02005990195903,
                    -2078.1403216377657
                ]
            ]
        },
        {
            "feature": "dummy:city:Manhattan Beach",
            "featureBins": [
                0.0,
                1.0
            ],
            "data": [
                [
                    -92.13112125510816,
                    28837.275420763384
                ]
            ]
        },
        {
            "feature": "dummy:city:Lawndale",
            "featureBins": [
                0.0,
                1.0
            ],
            "data": [
                [
                    19.174846109119244,
                    541.9218455296068
                ]
            ]
        },
        {
            "feature": "dummy:city:Lynwood",
            "featureBins": [
                0.0,
                1.0
            ],
            "data": [
                [
                    40.901765878195874,
                    -2214.8465849740314
                ]
            ]
        },
        {
            "feature": "dummy:city:Carlsbad",
            "featureBins": [
                0.0,
                1.0
            ],
            "data": [
                [
                    16.143098333937814,
                    1550.0454409681552
                ]
            ]
        },
        {
            "feature": "dummy:city:Los Altos",
            "featureBins": [
                0.0,
                1.0
            ],
            "data": [
                [
                    -84.1132404426462,
                    38598.77095011537
                ]
            ]
        },
        {
            "feature": "dummy:city:Redwood City",
            "featureBins": [
                0.0,
                1.0
            ],
            "data": [
                [
                    17.08429100376088,
                    2191.9974803855876
                ]
            ]
        },
        {
            "feature": "dummy:city:Encinitas",
            "featureBins": [
                0.0,
                1.0
            ],
            "data": [
                [
                    19.027637115010293,
                    669.5677663917595
                ]
            ]
        },
        {
            "feature": "dummy:city:Salinas",
            "featureBins": [
                0.0,
                1.0
            ],
            "data": [
                [
                    25.47631550009828,
                    -259.55145267435
                ]
            ]
        },
        {
            "feature": "dummy:city:N/A",
            "featureBins": [
                0.0,
                1.0
            ],
            "data": [
                [
                    1424.1476887714525,
                    -4549.422351967194
                ]
            ]
        },
        {
            "feature": "dummy:city:__Others__",
            "featureBins": [
                0.0,
                1.0
            ],
            "data": [
                [
                    -322.0286160746182,
                    1757.69471169787
                ]
            ]
        },
        {
            "feature": "dummy:ocean_proximity:<1H OCEAN",
            "featureBins": [
                0.0,
                1.0
            ],
            "data": [
                [
                    -9331.734746710747,
                    11493.902813157998
                ]
            ]
        },
        {
            "feature": "dummy:ocean_proximity:INLAND",
            "featureBins": [
                0.0,
                1.0
            ],
            "data": [
                [
                    22303.956658008916,
                    -36395.64827356508
                ]
            ]
        },
        {
            "feature": "dummy:ocean_proximity:NEAR OCEAN",
            "featureBins": [
                0.0,
                1.0
            ],
            "data": [
                [
                    -2619.3292053857003,
                    13821.722788403044
                ]
            ]
        },
        {
            "feature": "dummy:ocean_proximity:NEAR BAY",
            "featureBins": [
                0.0,
                1.0
            ],
            "data": [
                [
                    -1468.4163240248454,
                    9344.96949089822
                ]
            ]
        },
        {
            "feature": "dummy:ocean_proximity:ISLAND",
            "featureBins": [
                0.0,
                1.0
            ],
            "data": [
                [
                    23.580636349361157,
                    23.580636349361157
                ]
            ]
        },
        {
            "feature": "dummy:ocean_proximity:N/A",
            "featureBins": [
                0.0
            ],
            "data": [
                [
                    23.580636349361157
                ]
            ]
        },
        {
            "feature": "dummy:ocean_proximity:__Others__",
            "featureBins": [
                0.0
            ],
            "data": [
                [
                    23.580636349361157
                ]
            ]
        }
    ],
    "rawImportance": {
        "variables": [
            "housing_median_age",
            "median_income",
            "family_size",
            "outliers",
            "total_bedrooms",
            "total_rooms",
            "dummy:city:Los Angeles",
            "dummy:city:San Diego",
            "dummy:city:San Francisco",
            "dummy:city:San Jose",
            "dummy:city:Oakland",
            "dummy:city:Long Beach",
            "dummy:city:Sacramento",
            "dummy:city:Fresno",
            "dummy:city:Stockton",
            "dummy:city:Anaheim",
            "dummy:city:San Bernardino",
            "dummy:city:Santa Ana",
            "dummy:city:Riverside",
            "dummy:city:Bakersfield",
            "dummy:city:Fullerton",
            "dummy:city:Modesto",
            "dummy:city:Glendale",
            "dummy:city:Torrance",
            "dummy:city:Garden Grove",
            "dummy:city:Berkeley",
            "dummy:city:Pasadena",
            "dummy:city:Concord",
            "dummy:city:Irvine",
            "dummy:city:Hayward",
            "dummy:city:Downey",
            "dummy:city:Sunnyvale",
            "dummy:city:Santa Rosa",
            "dummy:city:San Mateo",
            "dummy:city:Burbank",
            "dummy:city:Fremont",
            "dummy:city:Richmond",
            "dummy:city:Chula Vista",
            "dummy:city:Ontario",
            "dummy:city:Santa Monica",
            "dummy:city:Santa Barbara",
            "dummy:city:Compton",
            "dummy:city:Oceanside",
            "dummy:city:Thousand Oaks",
            "dummy:city:Pomona",
            "dummy:city:Costa Mesa",
            "dummy:city:San Leandro",
            "dummy:city:Ventura",
            "dummy:city:Norwalk",
            "dummy:city:Inglewood",
            "dummy:city:Simi Valley",
            "dummy:city:Visalia",
            "dummy:city:Orange",
            "dummy:city:Palo Alto",
            "dummy:city:Newport Beach",
            "dummy:city:Alameda",
            "dummy:city:Oxnard",
            "dummy:city:Vallejo",
            "dummy:city:South Gate",
            "dummy:city:Santa Clara",
            "dummy:city:Carson",
            "dummy:city:Redondo Beach",
            "dummy:city:Lakewood",
            "dummy:city:Mountain View",
            "dummy:city:Upland",
            "dummy:city:Whittier",
            "dummy:city:Clovis",
            "dummy:city:Hawthorne",
            "dummy:city:Redding",
            "dummy:city:Santa Cruz",
            "dummy:city:Pico Rivera",
            "dummy:city:Lancaster",
            "dummy:city:Alhambra",
            "dummy:city:Napa",
            "dummy:city:El Cajon",
            "dummy:city:Vacaville",
            "dummy:city:Gardena",
            "dummy:city:Santa Maria",
            "dummy:city:Westminster",
            "dummy:city:Monterey Park",
            "dummy:city:Redlands",
            "dummy:city:Mission Viejo",
            "dummy:city:Culver City",
            "dummy:city:Fontana",
            "dummy:city:Fairfield",
            "dummy:city:Antioch",
            "dummy:city:Vista",
            "dummy:city:Buena Park",
            "dummy:city:Lodi",
            "dummy:city:Rialto",
            "dummy:city:Bellflower",
            "dummy:city:National City",
            "dummy:city:Fountain Valley",
            "dummy:city:La Habra",
            "dummy:city:Walnut Creek",
            "dummy:city:Glendora",
            "dummy:city:Daly City",
            "dummy:city:Escondido",
            "dummy:city:Manhattan Beach",
            "dummy:city:Lawndale",
            "dummy:city:Lynwood",
            "dummy:city:Carlsbad",
            "dummy:city:Los Altos",
            "dummy:city:Redwood City",
            "dummy:city:Encinitas",
            "dummy:city:Salinas",
            "dummy:city:N/A",
            "dummy:city:__Others__",
            "dummy:ocean_proximity:<1H OCEAN",
            "dummy:ocean_proximity:INLAND",
            "dummy:ocean_proximity:NEAR OCEAN",
            "dummy:ocean_proximity:NEAR BAY"
        ],
        "importances": [
            0.033301170078409784,
            0.3810846173388541,
            0.10294325089347066,
            0.00014896972060517442,
            0.02076602157270757,
            0.03874333627714134,
            0.013647503786033967,
            0.002777387006654133,
            0.0285149670569077,
            0.0012951006548941582,
            0.00399683795618318,
            0.00037806841820853406,
            0.002153017999462959,
            0.005465978526615859,
            0.0013005843194986533,
            0.00026757362610008314,
            0.0008785261132740513,
            0.0003107593235611109,
            0.0002859828613247028,
            0.0019105284722518165,
            0.00012584057970932368,
            0.0002894143340071528,
            0.0003004494912525534,
            0.0025434685696731625,
            0.00011584318088875053,
            0.00019090071166043737,
            0.000632429140681849,
            0.0006261894043239507,
            0.0004894663180163575,
            9.854687562501629e-05,
            2.2834047102727404e-05,
            0.0011158856416449616,
            0.0003524016218103169,
            0.002883371869187141,
            0.0002112187963545397,
            4.6514536018223163e-05,
            0.0011896600347789923,
            0.0006401571169556246,
            2.534367696973501e-05,
            0.007963512312884044,
            0.0013128655835925563,
            0.0012323802243702855,
            0.000180618195213861,
            0.00010149019754887861,
            1.5564780978940774e-05,
            2.2155416836926274e-05,
            4.078521715460344e-05,
            2.2541334929275943e-05,
            0.00015058812664103078,
            9.76071150741621e-05,
            5.199616187071057e-05,
            0.00032043256499926477,
            2.511767387337404e-06,
            0.0041929325472884185,
            0.00574966433067113,
            0.00015341556423910147,
            1.751439075116101e-05,
            0.0008705441538886953,
            7.67781402955349e-05,
            3.4463710342760394e-05,
            2.1496201058959817e-05,
            0.0009019084530665393,
            2.3079614036439523e-05,
            0.0006766796961005417,
            0.00035469205938446944,
            2.6527192860580406e-05,
            0.00013010042379144775,
            3.0018804576982285e-06,
            0.00017184404547667106,
            4.8117496259765744e-05,
            1.0917792773368156e-05,
            6.6069696313653025e-06,
            3.082221459327333e-05,
            0.00015517905676370807,
            0.0007373256051095001,
            8.312210128138323e-06,
            8.861242744265671e-06,
            0.0002866104329666424,
            3.303179243645144e-06,
            1.40824531198483e-06,
            1.7264276489186858e-05,
            6.732122892318273e-05,
            0.0007910652200047927,
            1.995165206379678e-05,
            3.475227084609622e-05,
            2.571845774265167e-05,
            4.369824206294773e-05,
            2.1128497133986668e-05,
            4.7016604289334174e-05,
            3.446821948659175e-05,
            2.6043153320458604e-06,
            0.00016591375282086729,
            5.532349233168872e-05,
            9.787572094496721e-06,
            0.0001202495646911808,
            0.0002241320209198286,
            9.90356404349276e-05,
            0.00016642945796520772,
            0.004275257154378516,
            2.5862258656816462e-05,
            0.0001634202495181868,
            9.551462219835853e-05,
            0.0038830587339932186,
            0.00012490417839732803,
            0.00010781838480375706,
            1.0857427292960749e-05,
            0.006535290205673867,
            0.0030988431994100523,
            0.058696456826548934,
            0.2069130627683401,
            0.02190251465661142,
            0.013934005051005732
        ]
    }
}