{
    "metrics": {
        "evs": 0.6335769642375044,
        "mape": 0.31541374357291313,
        "mae": 52102.049321894745,
        "mse": 4959283917.693897,
        "rmse": 70422.1834203818,
        "rmsle": 0.3542806576307495,
        "r2": 0.6334608435257809,
        "pearson": 0.829656388216877,
        "customMetricsResults": []
    },
    "processed_feature_names": [
        "housing_median_age",
        "median_income",
        "family_size",
        "outliers",
        "total_bedrooms",
        "total_rooms",
        "dummy:city:Los Angeles",
        "dummy:city:San Diego",
        "dummy:city:San Francisco",
        "dummy:city:San Jose",
        "dummy:city:Oakland",
        "dummy:city:Long Beach",
        "dummy:city:Sacramento",
        "dummy:city:Fresno",
        "dummy:city:Stockton",
        "dummy:city:Anaheim",
        "dummy:city:San Bernardino",
        "dummy:city:Santa Ana",
        "dummy:city:Riverside",
        "dummy:city:Bakersfield",
        "dummy:city:Fullerton",
        "dummy:city:Modesto",
        "dummy:city:Glendale",
        "dummy:city:Torrance",
        "dummy:city:Garden Grove",
        "dummy:city:Berkeley",
        "dummy:city:Pasadena",
        "dummy:city:Concord",
        "dummy:city:Irvine",
        "dummy:city:Hayward",
        "dummy:city:Downey",
        "dummy:city:Sunnyvale",
        "dummy:city:Santa Rosa",
        "dummy:city:San Mateo",
        "dummy:city:Burbank",
        "dummy:city:Fremont",
        "dummy:city:Richmond",
        "dummy:city:Chula Vista",
        "dummy:city:Ontario",
        "dummy:city:Santa Monica",
        "dummy:city:Santa Barbara",
        "dummy:city:Compton",
        "dummy:city:Oceanside",
        "dummy:city:Thousand Oaks",
        "dummy:city:Pomona",
        "dummy:city:Costa Mesa",
        "dummy:city:San Leandro",
        "dummy:city:Ventura",
        "dummy:city:Norwalk",
        "dummy:city:Inglewood",
        "dummy:city:Simi Valley",
        "dummy:city:Visalia",
        "dummy:city:Orange",
        "dummy:city:Palo Alto",
        "dummy:city:Newport Beach",
        "dummy:city:Alameda",
        "dummy:city:Oxnard",
        "dummy:city:Vallejo",
        "dummy:city:South Gate",
        "dummy:city:Santa Clara",
        "dummy:city:Carson",
        "dummy:city:Redondo Beach",
        "dummy:city:Lakewood",
        "dummy:city:Mountain View",
        "dummy:city:Upland",
        "dummy:city:Whittier",
        "dummy:city:Clovis",
        "dummy:city:Hawthorne",
        "dummy:city:Redding",
        "dummy:city:Santa Cruz",
        "dummy:city:Pico Rivera",
        "dummy:city:Lancaster",
        "dummy:city:Alhambra",
        "dummy:city:Napa",
        "dummy:city:El Cajon",
        "dummy:city:Vacaville",
        "dummy:city:Gardena",
        "dummy:city:Santa Maria",
        "dummy:city:Westminster",
        "dummy:city:Monterey Park",
        "dummy:city:Redlands",
        "dummy:city:Mission Viejo",
        "dummy:city:Culver City",
        "dummy:city:Fontana",
        "dummy:city:Fairfield",
        "dummy:city:Antioch",
        "dummy:city:Vista",
        "dummy:city:Buena Park",
        "dummy:city:Lodi",
        "dummy:city:Rialto",
        "dummy:city:Bellflower",
        "dummy:city:National City",
        "dummy:city:Fountain Valley",
        "dummy:city:La Habra",
        "dummy:city:Walnut Creek",
        "dummy:city:Glendora",
        "dummy:city:Daly City",
        "dummy:city:Escondido",
        "dummy:city:Manhattan Beach",
        "dummy:city:Lawndale",
        "dummy:city:Lynwood",
        "dummy:city:Carlsbad",
        "dummy:city:Los Altos",
        "dummy:city:Redwood City",
        "dummy:city:Encinitas",
        "dummy:city:Salinas",
        "dummy:city:N/A",
        "dummy:city:__Others__",
        "dummy:ocean_proximity:<1H OCEAN",
        "dummy:ocean_proximity:INLAND",
        "dummy:ocean_proximity:NEAR OCEAN",
        "dummy:ocean_proximity:NEAR BAY",
        "dummy:ocean_proximity:ISLAND",
        "dummy:ocean_proximity:N/A",
        "dummy:ocean_proximity:__Others__"
    ],
    "regression_performance": {
        "error_distribution": [
            {
                "bin_id": 0,
                "bin_min": -108894.1372991046,
                "bin_max": -78784.69056770107,
                "count": 204
            },
            {
                "bin_id": 1,
                "bin_min": -78784.69056770107,
                "bin_max": -48973.35717027185,
                "count": 471
            },
            {
                "bin_id": 2,
                "bin_min": -48973.35717027185,
                "bin_max": -19162.02377284263,
                "count": 871
            },
            {
                "bin_id": 3,
                "bin_min": -19162.02377284263,
                "bin_max": 10649.309624586604,
                "count": 684
            },
            {
                "bin_id": 4,
                "bin_min": 10649.309624586604,
                "bin_max": 40460.643022015836,
                "count": 387
            },
            {
                "bin_id": 5,
                "bin_min": 40460.643022015836,
                "bin_max": 70271.97641944504,
                "count": 232
            },
            {
                "bin_id": 6,
                "bin_min": 70271.97641944504,
                "bin_max": 100083.30981687427,
                "count": 135
            },
            {
                "bin_id": 7,
                "bin_min": 100083.30981687427,
                "bin_max": 129894.6432143035,
                "count": 118
            },
            {
                "bin_id": 8,
                "bin_min": 129894.6432143035,
                "bin_max": 159705.9766117327,
                "count": 102
            },
            {
                "bin_id": 9,
                "bin_min": 159705.9766117327,
                "bin_max": 189517.31000916194,
                "count": 133
            }
        ],
        "raw_min_error": -203359.43867868048,
        "min_error": -108596.0239651303,
        "p25_error": -43031.68640714622,
        "median_error": -14465.726693106262,
        "average_error": 853.5436570563064,
        "std_error": 66583.48909349431,
        "p75_error": 29819.926123348152,
        "p90_error": 103756.53720527297,
        "max_error": 189517.31000916194,
        "raw_max_error": 379266.0372308622
    },
    "scatterPlotData": {
        "x": [
            48500.0,
            122000.0,
            300000.0,
            142200.0,
            108300.0,
            239400.0,
            43700.0,
            169200.0,
            52100.0,
            119500.0,
            161700.0,
            227500.0,
            88300.0,
            433800.0,
            211900.0,
            54200.0,
            166900.0,
            168800.0,
            251800.0,
            461200.0,
            87500.0,
            209500.0,
            237700.0,
            500001.0,
            173900.0,
            138100.0,
            151400.0,
            379800.0,
            137500.0,
            174100.0,
            148500.0,
            88300.0,
            177500.0,
            86100.0,
            83600.0,
            99400.0,
            76100.0,
            217900.0,
            234600.0,
            220800.0,
            222900.0,
            63400.0,
            52100.0,
            368400.0,
            71900.0,
            126600.0,
            77100.0,
            144100.0,
            110800.0,
            469900.0,
            289100.0,
            101600.0,
            91900.0,
            86200.0,
            257600.0,
            205900.0,
            369100.0,
            131500.0,
            233300.0,
            435100.0,
            243800.0,
            141700.0,
            185600.0,
            500001.0,
            282100.0,
            180000.0,
            77800.0,
            371600.0,
            73000.0,
            94900.0,
            290900.0,
            373400.0,
            110900.0,
            120600.0,
            101100.0,
            296300.0,
            143300.0,
            180700.0,
            258800.0,
            91100.0,
            500001.0,
            205100.0,
            109700.0,
            273000.0,
            100000.0,
            187500.0,
            158000.0,
            287600.0,
            121500.0,
            192200.0,
            236800.0,
            361600.0,
            147200.0,
            131800.0,
            149600.0,
            170500.0,
            130800.0,
            74100.0,
            103100.0,
            90000.0,
            247600.0,
            339200.0,
            247700.0,
            48300.0,
            273400.0,
            500001.0,
            109400.0,
            169000.0,
            206300.0,
            387700.0,
            238800.0,
            70500.0,
            340000.0,
            145200.0,
            344800.0,
            70000.0,
            95000.0,
            137500.0,
            223200.0,
            425000.0,
            91100.0,
            157500.0,
            172500.0,
            416700.0,
            98800.0,
            96700.0,
            150800.0,
            105400.0,
            156800.0,
            209400.0,
            90600.0,
            136300.0,
            164500.0,
            130900.0,
            177400.0,
            146900.0,
            90800.0,
            295200.0,
            50400.0,
            87500.0,
            123800.0,
            161300.0,
            63300.0,
            72000.0,
            109900.0,
            325000.0,
            500001.0,
            113900.0,
            188300.0,
            155300.0,
            213100.0,
            179800.0,
            99500.0,
            371500.0,
            85500.0,
            94200.0,
            271500.0,
            113200.0,
            500001.0,
            450700.0,
            275000.0,
            344700.0,
            411900.0,
            67500.0,
            73200.0,
            79200.0,
            210900.0,
            500001.0,
            161000.0,
            70000.0,
            102700.0,
            356100.0,
            110700.0,
            157200.0,
            92300.0,
            306700.0,
            153000.0,
            201400.0,
            198100.0,
            387200.0,
            83300.0,
            150000.0,
            134700.0,
            281300.0,
            336700.0,
            165000.0,
            128300.0,
            131300.0,
            279500.0,
            89900.0,
            200000.0,
            139700.0,
            106900.0,
            196300.0,
            240900.0,
            141600.0,
            213900.0,
            229500.0,
            213400.0,
            122700.0,
            500001.0,
            81900.0,
            50800.0,
            163100.0,
            57900.0,
            478600.0,
            372200.0,
            224600.0,
            85700.0,
            89400.0,
            78800.0,
            143800.0,
            228200.0,
            104200.0,
            246900.0,
            374300.0,
            127500.0,
            208300.0,
            229100.0,
            212200.0,
            230800.0,
            283100.0,
            500001.0,
            99100.0,
            321100.0,
            191700.0,
            500000.0,
            97800.0,
            153300.0,
            200000.0,
            81100.0,
            59400.0,
            129700.0,
            156400.0,
            272000.0,
            306700.0,
            500001.0,
            72000.0,
            52900.0,
            64500.0,
            180500.0,
            127900.0,
            284800.0,
            190500.0,
            389800.0,
            212800.0,
            134400.0,
            152800.0,
            166300.0,
            354500.0,
            500001.0,
            172700.0,
            209200.0,
            100000.0,
            137600.0,
            183300.0,
            157200.0,
            136800.0,
            145200.0,
            92600.0,
            94300.0,
            92800.0,
            288500.0,
            58800.0,
            170700.0,
            224200.0,
            271300.0,
            112400.0,
            99300.0,
            162500.0,
            109700.0,
            93800.0,
            500001.0,
            191300.0,
            500001.0,
            71000.0,
            87200.0,
            57800.0,
            351300.0,
            138800.0,
            146500.0,
            136800.0,
            169100.0,
            261400.0,
            325000.0,
            415600.0,
            154200.0,
            62500.0,
            123800.0,
            210000.0,
            108900.0,
            218600.0,
            291100.0,
            152500.0,
            148400.0,
            142900.0,
            154000.0,
            164400.0,
            111600.0,
            269500.0,
            365700.0,
            158200.0,
            240800.0,
            54200.0,
            59100.0,
            121500.0,
            261300.0,
            220000.0,
            147200.0,
            165000.0,
            405100.0,
            225000.0,
            206300.0,
            179800.0,
            191100.0,
            134600.0,
            135000.0,
            208100.0,
            245100.0,
            336900.0,
            137500.0,
            210700.0,
            225800.0,
            226400.0,
            223100.0,
            500001.0,
            93800.0,
            165500.0,
            158600.0,
            119700.0,
            350000.0,
            54900.0,
            282000.0,
            229200.0,
            266900.0,
            74900.0,
            167500.0,
            214600.0,
            173200.0,
            142900.0,
            500001.0,
            371000.0,
            77300.0,
            196100.0,
            247600.0,
            251200.0,
            240000.0,
            500001.0,
            45800.0,
            150000.0,
            48800.0,
            285400.0,
            248900.0,
            143800.0,
            80600.0,
            98000.0,
            231700.0,
            345300.0,
            87500.0,
            76200.0,
            196700.0,
            157300.0,
            434500.0,
            158600.0,
            140600.0,
            200900.0,
            74000.0,
            156700.0,
            75400.0,
            352100.0,
            207500.0,
            223500.0,
            128800.0,
            276800.0,
            91700.0,
            142600.0,
            231600.0,
            55000.0,
            186100.0,
            254500.0,
            72200.0,
            269800.0,
            146900.0,
            141100.0,
            224100.0,
            220000.0,
            164100.0,
            323000.0,
            359900.0,
            119400.0,
            94500.0,
            156900.0,
            55000.0,
            208000.0,
            112500.0,
            221200.0,
            239600.0,
            84100.0,
            500001.0,
            133100.0,
            125000.0,
            399700.0,
            161100.0,
            127600.0,
            171400.0,
            341700.0,
            47800.0,
            140300.0,
            71900.0,
            295900.0,
            70700.0,
            233200.0,
            207700.0,
            315200.0,
            145800.0,
            396400.0,
            128900.0,
            216800.0,
            195700.0,
            113700.0,
            188500.0,
            363300.0,
            68000.0,
            169500.0,
            136600.0,
            293200.0,
            411800.0,
            264700.0,
            386200.0,
            113300.0,
            105000.0,
            45500.0,
            500001.0,
            137500.0,
            370200.0,
            111100.0,
            353900.0,
            126700.0,
            60000.0,
            99100.0,
            350000.0,
            338400.0,
            139300.0,
            500001.0,
            44000.0,
            410300.0,
            223900.0,
            230000.0,
            382400.0,
            284900.0,
            262500.0,
            180700.0,
            230000.0,
            219000.0,
            92200.0,
            111500.0,
            162400.0,
            223400.0,
            434800.0,
            353600.0,
            125000.0,
            142600.0,
            115200.0,
            92700.0,
            233000.0,
            110900.0,
            184600.0,
            108900.0,
            150800.0,
            133900.0,
            170300.0,
            230600.0,
            182100.0,
            251100.0,
            110400.0,
            500001.0,
            188200.0,
            75200.0,
            174000.0,
            369100.0,
            270000.0,
            481300.0,
            151900.0,
            47700.0,
            237200.0,
            208000.0,
            179400.0,
            275000.0,
            79200.0,
            95700.0,
            254100.0,
            400000.0,
            177000.0,
            156800.0,
            106300.0,
            200000.0,
            153400.0,
            87500.0,
            116700.0,
            175000.0,
            331000.0,
            220000.0,
            275000.0,
            72900.0,
            242600.0,
            109400.0,
            85300.0,
            162500.0,
            146600.0,
            102100.0,
            265400.0,
            304000.0,
            204800.0,
            240500.0,
            192400.0,
            114200.0,
            164600.0,
            208300.0,
            142300.0,
            112500.0,
            134000.0,
            175000.0,
            170200.0,
            136600.0,
            91400.0,
            139700.0,
            371100.0,
            198400.0,
            500001.0,
            232400.0,
            126800.0,
            150000.0,
            223300.0,
            55100.0,
            84700.0,
            206300.0,
            500001.0,
            387100.0,
            290500.0,
            246400.0,
            254200.0,
            222800.0,
            209900.0,
            143300.0,
            150500.0,
            176400.0,
            215400.0,
            143200.0,
            85000.0,
            61000.0,
            65000.0,
            196400.0,
            145000.0,
            75000.0,
            97700.0,
            177100.0,
            96700.0,
            95800.0,
            158900.0,
            500001.0,
            181100.0,
            83700.0,
            87500.0,
            188800.0,
            236200.0,
            290900.0,
            222800.0,
            175900.0,
            155200.0,
            305300.0,
            55000.0,
            184800.0,
            264700.0,
            49300.0,
            312500.0,
            73100.0,
            384200.0,
            90900.0,
            500001.0,
            156700.0,
            69000.0,
            65900.0,
            113600.0,
            500001.0,
            131300.0,
            136300.0,
            500001.0,
            330900.0,
            306800.0,
            500001.0,
            265000.0,
            199800.0,
            340800.0,
            171600.0,
            211300.0,
            141300.0,
            162100.0,
            276100.0,
            235100.0,
            239900.0,
            356500.0,
            141500.0,
            58900.0,
            500001.0,
            359000.0,
            238700.0,
            162500.0,
            239900.0,
            178800.0,
            97800.0,
            216700.0,
            94700.0,
            182100.0,
            500001.0,
            329500.0,
            72700.0,
            367400.0,
            264800.0,
            173100.0,
            106300.0,
            109800.0,
            329500.0,
            277200.0,
            153900.0,
            198600.0,
            198400.0,
            159500.0,
            142400.0,
            336800.0,
            93000.0,
            196300.0,
            280400.0,
            219000.0,
            228700.0,
            185100.0,
            366200.0,
            153200.0,
            385700.0,
            128700.0,
            475000.0,
            270600.0,
            120700.0,
            160300.0,
            232000.0,
            94000.0,
            356300.0,
            298400.0,
            109400.0,
            251300.0,
            223600.0,
            335300.0,
            95800.0,
            104600.0,
            475000.0,
            500001.0,
            187200.0,
            199000.0,
            500001.0,
            39600.0,
            224200.0,
            113400.0,
            237600.0,
            84700.0,
            149500.0,
            57900.0,
            199600.0,
            235300.0,
            387800.0,
            223900.0,
            500001.0,
            439300.0,
            345000.0,
            151900.0,
            92400.0,
            500001.0,
            350400.0,
            330000.0,
            41400.0,
            353100.0,
            53300.0,
            190600.0,
            51600.0,
            126000.0,
            284100.0,
            55000.0,
            88100.0,
            192000.0,
            229300.0,
            335400.0,
            280800.0,
            245600.0,
            432100.0,
            192100.0,
            276000.0,
            281900.0,
            396400.0,
            96000.0,
            103100.0,
            203400.0,
            275000.0,
            135700.0,
            186600.0,
            428600.0,
            118800.0,
            465800.0,
            359300.0,
            120400.0,
            55000.0,
            73000.0,
            263300.0,
            194100.0,
            62000.0,
            184800.0,
            204500.0,
            163100.0,
            266700.0,
            76200.0,
            313400.0,
            230000.0,
            357400.0,
            260900.0,
            93100.0,
            486400.0,
            287200.0,
            225400.0,
            287700.0,
            374500.0,
            337200.0,
            51700.0,
            254400.0,
            261300.0,
            290500.0,
            227900.0,
            142300.0,
            58800.0,
            161700.0,
            125000.0,
            500001.0,
            193800.0,
            162500.0,
            154700.0,
            146500.0,
            203700.0,
            200000.0,
            107900.0,
            189800.0,
            97900.0,
            162500.0,
            72500.0,
            52400.0,
            208100.0,
            102200.0,
            162700.0,
            350000.0,
            230900.0,
            218200.0,
            141700.0,
            400000.0,
            112500.0,
            141600.0,
            129100.0,
            67500.0,
            63200.0,
            481500.0,
            218800.0,
            156000.0,
            372400.0,
            187500.0,
            92800.0,
            165100.0,
            164800.0,
            256300.0,
            254900.0,
            500001.0,
            210000.0,
            185400.0,
            439800.0,
            460000.0,
            267900.0,
            293100.0,
            222400.0,
            135600.0,
            83900.0,
            140100.0,
            368500.0,
            301300.0,
            159800.0,
            105700.0,
            105800.0,
            147200.0,
            158300.0,
            272200.0,
            125600.0,
            79900.0,
            225400.0,
            117500.0,
            118500.0,
            207000.0,
            204600.0,
            94900.0,
            274000.0,
            247100.0,
            84500.0,
            95000.0,
            155500.0,
            100000.0,
            50000.0,
            116700.0,
            90100.0,
            330000.0,
            83200.0,
            166300.0,
            161300.0,
            178500.0,
            239300.0,
            90200.0,
            391900.0,
            366100.0,
            257900.0,
            147100.0,
            166700.0,
            219400.0,
            158300.0,
            245600.0,
            389200.0,
            119900.0,
            376100.0,
            112500.0,
            460200.0,
            154600.0,
            109400.0,
            133500.0,
            176800.0,
            450000.0,
            168600.0,
            189600.0,
            152200.0,
            299400.0,
            130500.0,
            162500.0,
            231100.0,
            66500.0,
            316400.0,
            228700.0,
            500001.0,
            134400.0,
            67500.0,
            89600.0,
            155000.0,
            38800.0,
            187500.0,
            184200.0,
            52100.0,
            360900.0,
            45000.0,
            59400.0,
            118800.0,
            206700.0,
            418400.0,
            112100.0,
            500001.0,
            114300.0,
            65900.0,
            296800.0,
            123800.0,
            321600.0,
            137500.0,
            236100.0,
            174600.0,
            111700.0,
            175500.0,
            63700.0,
            500001.0,
            171300.0,
            181900.0,
            241900.0,
            191900.0,
            166300.0,
            142100.0,
            321400.0,
            118800.0,
            348200.0,
            225000.0,
            160600.0,
            96100.0,
            95600.0,
            140200.0,
            123100.0,
            154400.0,
            246300.0,
            92400.0,
            150800.0,
            174000.0,
            97300.0,
            100000.0,
            65900.0,
            414700.0,
            311400.0,
            153700.0,
            381900.0,
            222400.0,
            207300.0,
            177400.0,
            190800.0,
            159400.0,
            325900.0,
            180700.0,
            349500.0,
            306500.0,
            121900.0,
            81800.0,
            234800.0,
            205300.0,
            325400.0,
            341800.0,
            250000.0,
            100000.0,
            247800.0,
            267500.0,
            212600.0,
            148600.0,
            66400.0,
            353700.0,
            400000.0,
            234700.0,
            160000.0,
            254600.0,
            211900.0,
            264400.0,
            92400.0,
            284900.0,
            160700.0,
            114400.0,
            250000.0,
            333300.0,
            193200.0,
            133000.0,
            192700.0,
            500001.0,
            182100.0,
            436100.0,
            137500.0,
            275000.0,
            57500.0,
            272600.0,
            500001.0,
            162100.0,
            226100.0,
            365500.0,
            176500.0,
            366700.0,
            322000.0,
            169400.0,
            137500.0,
            113100.0,
            255900.0,
            75500.0,
            318600.0,
            231300.0,
            364300.0,
            179100.0,
            400000.0,
            88400.0,
            456900.0,
            339600.0,
            219100.0,
            326100.0,
            243800.0,
            155700.0,
            94600.0,
            80000.0,
            174500.0,
            171800.0,
            281000.0,
            288900.0,
            119600.0,
            350000.0,
            333300.0,
            61500.0,
            108300.0,
            258300.0,
            271500.0,
            281300.0,
            265800.0,
            86500.0,
            92500.0,
            500001.0,
            285300.0,
            200000.0,
            184700.0,
            414000.0,
            348100.0,
            171000.0,
            110200.0,
            47700.0,
            167700.0,
            178900.0,
            262500.0,
            215600.0,
            181400.0
        ],
        "y": [
            84926.9937,
            144387.6325,
            225772.4958,
            159659.8996,
            212793.7875,
            323764.7763,
            98125.237,
            212069.9264,
            93874.7809,
            142131.9946,
            172513.9893,
            245641.2485,
            209513.8442,
            353858.3912,
            244206.437,
            112112.2838,
            182715.9323,
            239290.312,
            271213.9984,
            323969.5793,
            103746.6906,
            262031.3137,
            277467.1022,
            329332.8207,
            214212.8658,
            147657.5219,
            130490.7002,
            297368.4695,
            110034.2266,
            189865.5087,
            178788.0541,
            147099.5437,
            211645.4062,
            116455.7417,
            120817.2668,
            210184.5709,
            208091.7631,
            256291.5391,
            139300.3834,
            223001.4967,
            250335.1157,
            100923.8876,
            91533.0311,
            334677.448,
            135638.0826,
            146466.6442,
            116231.827,
            177932.9379,
            128496.74,
            349761.6269,
            303955.2194,
            155799.0368,
            111306.8868,
            133541.9368,
            233145.458,
            200077.1123,
            308627.0002,
            129202.1711,
            259730.3493,
            306388.2214,
            213885.2976,
            179250.2153,
            208153.3136,
            258336.0488,
            247363.3809,
            158585.2881,
            112590.3015,
            233399.0287,
            113182.7225,
            162808.4926,
            327822.1664,
            279954.6486,
            141743.3175,
            190244.8924,
            177492.3538,
            271532.1311,
            204564.0938,
            230538.3483,
            250116.2972,
            121559.4627,
            354637.306,
            206559.1709,
            134482.6323,
            257558.5041,
            139638.8117,
            289136.1769,
            227816.3928,
            254753.9058,
            152981.9153,
            254752.6683,
            220135.1475,
            358820.9036,
            115065.9134,
            193060.8907,
            126222.9384,
            223646.3636,
            136928.0119,
            223353.2634,
            107320.8746,
            157921.0994,
            254259.8868,
            304971.4706,
            241396.3401,
            102066.5661,
            234890.985,
            371683.6125,
            184887.9752,
            175143.5418,
            176480.0739,
            324905.3737,
            231198.1643,
            191150.3614,
            319756.8972,
            146953.3413,
            270623.4078,
            122383.9547,
            230905.876,
            123946.9506,
            206926.8352,
            299463.4917,
            172537.3889,
            201810.2085,
            176952.4691,
            332881.3255,
            132019.628,
            106115.7845,
            186591.6689,
            125639.5575,
            200086.2066,
            223297.7017,
            116924.3655,
            184947.5994,
            144932.9862,
            144415.8058,
            310462.6706,
            131521.4962,
            147207.1846,
            155927.4171,
            90488.8123,
            167878.4601,
            167790.6286,
            229776.0285,
            126296.6854,
            117473.6406,
            141706.5065,
            260540.3549,
            272571.1764,
            138111.9327,
            263380.6608,
            189182.2526,
            257002.5651,
            130374.0292,
            129872.1183,
            319862.9951,
            129959.6804,
            172751.936,
            243366.5044,
            131862.9871,
            345195.3219,
            318298.7286,
            262393.508,
            335762.358,
            338228.0771,
            181651.3538,
            121758.1257,
            103462.4762,
            205406.8053,
            351630.0281,
            140233.1306,
            119398.2708,
            231300.7016,
            248285.7612,
            175491.2997,
            145261.8247,
            114688.8146,
            227937.6019,
            205597.4587,
            210959.5265,
            181028.6291,
            220554.0331,
            196790.9423,
            221274.1911,
            149970.0779,
            236500.0289,
            171969.0603,
            164584.3477,
            120738.2727,
            206613.414,
            259636.8832,
            140414.8704,
            239389.5663,
            225805.5691,
            118383.5509,
            155973.1978,
            307134.7503,
            146494.5707,
            260517.0947,
            251867.3089,
            237977.1203,
            163385.214,
            330152.0584,
            126899.3527,
            93599.9812,
            177945.1144,
            90240.1599,
            199994.5075,
            323762.4542,
            244405.8965,
            131309.9798,
            104486.2118,
            113996.3616,
            159099.6699,
            292615.6842,
            167679.2731,
            237708.97,
            272857.802,
            191882.8745,
            196937.1131,
            246100.0175,
            142312.2145,
            248208.6774,
            224184.9464,
            309102.9466,
            164935.6816,
            204557.4362,
            216922.3643,
            329878.1087,
            132203.7345,
            156377.1551,
            238441.361,
            229013.0229,
            109208.6721,
            138866.8244,
            168550.6544,
            210363.0862,
            321528.9929,
            376571.2356,
            159758.4274,
            103184.004,
            97240.6132,
            184045.8746,
            131981.9526,
            314131.2739,
            236851.2545,
            319038.6753,
            225327.3077,
            156401.9666,
            120982.9642,
            233578.1406,
            286338.6572,
            359240.6864,
            227561.5437,
            240560.4982,
            178993.0515,
            138945.7319,
            187945.5598,
            146221.1716,
            181055.9162,
            193022.0121,
            117257.7461,
            145489.4696,
            123042.9746,
            304657.6815,
            94643.5367,
            132516.7098,
            241098.626,
            240704.5102,
            186572.4717,
            122126.0618,
            176723.2908,
            139257.7665,
            124981.6999,
            311539.6382,
            205552.8319,
            323159.1234,
            119344.9384,
            119884.4368,
            88825.1983,
            320172.2163,
            215235.2321,
            167617.8383,
            156801.5026,
            176121.4933,
            291553.755,
            215026.4469,
            345912.0933,
            259327.5745,
            115638.5863,
            123475.3769,
            215944.4586,
            141028.6659,
            313292.0392,
            314163.8953,
            215999.8505,
            224528.7046,
            158556.3097,
            194166.7852,
            188648.7052,
            173828.5733,
            302075.0017,
            352444.2168,
            219727.1597,
            243131.849,
            114370.7319,
            109795.7572,
            133368.8881,
            256695.538,
            222353.8204,
            169131.7746,
            178802.6528,
            254308.0373,
            254507.9471,
            200154.899,
            235036.2335,
            220166.5616,
            191222.9871,
            138274.2079,
            209305.3959,
            204485.4821,
            321481.6906,
            121711.1352,
            226289.6868,
            248423.6242,
            239043.3382,
            221074.3705,
            345696.1433,
            122542.4748,
            190548.4303,
            241809.8076,
            207581.2517,
            240007.47,
            137756.8892,
            250767.3014,
            202076.3712,
            263770.2573,
            115521.6882,
            187183.185,
            230277.5431,
            198096.1479,
            206293.6698,
            363184.3015,
            301342.8263,
            111318.5084,
            148814.991,
            258225.8647,
            229092.9575,
            299497.8382,
            241496.2749,
            122846.4007,
            125511.154,
            85688.3292,
            228956.1239,
            156208.2614,
            128544.4585,
            127757.8242,
            165836.8988,
            206816.5747,
            270558.1054,
            138493.3515,
            108951.4106,
            201841.6463,
            119079.9731,
            215205.125,
            206494.0842,
            157765.0628,
            225652.5017,
            199569.832,
            213775.0452,
            113642.0228,
            295360.2636,
            240780.1575,
            259176.6751,
            142410.47,
            264981.4108,
            121080.9208,
            246420.312,
            234747.2151,
            124108.4012,
            243034.466,
            243414.9495,
            108555.5764,
            264108.8999,
            200546.5402,
            182224.5211,
            239471.062,
            233555.7009,
            192046.9627,
            220775.8177,
            284070.1773,
            143226.791,
            121434.835,
            147269.2746,
            120400.3308,
            217387.7126,
            280381.153,
            136067.8469,
            265346.9125,
            116723.9133,
            237681.4896,
            127288.8578,
            131413.0399,
            366954.9162,
            217440.0534,
            186588.8913,
            212815.4847,
            261644.8825,
            110125.6382,
            225431.9407,
            114022.2522,
            229366.5033,
            107859.0512,
            250361.0302,
            125874.4075,
            294824.0982,
            221342.0363,
            267957.1625,
            117514.815,
            201548.654,
            245955.5524,
            134058.5479,
            236034.4443,
            132133.8786,
            111100.0874,
            174119.0495,
            127531.5612,
            316103.9401,
            357479.1457,
            182501.8092,
            334548.6822,
            117621.2661,
            160183.9527,
            81623.127,
            303235.6522,
            173771.8214,
            322243.1442,
            156766.1747,
            271049.7426,
            140391.4188,
            225568.3196,
            112108.4156,
            218104.5612,
            328174.7001,
            244463.8611,
            120734.9628,
            112377.2635,
            340135.3164,
            255047.4393,
            245325.4338,
            240833.5677,
            313723.5748,
            222644.7583,
            222881.447,
            220211.9578,
            294542.7444,
            112857.7646,
            175145.805,
            172785.4298,
            246067.4042,
            245819.6458,
            253432.9175,
            197787.6859,
            198863.6208,
            115296.0782,
            123530.447,
            227923.4588,
            135595.9997,
            217512.5195,
            171212.2375,
            200866.7063,
            227657.0605,
            232046.5874,
            222877.5246,
            228957.3996,
            194871.9074,
            133888.1413,
            368520.5864,
            219445.5958,
            105868.8889,
            182821.3045,
            337212.5205,
            175005.708,
            350782.4619,
            209984.1853,
            82291.8794,
            211493.8989,
            226190.4767,
            154571.8428,
            186131.8927,
            113952.3326,
            104387.2536,
            220711.1463,
            296082.4756,
            219929.0834,
            203121.5965,
            128368.4035,
            191615.6164,
            172783.5939,
            126633.5599,
            108070.2445,
            217572.4982,
            349620.2441,
            214217.0213,
            318031.6864,
            162380.099,
            224844.1925,
            114356.3491,
            113349.6594,
            201987.1161,
            220289.7794,
            118536.1655,
            279740.2067,
            251799.5415,
            194930.4989,
            242815.5297,
            193560.8466,
            194383.1553,
            231145.9265,
            207846.8842,
            193338.8037,
            154849.4628,
            155540.0261,
            123173.6608,
            219621.9198,
            230704.4162,
            137493.0279,
            182234.6778,
            343942.6333,
            233409.8933,
            214115.3501,
            270985.9339,
            163173.4161,
            168380.0499,
            222293.5237,
            114567.5329,
            125335.9885,
            233402.5309,
            307739.8606,
            262989.336,
            193261.5011,
            258468.2849,
            250273.4007,
            239492.604,
            216454.4972,
            209368.5687,
            173827.8851,
            215989.5379,
            193168.6255,
            126913.9698,
            124180.977,
            112720.2514,
            133492.1827,
            214144.3908,
            158912.7359,
            198639.2577,
            133485.7991,
            127896.3155,
            118161.1753,
            161478.1344,
            156854.568,
            314468.2609,
            187495.8594,
            114936.9709,
            206475.6387,
            229012.3459,
            176664.8364,
            278456.917,
            148734.4736,
            210472.2319,
            230168.3745,
            303853.2916,
            122701.4947,
            223064.4415,
            303435.2292,
            91993.8443,
            275912.7664,
            105839.3307,
            333744.5502,
            163598.6981,
            235857.1445,
            112630.026,
            108799.5902,
            103035.5015,
            123051.0364,
            376970.859,
            175219.6575,
            213129.6173,
            311064.095,
            271452.1509,
            249830.1281,
            279612.0559,
            218332.0905,
            170511.4285,
            289143.3757,
            185659.7901,
            226917.802,
            174973.3068,
            227425.9578,
            257273.7375,
            227654.9247,
            251459.3323,
            257511.3725,
            169162.1795,
            107243.6912,
            367624.9032,
            205814.4956,
            242894.8273,
            225124.7124,
            253859.9405,
            211985.2261,
            119594.1886,
            231771.6923,
            192108.4103,
            224180.1741,
            358344.2209,
            304940.0696,
            115296.3128,
            267209.7027,
            287107.9114,
            240184.0993,
            119163.1207,
            168721.4215,
            284347.5444,
            286004.6232,
            176128.8705,
            133163.9645,
            234691.0797,
            137985.5112,
            139902.9974,
            143868.4974,
            171954.9584,
            208318.026,
            276845.6432,
            213248.2218,
            216490.6573,
            134580.1495,
            314098.253,
            201623.127,
            225962.295,
            193016.3412,
            304787.6442,
            258392.2746,
            184779.7176,
            192080.84,
            262249.3048,
            163923.3516,
            295966.604,
            226851.4181,
            113381.9302,
            252530.3926,
            255645.5828,
            302431.942,
            123227.4784,
            118741.9852,
            339354.3982,
            348488.0959,
            233489.4169,
            178655.9625,
            394468.0105,
            82566.902,
            240890.4393,
            125646.8591,
            276602.0433,
            119152.2632,
            138101.4688,
            110260.9607,
            246220.878,
            229602.1229,
            281437.3368,
            217569.7635,
            304997.8862,
            262041.5201,
            329971.6686,
            172774.9646,
            119867.5914,
            319691.4852,
            359164.0639,
            272259.2463,
            97030.1888,
            227475.0395,
            118702.058,
            215189.6983,
            99420.5956,
            135641.4784,
            273431.8078,
            127007.0562,
            123373.2286,
            216809.6713,
            241769.4747,
            230151.5164,
            242115.6711,
            250763.4615,
            334278.9905,
            211733.3278,
            231037.0112,
            304365.3469,
            320722.768,
            132003.7221,
            149183.1212,
            205563.9101,
            346681.1526,
            213119.6095,
            175006.9649,
            354410.8528,
            141269.9501,
            364943.3689,
            320911.457,
            135350.176,
            230259.975,
            116956.0822,
            268910.9103,
            207651.7394,
            181579.5355,
            211981.5061,
            210009.3863,
            181734.2833,
            237297.7372,
            125611.3055,
            222166.7642,
            230290.4135,
            307513.7076,
            208895.2232,
            108943.6956,
            316287.6563,
            299429.5264,
            214677.5632,
            270230.3628,
            307958.1135,
            133932.0854,
            84711.2958,
            241456.3224,
            246827.5754,
            269969.1757,
            209457.9444,
            212359.1005,
            93001.5869,
            144095.0893,
            180305.0023,
            289084.0023,
            206395.6399,
            168569.9738,
            171143.4705,
            181037.573,
            251040.654,
            202846.1245,
            119556.753,
            262118.7664,
            203492.3857,
            243927.8525,
            106485.8602,
            105364.0331,
            195660.4467,
            185543.2445,
            216565.6141,
            251614.6341,
            231325.8551,
            270489.8721,
            197663.1595,
            281145.5012,
            205118.5564,
            134118.6269,
            130086.5194,
            112214.1398,
            113583.244,
            386072.4886,
            186199.3444,
            166617.9727,
            339547.4835,
            290332.1258,
            130454.3656,
            185676.8851,
            249419.2917,
            231093.9322,
            310015.6758,
            348438.3579,
            127445.3397,
            194258.5089,
            349720.5955,
            309550.2691,
            186762.694,
            308780.5672,
            196824.3685,
            133904.0539,
            119672.1239,
            174677.8119,
            314442.8036,
            266516.8578,
            201635.8734,
            141076.9877,
            202588.2985,
            228801.9978,
            185439.5877,
            264351.6827,
            199160.0433,
            112510.619,
            264069.6957,
            171774.246,
            211669.349,
            205141.0844,
            197782.4905,
            122921.3815,
            243739.1648,
            288727.3481,
            120794.7881,
            175400.2148,
            177970.2075,
            115544.9218,
            110698.9479,
            173245.3618,
            173041.9364,
            221102.708,
            97726.6389,
            187235.1588,
            127325.0834,
            225717.6159,
            243248.5003,
            128508.304,
            299856.5464,
            298221.6342,
            236929.0784,
            169695.3698,
            190705.4279,
            222474.7778,
            172301.5353,
            201115.9515,
            259049.1318,
            134541.3571,
            255194.6119,
            128253.0488,
            252486.266,
            220028.5122,
            139956.4239,
            183637.6162,
            160576.7964,
            247817.5049,
            183224.3224,
            193970.1407,
            144670.4432,
            284906.5998,
            180708.9191,
            205189.8328,
            220391.8838,
            94538.0972,
            312549.4047,
            333980.9211,
            355247.6801,
            179520.6957,
            201050.3391,
            111437.3548,
            167072.8785,
            184726.4596,
            239073.5262,
            269823.0619,
            107501.9169,
            336958.7324,
            97832.4192,
            123171.5517,
            142466.4993,
            260851.9026,
            286986.7884,
            109552.5122,
            353910.294,
            245039.4992,
            97329.1264,
            230557.8389,
            120180.2118,
            338662.8049,
            160133.4879,
            225889.0994,
            145500.3551,
            149274.4409,
            216979.3058,
            117062.1778,
            315488.1853,
            177866.2743,
            230753.4723,
            231483.981,
            231361.8235,
            129747.342,
            120063.3682,
            202876.215,
            163570.4036,
            321944.3496,
            241022.9225,
            175399.2866,
            204642.3978,
            109298.6899,
            181539.5394,
            134912.023,
            186918.0078,
            220097.6445,
            226147.8523,
            161652.341,
            171343.7544,
            180033.1709,
            178917.8825,
            121785.9053,
            217796.5789,
            335889.3571,
            179389.0751,
            312779.6983,
            225933.3473,
            232181.7206,
            183767.1079,
            200948.7599,
            211901.7055,
            221406.6882,
            193065.0888,
            319471.4856,
            301124.6786,
            155640.6511,
            99107.9401,
            229549.9116,
            217685.9526,
            232818.3894,
            336468.6782,
            204291.3305,
            135351.8716,
            241657.3527,
            245177.1315,
            224770.2067,
            192347.7554,
            97904.0906,
            250050.7876,
            289871.5194,
            249320.5926,
            166636.459,
            234497.8532,
            188965.2573,
            263681.8056,
            183883.5196,
            238988.307,
            130708.7233,
            113781.1876,
            211319.8048,
            212905.5575,
            212110.4764,
            150712.9022,
            221647.3075,
            257764.0078,
            202434.9943,
            257453.8067,
            174564.9652,
            133012.2426,
            99601.8336,
            143087.6971,
            217789.0853,
            153252.9167,
            165816.0365,
            318907.3985,
            192524.9052,
            134339.4845,
            288967.4351,
            205021.2823,
            187906.0893,
            165928.3826,
            220541.7258,
            193608.9902,
            258652.2281,
            227635.7834,
            296370.8091,
            191137.7694,
            261518.2919,
            140031.6848,
            277287.218,
            296957.9178,
            224380.4614,
            231189.3716,
            257296.6089,
            110539.4897,
            105287.474,
            115375.8721,
            254154.9774,
            183746.1806,
            249331.3949,
            273418.0474,
            149547.0315,
            209317.0024,
            212399.0461,
            115097.6994,
            136309.1742,
            233517.9484,
            298041.6562,
            224152.4651,
            223368.7024,
            129099.572,
            143223.3188,
            375877.0628,
            229893.9976,
            202877.9382,
            222669.5376,
            277035.6493,
            334024.5786,
            202552.3914,
            165026.0763,
            105106.3099,
            209826.7399,
            219241.5586,
            249009.2976,
            333816.0008,
            152604.3401
        ]
    },
    "globalMetrics": {
        "testWeight": 3337,
        "targetAvg": [
            208848.77434821698
        ],
        "targetStd": [
            116336.06780855013
        ],
        "predictionAvg": [
            207595.3326374785
        ],
        "predictionStd": [
            69286.74388961725
        ]
    },
    "predictionPDF": {
        "x": [
            81623.12700626398,
            84863.04900450757,
            88102.97100275116,
            91342.89300099474,
            94582.81499923833,
            97822.73699748192,
            101062.6589957255,
            104302.58099396908,
            107542.50299221267,
            110782.42499045626,
            114022.34698869985,
            117262.26898694344,
            120502.19098518702,
            123742.1129834306,
            126982.0349816742,
            130221.95697991777,
            133461.87897816137,
            136701.80097640495,
            139941.72297464852,
            143181.64497289213,
            146421.5669711357,
            149661.48896937928,
            152901.41096762288,
            156141.3329658665,
            159381.25496411006,
            162621.17696235364,
            165861.09896059724,
            169101.02095884082,
            172340.9429570844,
            175580.864955328,
            178820.78695357157,
            182060.70895181515,
            185300.63095005875,
            188540.55294830236,
            191780.47494654593,
            195020.3969447895,
            198260.3189430331,
            201500.2409412767,
            204740.16293952026,
            207980.08493776387,
            211220.00693600744,
            214459.92893425102,
            217699.85093249462,
            220939.77293073823,
            224179.69492898177,
            227419.61692722538,
            230659.53892546898,
            233899.46092371253,
            237139.38292195613,
            240379.30492019973,
            243619.22691844334,
            246859.14891668689,
            250099.0709149305,
            253338.9929131741,
            256578.91491141764,
            259818.83690966124,
            263058.75890790485,
            266298.6809061484,
            269538.602904392,
            272778.5249026356,
            276018.44690087915,
            279258.36889912275,
            282498.29089736636,
            285738.21289560996,
            288978.1348938535,
            292218.0568920971,
            295457.9788903407,
            298697.90088858426,
            301937.82288682787,
            305177.7448850715,
            308417.666883315,
            311657.5888815586,
            314897.5108798022,
            318137.43287804583,
            321377.3548762894,
            324617.276874533,
            327857.1988727766,
            331097.12087102013,
            334337.04286926374,
            337576.96486750734,
            340816.8868657509,
            344056.8088639945,
            347296.7308622381,
            350536.6528604817,
            353776.57485872525,
            357016.49685696885,
            360256.41885521245,
            363496.340853456,
            366736.2628516996,
            369976.1848499432,
            373216.1068481868,
            376456.02884643036,
            379695.95084467396,
            382935.87284291757,
            386175.7948411611,
            389415.7168394047,
            392655.6388376483,
            395895.56083589187,
            399135.4828341355,
            402375.4048323791
        ],
        "pdf": [
            6.080071193123835e-07,
            8.346276703255858e-07,
            1.1187798204186366e-06,
            1.463313679976153e-06,
            1.8658664950355033e-06,
            2.317455228895008e-06,
            2.801992373223283e-06,
            3.2971019931256142e-06,
            3.7762980793108485e-06,
            4.212190854442358e-06,
            4.580058556966717e-06,
            4.861003102772568e-06,
            5.0440557790885254e-06,
            5.126950465198577e-06,
            5.115678140381383e-06,
            5.023204932604502e-06,
            4.867781507816311e-06,
            4.671123853602e-06,
            4.456534160810341e-06,
            4.246905094235048e-06,
            4.062594000806414e-06,
            3.919337502315842e-06,
            3.826582552457768e-06,
            3.7866961664370994e-06,
            3.79539725456138e-06,
            3.843447798971197e-06,
            3.919260721201163e-06,
            4.0117830552944705e-06,
            4.11291762248016e-06,
            4.218889470880546e-06,
            4.330284417704901e-06,
            4.450866338323466e-06,
            4.585594507471762e-06,
            4.738430473792806e-06,
            4.910519543748846e-06,
            5.099175348436878e-06,
            5.297838830938745e-06,
            5.496898598289602e-06,
            5.685033610408393e-06,
            5.850648186927337e-06,
            5.983045664619726e-06,
            6.073190322395091e-06,
            6.1141308163593745e-06,
            6.101281631913504e-06,
            6.0327194881680685e-06,
            5.909488774638787e-06,
            5.7357443917607124e-06,
            5.518514964524111e-06,
            5.266986791564318e-06,
            4.9914214234685385e-06,
            4.701995752725211e-06,
            4.407885890519494e-06,
            4.1167907796241276e-06,
            3.834889657477673e-06,
            3.567065895036292e-06,
            3.3171849261697093e-06,
            3.088282240781321e-06,
            2.882631382736033e-06,
            2.7017440451555677e-06,
            2.5463668112528104e-06,
            2.416498604226512e-06,
            2.311407840445186e-06,
            2.2296192899609997e-06,
            2.1688735782258704e-06,
            2.1261089733910282e-06,
            2.0975373886785385e-06,
            2.0788638058043463e-06,
            2.0656401792596333e-06,
            2.0536824777234887e-06,
            2.039444903368325e-06,
            2.020253976154893e-06,
            1.994351548676381e-06,
            1.96076045367928e-06,
            1.919045907842571e-06,
            1.8690789453608968e-06,
            1.8109002451369881e-06,
            1.7447310274716157e-06,
            1.6710989190217226e-06,
            1.5909773802567497e-06,
            1.5058189136446716e-06,
            1.4174142919561202e-06,
            1.3276097216462546e-06,
            1.2380028804280306e-06,
            1.1497588281762404e-06,
            1.0636210275760345e-06,
            9.800809559282778e-07,
            8.995831923591829e-07,
            8.226351341105846e-07,
            7.497618574614901e-07,
            6.813466575616577e-07,
            6.174629503746259e-07,
            5.577996608683741e-07,
            5.017232389751306e-07,
            4.4844885407668496e-07,
            3.9725171751050016e-07,
            3.476497323545165e-07,
            2.9951566011423224e-07,
            2.5310630210652477e-07,
            2.0901362796665906e-07,
            1.6805021831269825e-07
        ]
    }
}