{
  "state": "DONE",
  "preSearchDescription": {
    "gridLength": 3,
    "searchStrategy": "GRID",
    "importantParams": [
      {
        "name": "trees",
        "vals": [
          "100"
        ]
      },
      {
        "name": "depth",
        "vals": [
          "6",
          "13",
          "17"
        ]
      },
      {
        "name": "min_samples",
        "vals": [
          "10"
        ]
      }
    ]
  },
  "postSearchDescription": {
    "importantParams": [
      {
        "name": "trees",
        "val": "100"
      },
      {
        "name": "depth",
        "val": "17"
      },
      {
        "name": "min_samples",
        "val": "10"
      }
    ]
  },
  "resumed": false,
  "timeOrderingEnabled": false,
  "sampleWeightsEnabled": false,
  "modelId": "m1",
  "progress": {
    "top_level_todo": [],
    "stack": [],
    "top_level_done": [
      {
        "name": "Loading train set",
        "time": 51
      },
      {
        "name": "Loading test set",
        "time": 16
      },
      {
        "name": "Collecting statistics",
        "time": 21
      },
      {
        "name": "Preprocessing train set",
        "time": 57
      },
      {
        "name": "Preprocessing test set",
        "time": 22
      },
      {
        "name": "Hyperparameter searching",
        "time": 12461
      },
      {
        "name": "Fitting model",
        "time": 890
      },
      {
        "name": "Saving model",
        "time": 41
      },
      {
        "name": "Scoring model",
        "time": 770
      }
    ]
  },
  "startTime": 1668091291272,
  "endTime": 1668091305805,
  "preprocessingTime": 169,
  "trainingTime": 14364,
  "hyperparamsSearchTime": 12461
}