{
  "starred": false,
  "clusterMetas": {},
  "customMeta": {
    "kv": {}
  },
  "tags": [],
  "activeClassifierThreshold": 0.0,
  "description": "",
  "name": "Random forest (s2)",
  "labels": [
    {
      "key": "trainDataset:dataset-name",
      "value": "train_set"
    },
    {
      "key": "testDataset:dataset-name",
      "value": "train_set"
    },
    {
      "key": "evaluationDataset:dataset-name",
      "value": "train_set"
    },
    {
      "key": "model:algorithm",
      "value": "RANDOM_FOREST_REGRESSION"
    },
    {
      "key": "model:name",
      "value": "Random forest (s2)"
    },
    {
      "key": "model:date",
      "value": "2022-11-10T14:41:45.805+0000"
    },
    {
      "key": "evaluation:date",
      "value": "2022-11-10T14:41:45.805+0000"
    }
  ]
}