[
    {
        "test_score_gib": 0.7467470021570541,
        "train_score": 0.726036929778718,
        "test_score": 0.7467470021570541,
        "num_samples": 2635,
        "fit_time": 43935,
        "score_time": 401,
        "time": 44336,
        "parameters": {
            "max_depth": 6,
            "max_features": "auto",
            "min_samples_leaf": 10,
            "n_estimators": 100,
            "min_samples_split": 30
        },
        "done_at": 1668089660638,
        "split_id": 0
    },
    {
        "test_score_gib": 0.7125155635958373,
        "train_score": 0.7339755724862017,
        "test_score": 0.7125155635958373,
        "num_samples": 2635,
        "fit_time": 42136,
        "score_time": 514,
        "time": 42650,
        "parameters": {
            "max_depth": 6,
            "max_features": "auto",
            "min_samples_leaf": 10,
            "n_estimators": 100,
            "min_samples_split": 30
        },
        "done_at": 1668089658952,
        "split_id": 1
    },
    {
        "test_score_gib": 0.7057959353131738,
        "train_score": 0.7387857043693071,
        "test_score": 0.7057959353131738,
        "num_samples": 2635,
        "fit_time": 43327,
        "score_time": 423,
        "time": 43750,
        "parameters": {
            "max_depth": 6,
            "max_features": "auto",
            "min_samples_leaf": 10,
            "n_estimators": 100,
            "min_samples_split": 30
        },
        "done_at": 1668089660059,
        "split_id": 2
    },
    {
        "test_score_gib": 0.6977824519007363,
        "train_score": 0.7387082283961268,
        "test_score": 0.6977824519007363,
        "num_samples": 2635,
        "fit_time": 43745,
        "score_time": 601,
        "time": 44346,
        "parameters": {
            "max_depth": 6,
            "max_features": "auto",
            "min_samples_leaf": 10,
            "n_estimators": 100,
            "min_samples_split": 30
        },
        "done_at": 1668089660657,
        "split_id": 3
    },
    {
        "test_score_gib": 0.7053254258992991,
        "train_score": 0.7364524979539524,
        "test_score": 0.7053254258992991,
        "num_samples": 2635,
        "fit_time": 30786,
        "score_time": 315,
        "time": 31101,
        "parameters": {
            "max_depth": 6,
            "max_features": "auto",
            "min_samples_leaf": 10,
            "n_estimators": 100,
            "min_samples_split": 30
        },
        "done_at": 1668089690057,
        "split_id": 4
    },
    {
        "test_score_gib": 0.7788637164162082,
        "train_score": 0.7984361093715334,
        "test_score": 0.7788637164162082,
        "num_samples": 2635,
        "fit_time": 44308,
        "score_time": 691,
        "time": 44999,
        "parameters": {
            "max_depth": 13,
            "max_features": "auto",
            "min_samples_leaf": 10,
            "n_estimators": 100,
            "min_samples_split": 30
        },
        "done_at": 1668089705138,
        "split_id": 0
    },
    {
        "test_score_gib": 0.7449790578747004,
        "train_score": 0.8043858976930363,
        "test_score": 0.7449790578747004,
        "num_samples": 2635,
        "fit_time": 47224,
        "score_time": 489,
        "time": 47713,
        "parameters": {
            "max_depth": 13,
            "max_features": "auto",
            "min_samples_leaf": 10,
            "n_estimators": 100,
            "min_samples_split": 30
        },
        "done_at": 1668089708355,
        "split_id": 1
    },
    {
        "test_score_gib": 0.7246095305740266,
        "train_score": 0.8095547466689765,
        "test_score": 0.7246095305740266,
        "num_samples": 2635,
        "fit_time": 42881,
        "score_time": 617,
        "time": 43498,
        "parameters": {
            "max_depth": 13,
            "max_features": "auto",
            "min_samples_leaf": 10,
            "n_estimators": 100,
            "min_samples_split": 30
        },
        "done_at": 1668089704158,
        "split_id": 2
    },
    {
        "test_score_gib": 0.7261833853250345,
        "train_score": 0.8082704797264109,
        "test_score": 0.7261833853250345,
        "num_samples": 2635,
        "fit_time": 28106,
        "score_time": 300,
        "time": 28406,
        "parameters": {
            "max_depth": 13,
            "max_features": "auto",
            "min_samples_leaf": 10,
            "n_estimators": 100,
            "min_samples_split": 30
        },
        "done_at": 1668089718464,
        "split_id": 3
    },
    {
        "test_score_gib": 0.7295242259148975,
        "train_score": 0.8091744229939709,
        "test_score": 0.7295242259148975,
        "num_samples": 2635,
        "fit_time": 16895,
        "score_time": 136,
        "time": 17031,
        "parameters": {
            "max_depth": 13,
            "max_features": "auto",
            "min_samples_leaf": 10,
            "n_estimators": 100,
            "min_samples_split": 30
        },
        "done_at": 1668089721190,
        "split_id": 4
    }
]