{
    "startedAt": 1668089616295,
    "gridSize": 2,
    "nThreads": 4,
    "nSplits": 5,
    "metric": "R2",
    "timeout": null,
    "gridPoints": [
        {
            "finishedAt": 1668089690057,
            "score": 0.7136332757732201,
            "testScoreGibMean": 0.7136332757732201,
            "testScoreMean": 0.7136332757732201,
            "testScoreStd": 0.0172015176538914,
            "trainScoreMean": 0.7347917865968612,
            "trainScoreStd": 0.004719355488460127,
            "time": 206183,
            "fitTimeMean": 40785.8,
            "fitTimeStd": 5038.870167011649,
            "scoreTimeMean": 450.8,
            "scoreTimeStd": 98.23319194651063,
            "parameters": {
                "max_depth": 6,
                "max_features": "auto",
                "min_samples_leaf": 10,
                "n_estimators": 100,
                "min_samples_split": 30
            }
        },
        {
            "finishedAt": 1668089721190,
            "score": 0.7408319832209734,
            "testScoreGibMean": 0.7408319832209734,
            "testScoreMean": 0.7408319832209734,
            "testScoreStd": 0.02034318423211845,
            "trainScoreMean": 0.8059643312907856,
            "trainScoreStd": 0.004187592860485815,
            "time": 181647,
            "fitTimeMean": 35882.8,
            "fitTimeStd": 11572.353112483217,
            "scoreTimeMean": 446.6,
            "scoreTimeStd": 204.22007736753014,
            "parameters": {
                "max_depth": 13,
                "max_features": "auto",
                "min_samples_leaf": 10,
                "n_estimators": 100,
                "min_samples_split": 30
            }
        }
    ]
}