{
    "metrics": {
        "evs": 0.747939540578922,
        "mape": 0.23203169904836665,
        "mae": 40767.287714077516,
        "mse": 3410387429.1171126,
        "rmse": 58398.52249087397,
        "rmsle": 0.29098040586128127,
        "r2": 0.747939308927458,
        "pearson": 0.8648517665866,
        "customMetricsResults": []
    },
    "processed_feature_names": [
        "housing_median_age",
        "median_income",
        "family_size",
        "total_bedrooms",
        "total_rooms",
        "dummy:city:Los Angeles",
        "dummy:city:San Diego",
        "dummy:city:San Francisco",
        "dummy:city:San Jose",
        "dummy:city:Oakland",
        "dummy:city:Long Beach",
        "dummy:city:Sacramento",
        "dummy:city:Fresno",
        "dummy:city:Stockton",
        "dummy:city:Anaheim",
        "dummy:city:San Bernardino",
        "dummy:city:Santa Ana",
        "dummy:city:Riverside",
        "dummy:city:Bakersfield",
        "dummy:city:Fullerton",
        "dummy:city:Modesto",
        "dummy:city:Glendale",
        "dummy:city:Torrance",
        "dummy:city:Garden Grove",
        "dummy:city:Berkeley",
        "dummy:city:Pasadena",
        "dummy:city:Concord",
        "dummy:city:Irvine",
        "dummy:city:Hayward",
        "dummy:city:Downey",
        "dummy:city:Sunnyvale",
        "dummy:city:Santa Rosa",
        "dummy:city:San Mateo",
        "dummy:city:Burbank",
        "dummy:city:Fremont",
        "dummy:city:Richmond",
        "dummy:city:Chula Vista",
        "dummy:city:Ontario",
        "dummy:city:Santa Monica",
        "dummy:city:Santa Barbara",
        "dummy:city:Compton",
        "dummy:city:Oceanside",
        "dummy:city:Thousand Oaks",
        "dummy:city:Pomona",
        "dummy:city:Costa Mesa",
        "dummy:city:San Leandro",
        "dummy:city:Ventura",
        "dummy:city:Norwalk",
        "dummy:city:Inglewood",
        "dummy:city:Simi Valley",
        "dummy:city:Visalia",
        "dummy:city:Orange",
        "dummy:city:Palo Alto",
        "dummy:city:Newport Beach",
        "dummy:city:Alameda",
        "dummy:city:Oxnard",
        "dummy:city:Vallejo",
        "dummy:city:South Gate",
        "dummy:city:Santa Clara",
        "dummy:city:Carson",
        "dummy:city:Redondo Beach",
        "dummy:city:Lakewood",
        "dummy:city:Mountain View",
        "dummy:city:Upland",
        "dummy:city:Whittier",
        "dummy:city:Clovis",
        "dummy:city:Hawthorne",
        "dummy:city:Redding",
        "dummy:city:Santa Cruz",
        "dummy:city:Pico Rivera",
        "dummy:city:Lancaster",
        "dummy:city:Alhambra",
        "dummy:city:Napa",
        "dummy:city:El Cajon",
        "dummy:city:Vacaville",
        "dummy:city:Gardena",
        "dummy:city:Santa Maria",
        "dummy:city:Westminster",
        "dummy:city:Monterey Park",
        "dummy:city:Redlands",
        "dummy:city:Mission Viejo",
        "dummy:city:Culver City",
        "dummy:city:Fontana",
        "dummy:city:Fairfield",
        "dummy:city:Antioch",
        "dummy:city:Vista",
        "dummy:city:Buena Park",
        "dummy:city:Lodi",
        "dummy:city:Rialto",
        "dummy:city:Bellflower",
        "dummy:city:National City",
        "dummy:city:Fountain Valley",
        "dummy:city:La Habra",
        "dummy:city:Walnut Creek",
        "dummy:city:Glendora",
        "dummy:city:Daly City",
        "dummy:city:Escondido",
        "dummy:city:Manhattan Beach",
        "dummy:city:Lawndale",
        "dummy:city:Lynwood",
        "dummy:city:Carlsbad",
        "dummy:city:Los Altos",
        "dummy:city:Redwood City",
        "dummy:city:Encinitas",
        "dummy:city:Salinas",
        "dummy:city:N/A",
        "dummy:city:__Others__",
        "dummy:ocean_proximity:<1H OCEAN",
        "dummy:ocean_proximity:INLAND",
        "dummy:ocean_proximity:NEAR OCEAN",
        "dummy:ocean_proximity:NEAR BAY",
        "dummy:ocean_proximity:ISLAND",
        "dummy:ocean_proximity:N/A",
        "dummy:ocean_proximity:__Others__",
        "dummy:city_enName:Los Angeles",
        "dummy:city_enName:San Diego",
        "dummy:city_enName:San Francisco",
        "dummy:city_enName:San Jose",
        "dummy:city_enName:Oakland",
        "dummy:city_enName:Long Beach",
        "dummy:city_enName:Sacramento",
        "dummy:city_enName:Fresno",
        "dummy:city_enName:Stockton",
        "dummy:city_enName:Anaheim",
        "dummy:city_enName:San Bernardino",
        "dummy:city_enName:Santa Ana",
        "dummy:city_enName:Riverside",
        "dummy:city_enName:Bakersfield",
        "dummy:city_enName:Fullerton",
        "dummy:city_enName:Modesto",
        "dummy:city_enName:Glendale",
        "dummy:city_enName:Torrance",
        "dummy:city_enName:Garden Grove",
        "dummy:city_enName:Berkeley",
        "dummy:city_enName:Pasadena",
        "dummy:city_enName:Concord",
        "dummy:city_enName:Irvine",
        "dummy:city_enName:Hayward",
        "dummy:city_enName:Downey",
        "dummy:city_enName:Sunnyvale",
        "dummy:city_enName:Santa Rosa",
        "dummy:city_enName:San Mateo",
        "dummy:city_enName:Burbank",
        "dummy:city_enName:Fremont",
        "dummy:city_enName:Richmond",
        "dummy:city_enName:Chula Vista",
        "dummy:city_enName:Ontario",
        "dummy:city_enName:Santa Monica",
        "dummy:city_enName:Santa Barbara",
        "dummy:city_enName:Compton",
        "dummy:city_enName:Oceanside",
        "dummy:city_enName:Thousand Oaks",
        "dummy:city_enName:Pomona",
        "dummy:city_enName:Costa Mesa",
        "dummy:city_enName:San Leandro",
        "dummy:city_enName:Ventura",
        "dummy:city_enName:Norwalk",
        "dummy:city_enName:Inglewood",
        "dummy:city_enName:Simi Valley",
        "dummy:city_enName:Visalia",
        "dummy:city_enName:Orange",
        "dummy:city_enName:Palo Alto",
        "dummy:city_enName:Newport Beach",
        "dummy:city_enName:Alameda",
        "dummy:city_enName:Oxnard",
        "dummy:city_enName:Vallejo",
        "dummy:city_enName:South Gate",
        "dummy:city_enName:Santa Clara",
        "dummy:city_enName:Carson",
        "dummy:city_enName:Redondo Beach",
        "dummy:city_enName:Lakewood",
        "dummy:city_enName:Mountain View",
        "dummy:city_enName:Upland",
        "dummy:city_enName:Whittier",
        "dummy:city_enName:Clovis",
        "dummy:city_enName:Hawthorne",
        "dummy:city_enName:Redding",
        "dummy:city_enName:Santa Cruz",
        "dummy:city_enName:Pico Rivera",
        "dummy:city_enName:Lancaster",
        "dummy:city_enName:Alhambra",
        "dummy:city_enName:Napa",
        "dummy:city_enName:El Cajon",
        "dummy:city_enName:Vacaville",
        "dummy:city_enName:Gardena",
        "dummy:city_enName:Santa Maria",
        "dummy:city_enName:Westminster",
        "dummy:city_enName:Monterey Park",
        "dummy:city_enName:Redlands",
        "dummy:city_enName:Mission Viejo",
        "dummy:city_enName:Culver City",
        "dummy:city_enName:Fontana",
        "dummy:city_enName:Fairfield",
        "dummy:city_enName:Antioch",
        "dummy:city_enName:Vista",
        "dummy:city_enName:Buena Park",
        "dummy:city_enName:Lodi",
        "dummy:city_enName:Rialto",
        "dummy:city_enName:Bellflower",
        "dummy:city_enName:National City",
        "dummy:city_enName:Fountain Valley",
        "dummy:city_enName:La Habra",
        "dummy:city_enName:Walnut Creek",
        "dummy:city_enName:Glendora",
        "dummy:city_enName:Daly City",
        "dummy:city_enName:Escondido",
        "dummy:city_enName:Manhattan Beach",
        "dummy:city_enName:Lawndale",
        "dummy:city_enName:Lynwood",
        "dummy:city_enName:Carlsbad",
        "dummy:city_enName:Los Altos",
        "dummy:city_enName:Redwood City",
        "dummy:city_enName:Encinitas",
        "dummy:city_enName:Salinas",
        "dummy:city_enName:N/A",
        "dummy:city_enName:__Others__",
        "dummy:location:POINT(-122.42 37.75)",
        "dummy:location:POINT(-118.26 34.02)",
        "dummy:location:POINT(-122.42 37.8)",
        "dummy:location:POINT(-118.29 34.09)",
        "dummy:location:POINT(-122.42 37.76)",
        "dummy:location:POINT(-118.26 34.07)",
        "dummy:location:POINT(-118.28 33.99)",
        "dummy:location:POINT(-118.47 33.99)",
        "dummy:location:POINT(-122.41 37.8)",
        "dummy:location:POINT(-122.46 37.78)",
        "dummy:location:POINT(-118.19 34.05)",
        "dummy:location:POINT(-122.44 37.78)",
        "dummy:location:POINT(-118.31 34.05)",
        "dummy:location:POINT(-118.36 34.09)",
        "dummy:location:POINT(-118.19 33.78)",
        "dummy:location:POINT(-122.49 37.76)",
        "dummy:location:POINT(-122.47 37.78)",
        "dummy:location:POINT(-118.27 34.07)",
        "dummy:location:POINT(-122.47 37.76)",
        "dummy:location:POINT(-118.28 33.93)",
        "dummy:location:POINT(-122.41 37.75)",
        "dummy:location:POINT(-118.35 34.04)",
        "dummy:location:POINT(-118.36 34.03)",
        "dummy:location:POINT(-118.32 34.09)",
        "dummy:location:POINT(-122.28 37.81)",
        "dummy:location:POINT(-118.37 34.16)",
        "dummy:location:POINT(-118.32 33.98)",
        "dummy:location:POINT(-117.14 32.75)",
        "dummy:location:POINT(-118.31 34.02)",
        "dummy:location:POINT(-122.42 37.74)",
        "dummy:location:POINT(-122.41 37.79)",
        "dummy:location:POINT(-122.43 37.73)",
        "dummy:location:POINT(-122.24 37.8)",
        "dummy:location:POINT(-118.2 34.05)",
        "dummy:location:POINT(-122.27 37.85)",
        "dummy:location:POINT(-118.19 34.12)",
        "dummy:location:POINT(-122.26 37.77)",
        "dummy:location:POINT(-122.44 37.79)",
        "dummy:location:POINT(-122.21 37.78)",
        "dummy:location:POINT(-122.44 37.8)",
        "dummy:location:POINT(-118.29 34.04)",
        "dummy:location:POINT(-122.24 37.81)",
        "dummy:location:POINT(-118.24 34.14)",
        "dummy:location:POINT(-118.23 33.91)",
        "dummy:location:POINT(-118.37 34.09)",
        "dummy:location:POINT(-122.42 37.78)",
        "dummy:location:POINT(-118.37 34.07)",
        "dummy:location:POINT(-118.39 33.88)",
        "dummy:location:POINT(-122.43 37.79)",
        "dummy:location:POINT(-117.13 32.75)",
        "dummy:location:POINT(-122.24 37.79)",
        "dummy:location:POINT(-122.29 37.81)",
        "dummy:location:POINT(-118.14 33.86)",
        "dummy:location:POINT(-118.3 34.02)",
        "dummy:location:POINT(-118.22 33.9)",
        "dummy:location:POINT(-118.3 34.06)",
        "dummy:location:POINT(-122.47 37.75)",
        "dummy:location:POINT(-118.22 33.98)",
        "dummy:location:POINT(-117.13 32.7)",
        "dummy:location:POINT(-118.4 33.87)",
        "dummy:location:POINT(-122.23 37.79)",
        "dummy:location:POINT(-118.21 34.04)",
        "dummy:location:POINT(-118.2 33.77)",
        "dummy:location:POINT(-122.43 37.78)",
        "dummy:location:POINT(-118.26 34.08)",
        "dummy:location:POINT(-122.43 37.77)",
        "dummy:location:POINT(-118.27 34.06)",
        "dummy:location:POINT(-122.43 37.75)",
        "dummy:location:POINT(-118.27 34.16)",
        "dummy:location:POINT(-122.08 37.63)",
        "dummy:location:POINT(-122.45 37.77)",
        "dummy:location:POINT(-118.28 33.96)",
        "dummy:location:POINT(-122.21 37.8)",
        "dummy:location:POINT(-118.16 33.78)",
        "dummy:location:POINT(-118.28 34.01)",
        "dummy:location:POINT(-118.41 34)",
        "dummy:location:POINT(-118.41 34.02)",
        "dummy:location:POINT(-122.28 37.85)",
        "dummy:location:POINT(-118.25 34.02)",
        "dummy:location:POINT(-118.17 33.77)",
        "dummy:location:POINT(-118.16 34.02)",
        "dummy:location:POINT(-118.29 33.98)",
        "dummy:location:POINT(-118.27 33.94)",
        "dummy:location:POINT(-117.16 32.74)",
        "dummy:location:POINT(-122.44 37.75)",
        "dummy:location:POINT(-122.49 37.75)",
        "dummy:location:POINT(-118.31 34.09)",
        "dummy:location:POINT(-117.93 33.85)",
        "dummy:location:POINT(-118.32 34.04)",
        "dummy:location:POINT(-117.97 34.05)",
        "dummy:location:POINT(-121.88 37.44)",
        "dummy:location:POINT(-118.06 33.98)",
        "dummy:location:POINT(-118.35 33.9)",
        "dummy:location:POINT(-118.32 33.91)",
        "dummy:location:POINT(-118.11 33.84)",
        "dummy:location:POINT(-117.91 33.84)",
        "dummy:location:POINT(-118.36 33.9)",
        "dummy:location:POINT(-117.24 32.8)",
        "dummy:location:POINT(-118.31 33.94)",
        "dummy:location:POINT(-118.35 33.97)",
        "dummy:location:POINT(-122.49 37.78)",
        "dummy:location:N/A",
        "dummy:location:__Others__"
    ],
    "regression_performance": {
        "error_distribution": [
            {
                "bin_id": 0,
                "bin_min": -107753.80221909756,
                "bin_max": -81199.37668513427,
                "count": 166
            },
            {
                "bin_id": 1,
                "bin_min": -81199.37668513427,
                "bin_max": -54907.866255467634,
                "count": 225
            },
            {
                "bin_id": 2,
                "bin_min": -54907.866255467634,
                "bin_max": -28616.355825801,
                "count": 522
            },
            {
                "bin_id": 3,
                "bin_min": -28616.355825801,
                "bin_max": -2324.8453961343766,
                "count": 899
            },
            {
                "bin_id": 4,
                "bin_min": -2324.8453961343766,
                "bin_max": 23966.66503353225,
                "count": 696
            },
            {
                "bin_id": 5,
                "bin_min": 23966.66503353225,
                "bin_max": 50258.17546319889,
                "count": 368
            },
            {
                "bin_id": 6,
                "bin_min": 50258.17546319889,
                "bin_max": 76549.6858928655,
                "count": 172
            },
            {
                "bin_id": 7,
                "bin_min": 76549.6858928655,
                "bin_max": 102841.19632253214,
                "count": 118
            },
            {
                "bin_id": 8,
                "bin_min": 102841.19632253214,
                "bin_max": 129132.70675219878,
                "count": 63
            },
            {
                "bin_id": 9,
                "bin_min": 129132.70675219878,
                "bin_max": 155424.2171818654,
                "count": 108
            }
        ],
        "raw_min_error": -252797.00229495903,
        "min_error": -107490.88711480089,
        "p25_error": -31441.10876507318,
        "median_error": -6519.874710016171,
        "average_error": -518.680259650317,
        "std_error": 52485.02685059946,
        "p75_error": 23574.66085918492,
        "p90_error": 69386.81954323626,
        "max_error": 155424.2171818654,
        "raw_max_error": 414518.15528330934
    },
    "scatterPlotData": {
        "x": [
            48500.0,
            122000.0,
            300000.0,
            142200.0,
            108300.0,
            239400.0,
            43700.0,
            169200.0,
            52100.0,
            119500.0,
            161700.0,
            227500.0,
            88300.0,
            433800.0,
            211900.0,
            54200.0,
            166900.0,
            168800.0,
            251800.0,
            461200.0,
            87500.0,
            209500.0,
            237700.0,
            500001.0,
            173900.0,
            138100.0,
            151400.0,
            379800.0,
            137500.0,
            174100.0,
            148500.0,
            88300.0,
            177500.0,
            86100.0,
            83600.0,
            99400.0,
            76100.0,
            217900.0,
            234600.0,
            220800.0,
            222900.0,
            63400.0,
            52100.0,
            368400.0,
            71900.0,
            126600.0,
            77100.0,
            144100.0,
            110800.0,
            469900.0,
            289100.0,
            101600.0,
            91900.0,
            86200.0,
            257600.0,
            205900.0,
            369100.0,
            131500.0,
            233300.0,
            435100.0,
            243800.0,
            141700.0,
            185600.0,
            500001.0,
            282100.0,
            180000.0,
            77800.0,
            371600.0,
            73000.0,
            94900.0,
            290900.0,
            373400.0,
            110900.0,
            120600.0,
            101100.0,
            296300.0,
            143300.0,
            180700.0,
            258800.0,
            91100.0,
            500001.0,
            205100.0,
            109700.0,
            273000.0,
            100000.0,
            187500.0,
            158000.0,
            287600.0,
            121500.0,
            192200.0,
            236800.0,
            361600.0,
            147200.0,
            131800.0,
            149600.0,
            170500.0,
            130800.0,
            74100.0,
            103100.0,
            90000.0,
            247600.0,
            339200.0,
            247700.0,
            48300.0,
            273400.0,
            500001.0,
            109400.0,
            169000.0,
            206300.0,
            387700.0,
            238800.0,
            70500.0,
            340000.0,
            145200.0,
            344800.0,
            70000.0,
            95000.0,
            137500.0,
            223200.0,
            425000.0,
            91100.0,
            157500.0,
            172500.0,
            416700.0,
            98800.0,
            96700.0,
            150800.0,
            105400.0,
            156800.0,
            209400.0,
            90600.0,
            136300.0,
            164500.0,
            130900.0,
            177400.0,
            146900.0,
            90800.0,
            295200.0,
            50400.0,
            87500.0,
            123800.0,
            161300.0,
            63300.0,
            72000.0,
            109900.0,
            325000.0,
            500001.0,
            113900.0,
            188300.0,
            155300.0,
            213100.0,
            179800.0,
            99500.0,
            371500.0,
            85500.0,
            94200.0,
            271500.0,
            113200.0,
            500001.0,
            450700.0,
            275000.0,
            344700.0,
            411900.0,
            67500.0,
            73200.0,
            79200.0,
            210900.0,
            500001.0,
            161000.0,
            70000.0,
            102700.0,
            356100.0,
            110700.0,
            157200.0,
            92300.0,
            306700.0,
            153000.0,
            201400.0,
            198100.0,
            387200.0,
            83300.0,
            150000.0,
            134700.0,
            281300.0,
            336700.0,
            165000.0,
            128300.0,
            131300.0,
            279500.0,
            89900.0,
            200000.0,
            139700.0,
            106900.0,
            196300.0,
            240900.0,
            141600.0,
            213900.0,
            229500.0,
            213400.0,
            122700.0,
            500001.0,
            81900.0,
            50800.0,
            163100.0,
            57900.0,
            478600.0,
            372200.0,
            224600.0,
            85700.0,
            89400.0,
            78800.0,
            143800.0,
            228200.0,
            104200.0,
            246900.0,
            374300.0,
            127500.0,
            208300.0,
            229100.0,
            212200.0,
            230800.0,
            283100.0,
            500001.0,
            99100.0,
            321100.0,
            191700.0,
            500000.0,
            97800.0,
            153300.0,
            200000.0,
            81100.0,
            59400.0,
            129700.0,
            156400.0,
            272000.0,
            306700.0,
            500001.0,
            72000.0,
            52900.0,
            64500.0,
            180500.0,
            127900.0,
            284800.0,
            190500.0,
            389800.0,
            212800.0,
            134400.0,
            152800.0,
            166300.0,
            354500.0,
            500001.0,
            172700.0,
            209200.0,
            100000.0,
            137600.0,
            183300.0,
            157200.0,
            136800.0,
            145200.0,
            92600.0,
            94300.0,
            92800.0,
            288500.0,
            58800.0,
            170700.0,
            224200.0,
            271300.0,
            112400.0,
            99300.0,
            162500.0,
            109700.0,
            93800.0,
            500001.0,
            191300.0,
            500001.0,
            71000.0,
            87200.0,
            57800.0,
            351300.0,
            138800.0,
            146500.0,
            136800.0,
            169100.0,
            261400.0,
            325000.0,
            415600.0,
            154200.0,
            62500.0,
            123800.0,
            210000.0,
            108900.0,
            218600.0,
            291100.0,
            152500.0,
            148400.0,
            142900.0,
            154000.0,
            164400.0,
            111600.0,
            269500.0,
            365700.0,
            158200.0,
            240800.0,
            54200.0,
            59100.0,
            121500.0,
            261300.0,
            220000.0,
            147200.0,
            165000.0,
            405100.0,
            225000.0,
            206300.0,
            179800.0,
            191100.0,
            134600.0,
            135000.0,
            208100.0,
            245100.0,
            336900.0,
            137500.0,
            210700.0,
            225800.0,
            226400.0,
            223100.0,
            500001.0,
            93800.0,
            165500.0,
            158600.0,
            119700.0,
            350000.0,
            54900.0,
            282000.0,
            229200.0,
            266900.0,
            74900.0,
            167500.0,
            214600.0,
            173200.0,
            142900.0,
            500001.0,
            371000.0,
            77300.0,
            196100.0,
            247600.0,
            251200.0,
            240000.0,
            500001.0,
            45800.0,
            150000.0,
            48800.0,
            285400.0,
            248900.0,
            143800.0,
            80600.0,
            98000.0,
            231700.0,
            345300.0,
            87500.0,
            76200.0,
            196700.0,
            157300.0,
            434500.0,
            158600.0,
            140600.0,
            200900.0,
            74000.0,
            156700.0,
            75400.0,
            352100.0,
            207500.0,
            223500.0,
            128800.0,
            276800.0,
            91700.0,
            142600.0,
            231600.0,
            55000.0,
            186100.0,
            254500.0,
            72200.0,
            269800.0,
            146900.0,
            141100.0,
            224100.0,
            220000.0,
            164100.0,
            323000.0,
            359900.0,
            119400.0,
            94500.0,
            156900.0,
            55000.0,
            208000.0,
            112500.0,
            221200.0,
            239600.0,
            84100.0,
            500001.0,
            133100.0,
            125000.0,
            399700.0,
            161100.0,
            127600.0,
            171400.0,
            341700.0,
            47800.0,
            140300.0,
            71900.0,
            295900.0,
            70700.0,
            233200.0,
            207700.0,
            315200.0,
            145800.0,
            396400.0,
            128900.0,
            216800.0,
            195700.0,
            113700.0,
            188500.0,
            363300.0,
            68000.0,
            169500.0,
            136600.0,
            293200.0,
            411800.0,
            264700.0,
            386200.0,
            113300.0,
            105000.0,
            45500.0,
            500001.0,
            137500.0,
            370200.0,
            111100.0,
            353900.0,
            126700.0,
            60000.0,
            99100.0,
            350000.0,
            338400.0,
            139300.0,
            500001.0,
            44000.0,
            410300.0,
            223900.0,
            230000.0,
            382400.0,
            284900.0,
            262500.0,
            180700.0,
            230000.0,
            219000.0,
            92200.0,
            111500.0,
            162400.0,
            223400.0,
            434800.0,
            353600.0,
            125000.0,
            142600.0,
            115200.0,
            92700.0,
            233000.0,
            110900.0,
            184600.0,
            108900.0,
            150800.0,
            133900.0,
            170300.0,
            230600.0,
            182100.0,
            251100.0,
            110400.0,
            500001.0,
            188200.0,
            75200.0,
            174000.0,
            369100.0,
            270000.0,
            481300.0,
            151900.0,
            47700.0,
            237200.0,
            208000.0,
            179400.0,
            275000.0,
            79200.0,
            95700.0,
            254100.0,
            400000.0,
            177000.0,
            156800.0,
            106300.0,
            200000.0,
            153400.0,
            87500.0,
            116700.0,
            175000.0,
            331000.0,
            220000.0,
            275000.0,
            72900.0,
            242600.0,
            109400.0,
            85300.0,
            162500.0,
            146600.0,
            102100.0,
            265400.0,
            304000.0,
            204800.0,
            240500.0,
            192400.0,
            114200.0,
            164600.0,
            208300.0,
            142300.0,
            112500.0,
            134000.0,
            175000.0,
            170200.0,
            136600.0,
            91400.0,
            139700.0,
            371100.0,
            198400.0,
            500001.0,
            232400.0,
            126800.0,
            150000.0,
            223300.0,
            55100.0,
            84700.0,
            206300.0,
            500001.0,
            387100.0,
            290500.0,
            246400.0,
            254200.0,
            222800.0,
            209900.0,
            143300.0,
            150500.0,
            176400.0,
            215400.0,
            143200.0,
            85000.0,
            61000.0,
            65000.0,
            196400.0,
            145000.0,
            75000.0,
            97700.0,
            177100.0,
            96700.0,
            95800.0,
            158900.0,
            500001.0,
            181100.0,
            83700.0,
            87500.0,
            188800.0,
            236200.0,
            290900.0,
            222800.0,
            175900.0,
            155200.0,
            305300.0,
            55000.0,
            184800.0,
            264700.0,
            49300.0,
            312500.0,
            73100.0,
            384200.0,
            90900.0,
            500001.0,
            156700.0,
            69000.0,
            65900.0,
            113600.0,
            500001.0,
            131300.0,
            136300.0,
            500001.0,
            330900.0,
            306800.0,
            500001.0,
            265000.0,
            199800.0,
            340800.0,
            171600.0,
            211300.0,
            141300.0,
            162100.0,
            276100.0,
            235100.0,
            239900.0,
            356500.0,
            141500.0,
            58900.0,
            500001.0,
            359000.0,
            238700.0,
            162500.0,
            239900.0,
            178800.0,
            97800.0,
            216700.0,
            94700.0,
            182100.0,
            500001.0,
            329500.0,
            72700.0,
            367400.0,
            264800.0,
            173100.0,
            106300.0,
            109800.0,
            329500.0,
            277200.0,
            153900.0,
            198600.0,
            198400.0,
            159500.0,
            142400.0,
            336800.0,
            93000.0,
            196300.0,
            280400.0,
            219000.0,
            228700.0,
            185100.0,
            366200.0,
            153200.0,
            385700.0,
            128700.0,
            475000.0,
            270600.0,
            120700.0,
            160300.0,
            232000.0,
            94000.0,
            356300.0,
            298400.0,
            109400.0,
            251300.0,
            223600.0,
            335300.0,
            95800.0,
            104600.0,
            475000.0,
            500001.0,
            187200.0,
            199000.0,
            500001.0,
            39600.0,
            224200.0,
            113400.0,
            237600.0,
            84700.0,
            149500.0,
            57900.0,
            199600.0,
            235300.0,
            387800.0,
            223900.0,
            500001.0,
            439300.0,
            345000.0,
            151900.0,
            92400.0,
            500001.0,
            350400.0,
            330000.0,
            41400.0,
            353100.0,
            53300.0,
            190600.0,
            51600.0,
            126000.0,
            284100.0,
            55000.0,
            88100.0,
            192000.0,
            229300.0,
            335400.0,
            280800.0,
            245600.0,
            432100.0,
            192100.0,
            276000.0,
            281900.0,
            396400.0,
            96000.0,
            103100.0,
            203400.0,
            275000.0,
            135700.0,
            186600.0,
            428600.0,
            118800.0,
            465800.0,
            359300.0,
            120400.0,
            55000.0,
            73000.0,
            263300.0,
            194100.0,
            62000.0,
            184800.0,
            204500.0,
            163100.0,
            266700.0,
            76200.0,
            313400.0,
            230000.0,
            357400.0,
            260900.0,
            93100.0,
            486400.0,
            287200.0,
            225400.0,
            287700.0,
            374500.0,
            337200.0,
            51700.0,
            254400.0,
            261300.0,
            290500.0,
            227900.0,
            142300.0,
            58800.0,
            161700.0,
            125000.0,
            500001.0,
            193800.0,
            162500.0,
            154700.0,
            146500.0,
            203700.0,
            200000.0,
            107900.0,
            189800.0,
            97900.0,
            162500.0,
            72500.0,
            52400.0,
            208100.0,
            102200.0,
            162700.0,
            350000.0,
            230900.0,
            218200.0,
            141700.0,
            400000.0,
            112500.0,
            141600.0,
            129100.0,
            67500.0,
            63200.0,
            481500.0,
            218800.0,
            156000.0,
            372400.0,
            187500.0,
            92800.0,
            165100.0,
            164800.0,
            256300.0,
            254900.0,
            500001.0,
            210000.0,
            185400.0,
            439800.0,
            460000.0,
            267900.0,
            293100.0,
            222400.0,
            135600.0,
            83900.0,
            140100.0,
            368500.0,
            301300.0,
            159800.0,
            105700.0,
            105800.0,
            147200.0,
            158300.0,
            272200.0,
            125600.0,
            79900.0,
            225400.0,
            117500.0,
            118500.0,
            207000.0,
            204600.0,
            94900.0,
            274000.0,
            247100.0,
            84500.0,
            95000.0,
            155500.0,
            100000.0,
            50000.0,
            116700.0,
            90100.0,
            330000.0,
            83200.0,
            166300.0,
            161300.0,
            178500.0,
            239300.0,
            90200.0,
            391900.0,
            366100.0,
            257900.0,
            147100.0,
            166700.0,
            219400.0,
            158300.0,
            245600.0,
            389200.0,
            119900.0,
            376100.0,
            112500.0,
            460200.0,
            154600.0,
            109400.0,
            133500.0,
            176800.0,
            450000.0,
            168600.0,
            189600.0,
            152200.0,
            299400.0,
            130500.0,
            162500.0,
            231100.0,
            66500.0,
            316400.0,
            228700.0,
            500001.0,
            134400.0,
            67500.0,
            89600.0,
            155000.0,
            38800.0,
            187500.0,
            184200.0,
            52100.0,
            360900.0,
            45000.0,
            59400.0,
            118800.0,
            206700.0,
            418400.0,
            112100.0,
            500001.0,
            114300.0,
            65900.0,
            296800.0,
            123800.0,
            321600.0,
            137500.0,
            236100.0,
            174600.0,
            111700.0,
            175500.0,
            63700.0,
            500001.0,
            171300.0,
            181900.0,
            241900.0,
            191900.0,
            166300.0,
            142100.0,
            321400.0,
            118800.0,
            348200.0,
            225000.0,
            160600.0,
            96100.0,
            95600.0,
            140200.0,
            123100.0,
            154400.0,
            246300.0,
            92400.0,
            150800.0,
            174000.0,
            97300.0,
            100000.0,
            65900.0,
            414700.0,
            311400.0,
            153700.0,
            381900.0,
            222400.0,
            207300.0,
            177400.0,
            190800.0,
            159400.0,
            325900.0,
            180700.0,
            349500.0,
            306500.0,
            121900.0,
            81800.0,
            234800.0,
            205300.0,
            325400.0,
            341800.0,
            250000.0,
            100000.0,
            247800.0,
            267500.0,
            212600.0,
            148600.0,
            66400.0,
            353700.0,
            400000.0,
            234700.0,
            160000.0,
            254600.0,
            211900.0,
            264400.0,
            92400.0,
            284900.0,
            160700.0,
            114400.0,
            250000.0,
            333300.0,
            193200.0,
            133000.0,
            192700.0,
            500001.0,
            182100.0,
            436100.0,
            137500.0,
            275000.0,
            57500.0,
            272600.0,
            500001.0,
            162100.0,
            226100.0,
            365500.0,
            176500.0,
            366700.0,
            322000.0,
            169400.0,
            137500.0,
            113100.0,
            255900.0,
            75500.0,
            318600.0,
            231300.0,
            364300.0,
            179100.0,
            400000.0,
            88400.0,
            456900.0,
            339600.0,
            219100.0,
            326100.0,
            243800.0,
            155700.0,
            94600.0,
            80000.0,
            174500.0,
            171800.0,
            281000.0,
            288900.0,
            119600.0,
            350000.0,
            333300.0,
            61500.0,
            108300.0,
            258300.0,
            271500.0,
            281300.0,
            265800.0,
            86500.0,
            92500.0,
            500001.0,
            285300.0,
            200000.0,
            184700.0,
            414000.0,
            348100.0,
            171000.0,
            110200.0,
            47700.0,
            167700.0,
            178900.0,
            262500.0,
            215600.0,
            181400.0
        ],
        "y": [
            76962.0036,
            139099.4571,
            207449.3812,
            148639.1178,
            215730.8646,
            346126.5616,
            56164.0534,
            216570.2316,
            54381.9783,
            111809.1187,
            160115.3012,
            251995.9973,
            146155.0973,
            476755.4881,
            220047.631,
            79512.2224,
            170823.1667,
            223268.4776,
            277853.5743,
            332981.1429,
            76131.2608,
            297572.2697,
            271575.391,
            421959.8439,
            204175.053,
            146964.6534,
            97519.5205,
            386719.8518,
            114515.9975,
            171494.1653,
            161032.8184,
            148716.2518,
            186761.5283,
            91369.523,
            104743.3982,
            143888.961,
            172697.3278,
            266953.2032,
            137257.3691,
            187277.9118,
            237768.7432,
            76723.1812,
            62097.836,
            405659.2825,
            122513.9329,
            125903.1792,
            86201.1513,
            172141.7483,
            102854.3744,
            459628.5029,
            313015.3461,
            120084.5823,
            89909.096,
            143240.4312,
            253591.7064,
            166556.296,
            474356.5946,
            121267.1108,
            253097.9758,
            468099.4856,
            192363.8542,
            145645.2,
            184078.7596,
            454852.6965,
            241548.8778,
            132367.6929,
            83212.8673,
            262689.6058,
            88160.8081,
            114444.7185,
            427011.4668,
            233341.0131,
            127798.905,
            179116.7343,
            136738.1036,
            280722.0111,
            192009.9381,
            221291.8459,
            278208.9834,
            126091.4184,
            429374.0273,
            198745.2277,
            131002.1326,
            299781.2557,
            77253.1882,
            255624.4404,
            241966.7734,
            287010.1531,
            165856.872,
            223651.9122,
            249484.2921,
            447920.507,
            133885.2965,
            125085.0936,
            114012.3667,
            211244.6455,
            116009.9872,
            133514.7189,
            76886.8262,
            109331.5304,
            266623.9175,
            315924.5855,
            257293.6316,
            61454.3832,
            310924.3712,
            487797.263,
            129481.2558,
            167141.298,
            185338.8409,
            332683.3544,
            280517.8394,
            153143.6782,
            395544.2819,
            150471.5094,
            351406.3524,
            82676.4638,
            158309.3612,
            127433.946,
            220128.0244,
            318302.8474,
            181920.4895,
            168894.9449,
            143071.4014,
            375249.0156,
            76209.0464,
            106121.2758,
            129892.4872,
            102526.2426,
            153453.9315,
            200504.1613,
            97296.9678,
            144876.0645,
            156093.7808,
            122882.7178,
            324452.0175,
            157770.2076,
            171797.3475,
            162452.6697,
            67813.9307,
            129940.8879,
            142071.7402,
            228462.4637,
            69083.164,
            91393.642,
            115855.1472,
            270299.0163,
            386661.0529,
            131397.3628,
            274088.2689,
            179348.4249,
            261576.2566,
            96765.6278,
            108426.5252,
            362260.0272,
            84394.4938,
            119490.828,
            215491.6808,
            138237.1242,
            357888.5915,
            429879.0714,
            322334.6651,
            372100.8893,
            367937.3917,
            251097.6365,
            69304.3864,
            99170.4727,
            235496.3276,
            374651.838,
            123747.0221,
            111076.9156,
            165640.612,
            267379.7391,
            127133.1326,
            161214.0246,
            81883.3313,
            164247.4811,
            171240.0543,
            235012.8551,
            187434.9814,
            224138.3924,
            133802.7826,
            150682.7598,
            140956.083,
            230595.2482,
            206341.418,
            146997.0781,
            111911.0404,
            166966.7372,
            253366.4414,
            103050.1426,
            267131.5828,
            220016.621,
            107446.2523,
            157095.5287,
            320304.3584,
            166605.903,
            259121.4244,
            233816.7046,
            224772.6742,
            184245.4539,
            446005.6874,
            104106.5647,
            60612.47,
            148801.9684,
            63202.85,
            170948.2871,
            343815.2628,
            263496.6518,
            94975.0103,
            79913.1251,
            89004.5137,
            125256.8548,
            249745.094,
            169648.2049,
            196492.1153,
            329681.6157,
            134446.5078,
            200923.4214,
            224525.7929,
            161358.2896,
            293081.8708,
            302038.9437,
            374525.5949,
            134425.8139,
            247301.8275,
            231707.7053,
            430461.3624,
            102970.6557,
            130539.2107,
            230932.0125,
            148647.7726,
            74845.5192,
            108812.4798,
            152454.9243,
            185230.3343,
            360217.0945,
            499414.3461,
            116513.2222,
            70903.2206,
            94533.9651,
            170798.1428,
            106352.7164,
            345533.3992,
            242514.74,
            344366.1637,
            196758.4951,
            132968.9176,
            110502.6991,
            195850.3515,
            356289.6779,
            499265.5604,
            212633.1141,
            197075.4163,
            127171.069,
            120446.4582,
            165278.8093,
            126410.2931,
            191200.9822,
            168961.8336,
            127166.1453,
            111743.4892,
            74031.7126,
            330746.1903,
            59802.2568,
            133583.5956,
            225921.8813,
            316529.5166,
            171695.7831,
            112310.5544,
            172739.8011,
            117875.1412,
            109148.5596,
            387478.6025,
            203179.0292,
            474399.3603,
            90744.2475,
            118105.3082,
            72562.0681,
            383605.4426,
            202681.0508,
            154616.8331,
            163330.1841,
            164741.1201,
            323055.7828,
            198210.5476,
            420074.6148,
            246012.3136,
            77045.3517,
            112271.5053,
            230110.0124,
            128113.5792,
            302444.9618,
            301473.3973,
            221280.5097,
            235537.8773,
            162088.3449,
            168333.7632,
            192946.5741,
            160902.6185,
            323817.4138,
            399363.9384,
            266251.9238,
            233599.5224,
            98387.7328,
            89484.2127,
            110150.2951,
            215026.8927,
            225850.8087,
            153466.9133,
            150370.9656,
            261653.065,
            189737.1543,
            196285.2957,
            207999.5216,
            200847.4289,
            137567.5585,
            140604.27,
            176583.8549,
            162743.9819,
            324683.014,
            111302.738,
            208604.2301,
            269741.5953,
            253359.8837,
            184060.6934,
            497905.4399,
            117466.178,
            183832.8499,
            231511.662,
            163256.4658,
            303550.1471,
            133684.6927,
            257773.6517,
            176873.4992,
            259584.2147,
            78260.3984,
            184244.384,
            231274.7065,
            169684.7865,
            183484.6747,
            414946.2389,
            335480.7792,
            83819.8747,
            135301.5497,
            245355.1981,
            232806.212,
            305937.7503,
            258558.78,
            100626.072,
            107915.6005,
            72431.7792,
            273030.8539,
            191607.054,
            114216.4902,
            95071.6831,
            137939.7858,
            187363.1928,
            281806.3501,
            137000.7646,
            105953.7974,
            193102.0352,
            94723.0326,
            225014.3767,
            178102.518,
            136021.1684,
            221892.3604,
            132433.9928,
            206031.1035,
            91879.3885,
            425360.1379,
            266959.7131,
            266665.5752,
            151948.1767,
            258130.3768,
            112189.6988,
            257609.9044,
            243107.9643,
            107861.9079,
            255541.6149,
            266322.6937,
            113091.313,
            329687.0466,
            172877.2556,
            183794.5808,
            245603.828,
            295814.5762,
            181424.9841,
            263056.2886,
            315589.1399,
            123679.2729,
            136998.8771,
            159874.113,
            71818.9683,
            183444.8584,
            365297.0023,
            117194.6908,
            323445.9353,
            90305.4977,
            257589.9307,
            110051.201,
            142234.9603,
            482887.0926,
            198017.1514,
            161016.1082,
            176226.2278,
            291433.3559,
            60987.2859,
            250772.2677,
            101591.4773,
            214659.5298,
            85620.4246,
            254121.5956,
            117771.9462,
            333217.5569,
            307346.5413,
            302531.0742,
            108351.9986,
            268349.4627,
            223067.9048,
            105931.0984,
            269599.6816,
            142095.5804,
            69696.5846,
            152182.5567,
            111518.4435,
            346107.0719,
            479758.8953,
            170547.798,
            315592.5966,
            78987.1528,
            120011.2375,
            53588.97,
            285620.4421,
            143852.6529,
            387287.7799,
            129490.2051,
            346586.2835,
            140630.9551,
            193408.0154,
            95448.445,
            190640.4746,
            348813.434,
            233526.0447,
            85482.8447,
            75169.5429,
            428402.3833,
            253045.6245,
            215232.0652,
            428570.5395,
            326319.4616,
            204064.1095,
            208354.8631,
            263298.142,
            345942.2823,
            89980.5459,
            159551.1638,
            161773.3636,
            189998.0344,
            323405.233,
            263845.773,
            145064.6134,
            192994.264,
            96326.107,
            103391.4474,
            215831.0601,
            141082.7612,
            200402.9129,
            166558.1742,
            181741.8401,
            227425.4735,
            223659.3173,
            219733.675,
            198574.1258,
            165914.0658,
            123812.7116,
            497619.5429,
            253979.6425,
            73755.4276,
            187702.0066,
            389418.5591,
            160943.7569,
            411358.4028,
            159438.1241,
            53859.2016,
            183508.137,
            173135.0238,
            153350.5975,
            170342.3235,
            70811.8622,
            74186.1893,
            206272.1413,
            403027.1003,
            220939.8137,
            201901.5059,
            125428.0489,
            154593.0328,
            168463.2837,
            104244.5731,
            76991.4548,
            232647.7761,
            395339.3555,
            191721.8834,
            276775.6747,
            117421.0412,
            222604.9637,
            88446.326,
            98187.5951,
            188886.7005,
            185852.1065,
            88421.156,
            353831.953,
            285623.5501,
            191658.3404,
            384885.6643,
            184444.4907,
            166502.1451,
            189961.2364,
            189861.75,
            149785.1602,
            111197.5355,
            115121.1022,
            115129.7887,
            218374.1684,
            229377.724,
            118785.2845,
            137438.183,
            419369.0598,
            213322.8171,
            206499.8076,
            264234.5476,
            137769.7755,
            139036.3047,
            233643.0141,
            86178.2785,
            121588.0996,
            227545.4664,
            330527.0906,
            314689.7821,
            201500.6733,
            241163.0683,
            262531.6024,
            289600.0192,
            177590.2558,
            197851.6848,
            155709.4628,
            220294.6175,
            191184.5844,
            96141.0752,
            112277.3696,
            88812.6349,
            97227.6929,
            202086.076,
            144961.5851,
            133135.8464,
            122231.2046,
            115632.7072,
            101741.0756,
            114669.6113,
            160169.7465,
            475080.5554,
            194079.8877,
            102898.5053,
            203584.9081,
            233841.2652,
            199197.9106,
            274402.7268,
            150308.6831,
            188065.7003,
            242447.3588,
            291653.5564,
            69395.2206,
            208863.3167,
            331246.6982,
            60119.2415,
            321244.6875,
            70740.5445,
            402299.7228,
            113274.4298,
            327439.7279,
            87052.7077,
            83936.9002,
            65882.3981,
            122557.6361,
            499542.7124,
            149424.3219,
            190134.2212,
            383252.1071,
            334206.5648,
            270234.9568,
            418157.545,
            210316.5054,
            176556.4252,
            334166.7622,
            156442.4398,
            244745.8328,
            117753.9856,
            212223.0952,
            233031.815,
            244578.9466,
            246261.0563,
            348276.441,
            154108.3222,
            70280.9441,
            491949.5729,
            359776.8969,
            248406.9777,
            211506.9832,
            272510.6968,
            180541.6834,
            74469.6256,
            202180.7555,
            119454.8669,
            218712.665,
            498920.3958,
            303134.7617,
            97791.9126,
            240978.0723,
            296083.6562,
            202920.8204,
            126152.9177,
            146751.868,
            254930.3394,
            267504.1523,
            169824.7118,
            119238.8541,
            263749.2144,
            144171.6239,
            144406.8712,
            139034.5137,
            152706.3021,
            180608.2523,
            262590.6915,
            189137.3591,
            217301.5046,
            177944.608,
            374962.287,
            181337.7853,
            231722.87,
            168723.9616,
            197813.8701,
            257824.9718,
            140961.3609,
            193523.4756,
            244469.3457,
            123732.5191,
            333429.829,
            231256.6152,
            101591.7469,
            232824.2318,
            297220.7583,
            363913.9339,
            134269.8618,
            98175.0131,
            453837.3719,
            499043.1427,
            245291.095,
            165542.1518,
            484515.2698,
            57989.4166,
            293738.5119,
            101720.0124,
            268523.457,
            87994.3873,
            131342.2842,
            63363.8403,
            237328.8425,
            213816.8743,
            296569.328,
            349561.2714,
            462382.2626,
            416989.3336,
            298218.9731,
            150774.5314,
            95198.988,
            434828.364,
            395376.3726,
            315216.7302,
            66523.4075,
            256358.0491,
            101651.9404,
            195120.8853,
            70408.7211,
            125226.1982,
            295790.4378,
            119101.7478,
            93468.4806,
            220484.0115,
            251277.0498,
            197550.7047,
            237901.4791,
            268989.9065,
            375853.8502,
            193348.4401,
            235943.7782,
            464056.4222,
            364188.1866,
            131316.1885,
            102546.3674,
            208530.2578,
            379052.4408,
            230946.0137,
            162552.2725,
            384205.8274,
            132021.357,
            403273.8373,
            367175.0386,
            116860.7467,
            162645.2307,
            108673.294,
            267222.5701,
            206770.3054,
            151336.5672,
            184026.3516,
            216218.8165,
            165228.8725,
            233858.7184,
            110325.3598,
            228951.1052,
            246000.0827,
            337093.4588,
            159443.7053,
            74066.9571,
            447869.8988,
            329286.2247,
            244446.881,
            268944.7722,
            428518.3994,
            113783.8603,
            59658.1933,
            226232.1753,
            292410.5714,
            343971.029,
            187677.7604,
            181407.2581,
            70560.915,
            153296.5681,
            139457.8906,
            486331.268,
            192153.7656,
            116285.0372,
            154719.9011,
            165398.8121,
            266345.5907,
            199790.0911,
            80796.7982,
            223329.8025,
            146898.8441,
            232965.3293,
            71711.0557,
            61545.7427,
            197712.3757,
            128327.4793,
            196231.3027,
            271315.2266,
            201175.3769,
            284762.7159,
            189085.8276,
            296134.3175,
            204990.32,
            129954.175,
            120784.7666,
            114460.5451,
            76728.7461,
            424000.0137,
            161206.8459,
            149992.4266,
            394056.2258,
            354851.1351,
            144966.6905,
            168150.2871,
            222147.0393,
            286386.8342,
            280632.2334,
            499321.3766,
            119265.2332,
            196143.6628,
            366231.3458,
            404813.35,
            180502.331,
            338259.2853,
            194609.1043,
            115154.8659,
            99728.3786,
            177705.4586,
            344225.2948,
            273369.4321,
            182177.6591,
            136239.6399,
            185398.1682,
            209324.8685,
            193481.824,
            291191.0484,
            157400.2542,
            97378.589,
            298984.2477,
            150672.3879,
            170702.3328,
            192196.4648,
            225558.9226,
            116930.6799,
            253247.2696,
            285377.9824,
            99877.7966,
            125112.8193,
            169417.6064,
            109341.5984,
            81726.6358,
            145420.9908,
            125006.5601,
            186026.1055,
            95265.0507,
            130535.9976,
            118168.2658,
            213159.9367,
            225126.3684,
            122198.672,
            314523.9447,
            420180.6251,
            277496.0706,
            144329.3509,
            193478.4732,
            209707.789,
            164799.2691,
            197556.8706,
            274844.7603,
            125504.7345,
            344783.3733,
            78663.3219,
            353692.7297,
            186771.2835,
            127679.4527,
            189950.9051,
            147151.6761,
            393018.5729,
            159750.1365,
            190917.6501,
            131477.8129,
            292553.3165,
            147970.0854,
            196392.4356,
            244909.8452,
            64959.3519,
            353744.5901,
            358912.9097,
            415428.0644,
            167773.8962,
            169311.5756,
            95517.8801,
            151614.3547,
            154040.0456,
            265163.6207,
            300608.9346,
            66169.5259,
            404672.4075,
            81589.9353,
            90599.544,
            127222.9066,
            256864.5064,
            395157.6079,
            96604.798,
            365111.1604,
            236093.3164,
            95325.2441,
            232486.1688,
            107947.6106,
            370477.8651,
            148401.7878,
            239430.3223,
            150970.6413,
            137371.0441,
            198613.2321,
            80054.6562,
            362809.1953,
            143425.425,
            156038.5778,
            240698.6616,
            227039.1538,
            103408.5769,
            103643.3984,
            192266.6645,
            127015.644,
            360829.2906,
            283282.0929,
            168873.1421,
            194254.1555,
            77184.489,
            139307.8114,
            115370.9169,
            195739.1215,
            191000.8313,
            208949.7521,
            159531.1704,
            156615.4199,
            172227.3971,
            126216.7618,
            110863.5144,
            191501.58,
            350677.5988,
            187307.4621,
            297009.8726,
            215087.0455,
            244142.2667,
            160430.2621,
            248780.9314,
            191261.1373,
            172933.8476,
            192779.5592,
            343437.8017,
            279906.2188,
            120328.4121,
            57628.3976,
            227274.5969,
            220438.9676,
            251877.035,
            408544.9691,
            177537.0799,
            135056.3716,
            217457.4646,
            257728.9213,
            233830.6407,
            122980.0088,
            68782.6236,
            265339.1072,
            331514.3426,
            289431.9727,
            158231.093,
            221082.8615,
            182586.9375,
            249252.9921,
            170317.1483,
            302677.4653,
            131453.6585,
            101401.1782,
            154766.8163,
            238072.8811,
            200900.1794,
            169533.8957,
            171751.5205,
            341253.975,
            173272.8284,
            350562.295,
            164608.7942,
            119233.5435,
            75250.568,
            170944.6269,
            163176.4417,
            144781.0531,
            184423.968,
            312385.1616,
            194521.4509,
            143119.9917,
            303286.9619,
            209232.6436,
            147379.0377,
            184478.6298,
            197178.5465,
            133375.6151,
            323931.1044,
            228102.7213,
            323383.4469,
            174731.52,
            294479.3837,
            95313.3737,
            295640.8135,
            299877.425,
            235859.1416,
            227478.9159,
            279299.4288,
            84164.6309,
            66616.4933,
            77800.7502,
            262131.8509,
            162466.8397,
            280337.43,
            304295.8254,
            138672.7983,
            190978.1658,
            170533.476,
            96481.0806,
            89591.4015,
            207629.0848,
            294485.4517,
            201765.4553,
            237878.0097,
            102789.8427,
            113591.538,
            488378.7096,
            193557.4332,
            213999.5951,
            208512.9441,
            303310.4033,
            382428.8661,
            191041.9116,
            144357.9178,
            79203.7172,
            195079.1499,
            176161.7176,
            268458.993,
            358541.2103,
            189519.2392
        ]
    },
    "globalMetrics": {
        "testWeight": 3337,
        "targetAvg": [
            208848.77434821698
        ],
        "targetStd": [
            116336.06780855013
        ],
        "predictionAvg": [
            208904.7587217268
        ],
        "predictionStd": [
            99971.5763493052
        ]
    },
    "predictionPDF": {
        "x": [
            53588.969995663196,
            58098.18241994943,
            62607.394844235656,
            67116.60726852188,
            71625.81969280812,
            76135.03211709435,
            80644.24454138058,
            85153.4569656668,
            89662.66938995304,
            94171.88181423927,
            98681.09423852549,
            103190.30666281172,
            107699.51908709796,
            112208.73151138419,
            116717.94393567042,
            121227.15635995664,
            125736.36878424288,
            130245.58120852911,
            134754.79363281536,
            139264.00605710156,
            143773.2184813878,
            148282.43090567403,
            152791.64332996024,
            157300.85575424647,
            161810.0681785327,
            166319.28060281894,
            170828.49302710517,
            175337.7054513914,
            179846.91787567764,
            184356.13029996387,
            188865.3427242501,
            193374.55514853634,
            197883.76757282257,
            202392.9799971088,
            206902.19242139504,
            211411.40484568127,
            215920.6172699675,
            220429.82969425368,
            224939.04211853992,
            229448.25454282615,
            233957.46696711238,
            238466.67939139862,
            242975.89181568485,
            247485.1042399711,
            251994.31666425732,
            256503.52908854355,
            261012.7415128298,
            265521.953937116,
            270031.16636140225,
            274540.3787856885,
            279049.5912099747,
            283558.80363426096,
            288068.0160585472,
            292577.22848283336,
            297086.4409071196,
            301595.65333140583,
            306104.86575569207,
            310614.0781799783,
            315123.29060426453,
            319632.50302855077,
            324141.715452837,
            328650.92787712323,
            333160.14030140947,
            337669.3527256957,
            342178.56514998194,
            346687.77757426817,
            351196.9899985544,
            355706.20242284064,
            360215.41484712687,
            364724.6272714131,
            369233.83969569934,
            373743.0521199856,
            378252.2645442718,
            382761.476968558,
            387270.6893928442,
            391779.90181713045,
            396289.1142414167,
            400798.3266657029,
            405307.53908998915,
            409816.7515142754,
            414325.9639385616,
            418835.17636284785,
            423344.3887871341,
            427853.6012114203,
            432362.81363570655,
            436872.0260599928,
            441381.238484279,
            445890.45090856525,
            450399.6633328514,
            454908.87575713766,
            459418.0881814239,
            463927.30060571013,
            468436.51302999636,
            472945.7254542826,
            477454.93787856883,
            481964.15030285507,
            486473.3627271413,
            490982.57515142753,
            495491.78757571377,
            500001.0
        ],
        "pdf": [
            9.648781770995058e-07,
            1.2206704015229341e-06,
            1.4974223707022095e-06,
            1.7853231869681742e-06,
            2.074102786045098e-06,
            2.354399455038995e-06,
            2.618791936524596e-06,
            2.862276363669292e-06,
            3.0821661474156696e-06,
            3.2775829405525057e-06,
            3.4488132861699276e-06,
            3.5967939959669524e-06,
            3.7228780969769125e-06,
            3.828879374213798e-06,
            3.917263521243583e-06,
            3.9912954238447115e-06,
            4.054978869164701e-06,
            4.1127167637112844e-06,
            4.168734442658906e-06,
            4.226399414804424e-06,
            4.287605460935195e-06,
            4.3523612321191725e-06,
            4.418654760073429e-06,
            4.482592937622356e-06,
            4.538772337480228e-06,
            4.580835491203758e-06,
            4.602187219704755e-06,
            4.596853938106868e-06,
            4.5604365718570315e-06,
            4.491034708317889e-06,
            4.389940311982231e-06,
            4.2618672526709365e-06,
            4.114540524098848e-06,
            3.957619879343382e-06,
            3.801132061126117e-06,
            3.653757596499782e-06,
            3.5213891773504805e-06,
            3.4063144547455046e-06,
            3.3071980217105452e-06,
            3.219812692398461e-06,
            3.138280098192934e-06,
            3.056483768849976e-06,
            2.9693285622543794e-06,
            2.8736112068553344e-06,
            2.7683909369525718e-06,
            2.6548661066638005e-06,
            2.5358520333918905e-06,
            2.41501458980407e-06,
            2.2960456868479745e-06,
            2.1819679744779545e-06,
            2.0747192420842687e-06,
            1.9750897508895936e-06,
            1.8829816773069452e-06,
            1.797860401732786e-06,
            1.7192108623180702e-06,
            1.6468249753484098e-06,
            1.5808265223559589e-06,
            1.5214552208157551e-06,
            1.4687318621090891e-06,
            1.4221680478044024e-06,
            1.3806520962869833e-06,
            1.3425572718672933e-06,
            1.3060233520548065e-06,
            1.2693015944360067e-06,
            1.2310485235798943e-06,
            1.1904974049749959e-06,
            1.147497502573437e-06,
            1.1024568430828255e-06,
            1.0562359487556926e-06,
            1.0100220744645996e-06,
            9.651863520935429e-07,
            9.231118612002081e-07,
            8.849889222627232e-07,
            8.515983430518946e-07,
            8.231272950319632e-07,
            7.990707024617577e-07,
            7.7825833701763e-07,
            7.590200238557246e-07,
            7.394693644189738e-07,
            7.178591325799257e-07,
            6.929431441238724e-07,
            6.642713172056011e-07,
            6.323489533862584e-07,
            5.986113624381921e-07,
            5.652018443462664e-07,
            5.345886768796839e-07,
            5.091010428524472e-07,
            4.904876865793725e-07,
            4.795942168371084e-07,
            4.762169286590816e-07,
            4.7913787815248e-07,
            4.862997295818956e-07,
            4.950579806319322e-07,
            5.024580621057715e-07,
            5.055149263472573e-07,
            5.015013924787947e-07,
            4.882574963408467e-07,
            4.645085952558599e-07,
            4.301374371938218e-07,
            3.863226758753191e-07
        ]
    }
}