{
  "state": "DONE",
  "preSearchDescription": {
    "gridLength": 2,
    "searchStrategy": "GRID",
    "importantParams": [
      {
        "name": "trees",
        "vals": [
          "100"
        ]
      },
      {
        "name": "depth",
        "vals": [
          "6",
          "13"
        ]
      },
      {
        "name": "min_samples",
        "vals": [
          "10"
        ]
      }
    ]
  },
  "postSearchDescription": {
    "importantParams": [
      {
        "name": "trees",
        "val": "100"
      },
      {
        "name": "depth",
        "val": "13"
      },
      {
        "name": "min_samples",
        "val": "10"
      }
    ]
  },
  "resumed": false,
  "timeOrderingEnabled": false,
  "sampleWeightsEnabled": false,
  "modelId": "m1",
  "progress": {
    "top_level_todo": [],
    "stack": [],
    "top_level_done": [
      {
        "name": "Loading train set",
        "time": 52
      },
      {
        "name": "Loading test set",
        "time": 19
      },
      {
        "name": "Collecting statistics",
        "time": 52
      },
      {
        "name": "Preprocessing train set",
        "time": 91
      },
      {
        "name": "Preprocessing test set",
        "time": 33
      },
      {
        "name": "Hyperparameter searching",
        "time": 105500
      },
      {
        "name": "Fitting model",
        "time": 11591
      },
      {
        "name": "Saving model",
        "time": 55
      },
      {
        "name": "Scoring model",
        "time": 3824
      }
    ]
  },
  "startTime": 1668089615958,
  "endTime": 1668089737448,
  "preprocessingTime": 250,
  "trainingTime": 121240,
  "hyperparamsSearchTime": 105500
}