{
  "pages": [
    {
      "id": "Em8hl75",
      "grid": {
        "tiles": []
      },
      "showTitle": false
    }
  ],
  "owner": "leo.denis.bernard@gmail.com",
  "listed": false,
  "name": "dashboard1",
  "showGrid": true,
  "versionTag": {
    "versionNumber": 0,
    "lastModifiedBy": {
      "login": "leo.denis.bernard@gmail.com"
    },
    "lastModifiedOn": 1668088185388
  },
  "creationTag": {
    "versionNumber": 0,
    "lastModifiedBy": {
      "login": "leo.denis.bernard@gmail.com"
    },
    "lastModifiedOn": 1668088185388
  },
  "tags": [],
  "customFields": {},
  "checklists": {
    "checklists": []
  }
}