{
  "state": "ABORTED",
  "preSearchDescription": {
    "gridLength": 2,
    "searchStrategy": "GRID",
    "importantParams": [
      {
        "name": "trees",
        "vals": [
          "100"
        ]
      },
      {
        "name": "depth",
        "vals": [
          "6",
          "13"
        ]
      },
      {
        "name": "min_samples",
        "vals": [
          "10"
        ]
      }
    ]
  },
  "resumed": false,
  "timeOrderingEnabled": false,
  "sampleWeightsEnabled": false,
  "modelId": "m1",
  "progress": {
    "top_level_todo": [
      "Fitting model",
      "Saving model",
      "Scoring model"
    ],
    "stack": [
      {
        "name": "Hyperparameter searching",
        "target": 0.0,
        "cur": 0.0,
        "important": false,
        "depth": 0,
        "startTimestamp": 1668091210166,
        "msSinceStart": 0
      }
    ],
    "top_level_done": [
      {
        "name": "Loading train set",
        "time": 62
      },
      {
        "name": "Loading test set",
        "time": 17
      },
      {
        "name": "Collecting statistics",
        "time": 68
      },
      {
        "name": "Preprocessing train set",
        "time": 113
      },
      {
        "name": "Preprocessing test set",
        "time": 42
      }
    ]
  },
  "startTime": 1668091209861,
  "endTime": 0,
  "preprocessingTime": 0,
  "trainingTime": 0,
  "hyperparamsSearchTime": 0
}