{
  "type": "chart",
  "params": {
    "datasetSmartName": "housing_historical_stacked_prepared",
    "engineType": "LINO",
    "refreshableSelection": {
      "selection": {
        "useMemTable": false,
        "filter": {
          "distinct": false,
          "enabled": false
        },
        "partitionSelectionMethod": "ALL",
        "latestPartitionsN": 1,
        "ordering": {
          "enabled": false,
          "rules": []
        },
        "samplingMethod": "HEAD_SEQUENTIAL",
        "maxRecords": 10000,
        "targetRatio": 0.02,
        "withinFirstN": -1,
        "maxReadUncompressedBytes": -1
      },
      "autoRefreshSample": false,
      "_refreshTrigger": 0
    },
    "def": {
      "type": "boxplots",
      "variant": "normal",
      "name": "Chart",
      "userEditedName": false,
      "displayEchart": false,
      "genericDimension0": [],
      "genericDimension1": [],
      "facetDimension": [],
      "animationDimension": [],
      "genericMeasures": [],
      "xDimension": [],
      "yDimension": [],
      "uaXDimension": [],
      "uaYDimension": [],
      "uaSize": [],
      "uaShape": [],
      "uaColor": [],
      "uaTooltip": [],
      "groupDimension": [],
      "xMeasure": [],
      "yMeasure": [],
      "colorMeasure": [],
      "sizeMeasure": [],
      "geometry": [],
      "geoLayers": [
        {
          "geometry": [],
          "colorOptions": {
            "singleColor": "#2678B1",
            "transparency": 0.75,
            "colorPalette": "default",
            "ccScaleMode": "NORMAL",
            "customPalette": {
              "id": "__dku_custom__",
              "name": "Custom Palette",
              "colors": [],
              "values": [],
              "fixedValues": false
            },
            "paletteType": "CONTINUOUS",
            "quantizationMode": "NONE",
            "numQuantizeSteps": 5,
            "paletteMiddleValue": 0.0,
            "customColors": {},
            "heatDensityMapIntensity": 0.5,
            "heatDensityMapRadius": 0.5
          },
          "uaColor": []
        }
      ],
      "tooltipMeasures": [],
      "boxplotBreakdownDim": [
        {
          "column": "median_house_value",
          "type": "NUMERICAL",
          "numParams": {
            "mode": "FIXED_NB",
            "nbBins": 30,
            "binSize": 100,
            "emptyBinsMode": "ZEROS"
          },
          "maxValues": 100,
          "generateOthersCategory": true,
          "oneTickPerBin": false,
          "filters": [],
          "isA": "dimension",
          "possibleSorts": [
            {
              "type": "NATURAL",
              "label": "Natural ordering",
              "sortAscending": true
            },
            {
              "type": "COUNT",
              "label": "Count of records, descending",
              "sortAscending": false
            },
            {
              "type": "COUNT",
              "label": "Count of records, ascending",
              "sortAscending": true
            }
          ],
          "sort": {
            "type": "COUNT",
            "label": "Count of records, descending",
            "sortAscending": false
          }
        }
      ],
      "boxplotValue": [
        {
          "column": "family_size",
          "type": "NUMERICAL",
          "treatAsAlphanum": false,
          "isA": "dimension",
          "adminLevel": 0
        }
      ],
      "filters": [],
      "axis1LogScale": false,
      "axis2LogScale": false,
      "includeZero": true,
      "smoothing": true,
      "showLegend": true,
      "showXAxis": false,
      "showInChartValues": false,
      "showInChartLabels": true,
      "strokeWidth": 1,
      "fillOpacity": 0.6,
      "showXAxisLabel": true,
      "showYAxisLabel": true,
      "yAxisNumberFormattingOptions": {
        "multiplier": "Auto",
        "prefix": "",
        "suffix": ""
      },
      "xAxisNumberFormattingOptions": {
        "multiplier": "Auto",
        "prefix": "",
        "suffix": ""
      },
      "displayXAxis": true,
      "displayYAxis": true,
      "hexbinRadius": 20,
      "hexbinNumber": 20,
      "hexbinRadiusMode": "NUM_HEXAGONS",
      "yCustomExtent": {
        "editMode": "AUTO",
        "manualExtent": [
          null,
          null
        ]
      },
      "xCustomExtent": {
        "editMode": "AUTO",
        "manualExtent": [
          null,
          null
        ]
      },
      "chartHeight": 200,
      "singleXAxis": true,
      "multiTooltips": false,
      "animationFrameDuration": 3000,
      "animationRepeat": true,
      "colorOptions": {
        "singleColor": "#2678B1",
        "transparency": 0.75,
        "colorPalette": "default",
        "ccScaleMode": "NORMAL",
        "customPalette": {
          "id": "__dku_custom__",
          "name": "Custom Palette",
          "colors": [],
          "values": [],
          "fixedValues": false
        },
        "paletteType": "CONTINUOUS",
        "quantizationMode": "NONE",
        "numQuantizeSteps": 5,
        "paletteMiddleValue": 0.0,
        "customColors": {},
        "heatDensityMapIntensity": 0.5,
        "heatDensityMapRadius": 0.5
      },
      "bubblesOptions": {
        "defaultRadius": 5.0,
        "singleShape": "FILLED_CIRCLE"
      },
      "computeMode": "NORMAL",
      "xAxisMode": "NORMAL",
      "yAxisMode": "NORMAL",
      "pieOptions": {
        "donutHoleSize": 54.0
      },
      "scatterOptions": {
        "equalScales": false,
        "identityLine": false
      },
      "mapOptions": {
        "tilesLayer": "cartodb-positron",
        "lockSquareGrid": false
      },
      "mapGridOptions": {
        "gridLonDeg": 0.6,
        "gridLatDeg": 0.6
      },
      "disableSafetyLimits": false,
      "useLiveProcessingIfAvailable": true,
      "legendPlacement": "OUTER_RIGHT",
      "pivotMeasureDisplayMode": "ROWS",
      "pivotDisplayTotals": {
        "subTotals": {
          "rows": true,
          "columns": true
        },
        "grandTotal": {
          "row": true,
          "column": true
        }
      }
    },
    "maxDataBytes": 0
  },
  "owner": "leo.denis.bernard@gmail.com",
  "listed": false,
  "name": "Chart on housing_historical_stacked_prepared",
  "dashboardCreationId": "qHFHW8h",
  "versionTag": {
    "versionNumber": 1,
    "lastModifiedBy": {
      "login": "leo.denis.bernard@gmail.com"
    },
    "lastModifiedOn": 1668089452058
  },
  "creationTag": {
    "versionNumber": 0,
    "lastModifiedBy": {
      "login": "leo.denis.bernard@gmail.com"
    },
    "lastModifiedOn": 1668089358097
  },
  "tags": [],
  "customFields": {},
  "checklists": {
    "checklists": []
  }
}