{
    "details": {
        "city": {
            "levels": [
                "Los Angeles",
                "San Diego",
                "San Francisco",
                "San Jose",
                "Oakland",
                "Long Beach",
                "Sacramento",
                "Fresno",
                "Stockton",
                "Anaheim",
                "San Bernardino",
                "Santa Ana",
                "Riverside",
                "Bakersfield",
                "Fullerton",
                "Modesto",
                "Glendale",
                "Torrance",
                "Garden Grove",
                "Berkeley",
                "Pasadena",
                "Concord",
                "Irvine",
                "Hayward",
                "Downey",
                "Sunnyvale",
                "Santa Rosa",
                "San Mateo",
                "Burbank",
                "Fremont",
                "Richmond",
                "Chula Vista",
                "Ontario",
                "Santa Monica",
                "Santa Barbara",
                "Compton",
                "Oceanside",
                "Thousand Oaks",
                "Pomona",
                "Costa Mesa",
                "San Leandro",
                "Ventura",
                "Norwalk",
                "Inglewood",
                "Simi Valley",
                "Visalia",
                "Orange",
                "Palo Alto",
                "Newport Beach",
                "Alameda",
                "Oxnard",
                "Vallejo",
                "South Gate",
                "Santa Clara",
                "Carson",
                "Redondo Beach",
                "Lakewood",
                "Mountain View",
                "Upland",
                "Whittier",
                "Clovis",
                "Hawthorne",
                "Redding",
                "Santa Cruz",
                "Pico Rivera",
                "Lancaster",
                "Alhambra",
                "Napa",
                "El Cajon",
                "Vacaville",
                "Gardena",
                "Santa Maria",
                "Westminster",
                "Monterey Park",
                "Redlands",
                "Mission Viejo",
                "Culver City",
                "Fontana",
                "Fairfield",
                "Antioch",
                "Vista",
                "Buena Park",
                "Lodi",
                "Rialto",
                "Bellflower",
                "National City",
                "Fountain Valley",
                "La Habra",
                "Walnut Creek",
                "Glendora",
                "Daly City",
                "Escondido",
                "Manhattan Beach",
                "Lawndale",
                "Lynwood",
                "Carlsbad",
                "Los Altos",
                "Redwood City",
                "Encinitas",
                "Salinas"
            ],
            "with_others": true
        },
        "ocean_proximity": {
            "levels": [
                "<1H OCEAN",
                "INLAND",
                "NEAR OCEAN",
                "NEAR BAY",
                "ISLAND"
            ],
            "with_others": true
        },
        "city_enName": {
            "levels": [
                "Los Angeles",
                "San Diego",
                "San Francisco",
                "San Jose",
                "Oakland",
                "Long Beach",
                "Sacramento",
                "Fresno",
                "Stockton",
                "Anaheim",
                "San Bernardino",
                "Santa Ana",
                "Riverside",
                "Bakersfield",
                "Fullerton",
                "Modesto",
                "Glendale",
                "Torrance",
                "Garden Grove",
                "Berkeley",
                "Pasadena",
                "Concord",
                "Irvine",
                "Hayward",
                "Downey",
                "Sunnyvale",
                "Santa Rosa",
                "San Mateo",
                "Burbank",
                "Fremont",
                "Richmond",
                "Chula Vista",
                "Ontario",
                "Santa Monica",
                "Santa Barbara",
                "Compton",
                "Oceanside",
                "Thousand Oaks",
                "Pomona",
                "Costa Mesa",
                "San Leandro",
                "Ventura",
                "Norwalk",
                "Inglewood",
                "Simi Valley",
                "Visalia",
                "Orange",
                "Palo Alto",
                "Newport Beach",
                "Alameda",
                "Oxnard",
                "Vallejo",
                "South Gate",
                "Santa Clara",
                "Carson",
                "Redondo Beach",
                "Lakewood",
                "Mountain View",
                "Upland",
                "Whittier",
                "Clovis",
                "Hawthorne",
                "Redding",
                "Santa Cruz",
                "Pico Rivera",
                "Lancaster",
                "Alhambra",
                "Napa",
                "El Cajon",
                "Vacaville",
                "Gardena",
                "Santa Maria",
                "Westminster",
                "Monterey Park",
                "Redlands",
                "Mission Viejo",
                "Culver City",
                "Fontana",
                "Fairfield",
                "Antioch",
                "Vista",
                "Buena Park",
                "Lodi",
                "Rialto",
                "Bellflower",
                "National City",
                "Fountain Valley",
                "La Habra",
                "Walnut Creek",
                "Glendora",
                "Daly City",
                "Escondido",
                "Manhattan Beach",
                "Lawndale",
                "Lynwood",
                "Carlsbad",
                "Los Altos",
                "Redwood City",
                "Encinitas",
                "Salinas"
            ],
            "with_others": true
        },
        "location": {
            "levels": [
                "POINT(-122.42 37.75)",
                "POINT(-118.26 34.02)",
                "POINT(-122.42 37.8)",
                "POINT(-118.29 34.09)",
                "POINT(-122.42 37.76)",
                "POINT(-118.26 34.07)",
                "POINT(-118.28 33.99)",
                "POINT(-118.47 33.99)",
                "POINT(-122.41 37.8)",
                "POINT(-122.46 37.78)",
                "POINT(-118.19 34.05)",
                "POINT(-122.44 37.78)",
                "POINT(-118.31 34.05)",
                "POINT(-118.36 34.09)",
                "POINT(-118.19 33.78)",
                "POINT(-122.49 37.76)",
                "POINT(-122.47 37.78)",
                "POINT(-118.27 34.07)",
                "POINT(-122.47 37.76)",
                "POINT(-118.28 33.93)",
                "POINT(-122.41 37.75)",
                "POINT(-118.35 34.04)",
                "POINT(-118.36 34.03)",
                "POINT(-118.32 34.09)",
                "POINT(-122.28 37.81)",
                "POINT(-118.37 34.16)",
                "POINT(-118.32 33.98)",
                "POINT(-117.14 32.75)",
                "POINT(-118.31 34.02)",
                "POINT(-122.42 37.74)",
                "POINT(-122.41 37.79)",
                "POINT(-122.43 37.73)",
                "POINT(-122.24 37.8)",
                "POINT(-118.2 34.05)",
                "POINT(-122.27 37.85)",
                "POINT(-118.19 34.12)",
                "POINT(-122.26 37.77)",
                "POINT(-122.44 37.79)",
                "POINT(-122.21 37.78)",
                "POINT(-122.44 37.8)",
                "POINT(-118.29 34.04)",
                "POINT(-122.24 37.81)",
                "POINT(-118.24 34.14)",
                "POINT(-118.23 33.91)",
                "POINT(-118.37 34.09)",
                "POINT(-122.42 37.78)",
                "POINT(-118.37 34.07)",
                "POINT(-118.39 33.88)",
                "POINT(-122.43 37.79)",
                "POINT(-117.13 32.75)",
                "POINT(-122.24 37.79)",
                "POINT(-122.29 37.81)",
                "POINT(-118.14 33.86)",
                "POINT(-118.3 34.02)",
                "POINT(-118.22 33.9)",
                "POINT(-118.3 34.06)",
                "POINT(-122.47 37.75)",
                "POINT(-118.22 33.98)",
                "POINT(-117.13 32.7)",
                "POINT(-118.4 33.87)",
                "POINT(-122.23 37.79)",
                "POINT(-118.21 34.04)",
                "POINT(-118.2 33.77)",
                "POINT(-122.43 37.78)",
                "POINT(-118.26 34.08)",
                "POINT(-122.43 37.77)",
                "POINT(-118.27 34.06)",
                "POINT(-122.43 37.75)",
                "POINT(-118.27 34.16)",
                "POINT(-122.08 37.63)",
                "POINT(-122.45 37.77)",
                "POINT(-118.28 33.96)",
                "POINT(-122.21 37.8)",
                "POINT(-118.16 33.78)",
                "POINT(-118.28 34.01)",
                "POINT(-118.41 34)",
                "POINT(-118.41 34.02)",
                "POINT(-122.28 37.85)",
                "POINT(-118.25 34.02)",
                "POINT(-118.17 33.77)",
                "POINT(-118.16 34.02)",
                "POINT(-118.29 33.98)",
                "POINT(-118.27 33.94)",
                "POINT(-117.16 32.74)",
                "POINT(-122.44 37.75)",
                "POINT(-122.49 37.75)",
                "POINT(-118.31 34.09)",
                "POINT(-117.93 33.85)",
                "POINT(-118.32 34.04)",
                "POINT(-117.97 34.05)",
                "POINT(-121.88 37.44)",
                "POINT(-118.06 33.98)",
                "POINT(-118.35 33.9)",
                "POINT(-118.32 33.91)",
                "POINT(-118.11 33.84)",
                "POINT(-117.91 33.84)",
                "POINT(-118.36 33.9)",
                "POINT(-117.24 32.8)",
                "POINT(-118.31 33.94)",
                "POINT(-118.35 33.97)",
                "POINT(-122.49 37.78)"
            ],
            "with_others": true
        }
    }
}