[
    {
        "test_score_gib": 0.7222460659807517,
        "train_score": 0.6977745750965205,
        "test_score": 0.7222460659807517,
        "num_samples": 2635,
        "fit_time": 3614,
        "score_time": 813,
        "time": 4427,
        "parameters": {
            "alpha": 0.1
        },
        "done_at": 1668091214815,
        "split_id": 0
    },
    {
        "test_score_gib": 0.6976839984784535,
        "train_score": 0.705643689452927,
        "test_score": 0.6976839984784535,
        "num_samples": 2635,
        "fit_time": 4415,
        "score_time": 281,
        "time": 4696,
        "parameters": {
            "alpha": 0.1
        },
        "done_at": 1668091215083,
        "split_id": 1
    },
    {
        "test_score_gib": 0.698169968541702,
        "train_score": 0.7051265207566646,
        "test_score": 0.698169968541702,
        "num_samples": 2635,
        "fit_time": 4720,
        "score_time": 189,
        "time": 4909,
        "parameters": {
            "alpha": 0.1
        },
        "done_at": 1668091215296,
        "split_id": 2
    },
    {
        "test_score_gib": 0.6808981895179897,
        "train_score": 0.7084875419836081,
        "test_score": 0.6808981895179897,
        "num_samples": 2635,
        "fit_time": 4390,
        "score_time": 230,
        "time": 4620,
        "parameters": {
            "alpha": 0.1
        },
        "done_at": 1668091215022,
        "split_id": 3
    },
    {
        "test_score_gib": 0.6826043391823158,
        "train_score": 0.7101766723680969,
        "test_score": 0.6826043391823158,
        "num_samples": 2635,
        "fit_time": 3907,
        "score_time": 597,
        "time": 4504,
        "parameters": {
            "alpha": 0.1
        },
        "done_at": 1668091219397,
        "split_id": 4
    },
    {
        "test_score_gib": 0.5985361241219915,
        "train_score": 0.583086491663178,
        "test_score": 0.5985361241219915,
        "num_samples": 2635,
        "fit_time": 3708,
        "score_time": 518,
        "time": 4226,
        "parameters": {
            "alpha": 1.0
        },
        "done_at": 1668091219321,
        "split_id": 0
    },
    {
        "test_score_gib": 0.595656615489793,
        "train_score": 0.5901080362399986,
        "test_score": 0.595656615489793,
        "num_samples": 2635,
        "fit_time": 4631,
        "score_time": 361,
        "time": 4992,
        "parameters": {
            "alpha": 1.0
        },
        "done_at": 1668091220089,
        "split_id": 1
    },
    {
        "test_score_gib": 0.5853451372790017,
        "train_score": 0.5905908372334239,
        "test_score": 0.5853451372790017,
        "num_samples": 2635,
        "fit_time": 3298,
        "score_time": 721,
        "time": 4019,
        "parameters": {
            "alpha": 1.0
        },
        "done_at": 1668091219329,
        "split_id": 2
    },
    {
        "test_score_gib": 0.5703502353330776,
        "train_score": 0.5930687588582787,
        "test_score": 0.5703502353330776,
        "num_samples": 2635,
        "fit_time": 4867,
        "score_time": 127,
        "time": 4994,
        "parameters": {
            "alpha": 1.0
        },
        "done_at": 1668091224721,
        "split_id": 3
    },
    {
        "test_score_gib": 0.5740881494894238,
        "train_score": 0.5942191724317856,
        "test_score": 0.5740881494894238,
        "num_samples": 2635,
        "fit_time": 3321,
        "score_time": 974,
        "time": 4295,
        "parameters": {
            "alpha": 1.0
        },
        "done_at": 1668091224102,
        "split_id": 4
    },
    {
        "test_score_gib": 0.42234943654394097,
        "train_score": 0.4131210701346065,
        "test_score": 0.42234943654394097,
        "num_samples": 2635,
        "fit_time": 4592,
        "score_time": 176,
        "time": 4768,
        "parameters": {
            "alpha": 3.0
        },
        "done_at": 1668091224585,
        "split_id": 0
    },
    {
        "test_score_gib": 0.4276568457453114,
        "train_score": 0.4183397214239455,
        "test_score": 0.4276568457453114,
        "num_samples": 2635,
        "fit_time": 3925,
        "score_time": 466,
        "time": 4391,
        "parameters": {
            "alpha": 3.0
        },
        "done_at": 1668091224482,
        "split_id": 1
    },
    {
        "test_score_gib": 0.41544807387257776,
        "train_score": 0.41967307534313114,
        "test_score": 0.41544807387257776,
        "num_samples": 2635,
        "fit_time": 3401,
        "score_time": 78,
        "time": 3479,
        "parameters": {
            "alpha": 3.0
        },
        "done_at": 1668091227899,
        "split_id": 2
    },
    {
        "test_score_gib": 0.4059030806943146,
        "train_score": 0.42097697938949685,
        "test_score": 0.4059030806943146,
        "num_samples": 2635,
        "fit_time": 2734,
        "score_time": 405,
        "time": 3139,
        "parameters": {
            "alpha": 3.0
        },
        "done_at": 1668091227684,
        "split_id": 3
    },
    {
        "test_score_gib": 0.40701203744600223,
        "train_score": 0.4225853370080105,
        "test_score": 0.40701203744600223,
        "num_samples": 2635,
        "fit_time": 2714,
        "score_time": 405,
        "time": 3119,
        "parameters": {
            "alpha": 3.0
        },
        "done_at": 1668091227781,
        "split_id": 4
    }
]