{
    "startedAt": 1668091210369,
    "gridSize": 3,
    "nThreads": 4,
    "nSplits": 5,
    "metric": "R2",
    "timeout": null,
    "gridPoints": [
        {
            "finishedAt": 1668091219397,
            "score": 0.6963205123402425,
            "testScoreGibMean": 0.6963205123402425,
            "testScoreMean": 0.6963205123402425,
            "testScoreStd": 0.014855270859793419,
            "trainScoreMean": 0.7054417999315634,
            "trainScoreStd": 0.004257277502016931,
            "time": 23156,
            "fitTimeMean": 4209.2,
            "fitTimeStd": 395.35978551188026,
            "scoreTimeMean": 422.0,
            "scoreTimeStd": 242.70970314348787,
            "parameters": {
                "alpha": 0.1
            }
        },
        {
            "finishedAt": 1668091224721,
            "score": 0.5847952523426576,
            "testScoreGibMean": 0.5847952523426576,
            "testScoreMean": 0.5847952523426576,
            "testScoreStd": 0.0112283899828074,
            "trainScoreMean": 0.590214659285333,
            "trainScoreStd": 0.0038767424955589874,
            "time": 22526,
            "fitTimeMean": 3965.0,
            "fitTimeStd": 660.7320182948606,
            "scoreTimeMean": 540.2,
            "scoreTimeStd": 291.2767755932491,
            "parameters": {
                "alpha": 1.0
            }
        },
        {
            "finishedAt": 1668091227899,
            "score": 0.4156738948604294,
            "testScoreGibMean": 0.4156738948604294,
            "testScoreMean": 0.4156738948604294,
            "testScoreStd": 0.00846996513727141,
            "trainScoreMean": 0.4189392366598381,
            "trainScoreStd": 0.003230957834070565,
            "time": 18896,
            "fitTimeMean": 3473.2,
            "fitTimeStd": 718.8672756496849,
            "scoreTimeMean": 306.0,
            "scoreTimeStd": 151.05363285932583,
            "parameters": {
                "alpha": 3.0
            }
        }
    ]
}