{
    "modelInputNRows": 13175,
    "modelInputNCols": 319,
    "modelInputIsSparse": false,
    "modelInputMemory": 33622600,
    "usedGridSearch": true,
    "gridSize": 3,
    "gridBestScore": 0.6963205123402425,
    "gridCells": [
        {
            "params": {
                "alpha": 0.1
            },
            "score": 0.6963205123402425,
            "scoreStd": 0.014855270859793419,
            "fitTime": 4.2092,
            "fitTimeStd": 0.3953597855118803,
            "scoreTime": 0.422,
            "scoreTimeStd": 0.24270970314348786
        },
        {
            "params": {
                "alpha": 1.0
            },
            "score": 0.5847952523426576,
            "scoreStd": 0.0112283899828074,
            "fitTime": 3.965,
            "fitTimeStd": 0.6607320182948606,
            "scoreTime": 0.5402,
            "scoreTimeStd": 0.2912767755932491
        },
        {
            "params": {
                "alpha": 3.0
            },
            "score": 0.4156738948604294,
            "scoreStd": 0.00846996513727141,
            "fitTime": 3.4732,
            "fitTimeStd": 0.7188672756496849,
            "scoreTime": 0.306,
            "scoreTimeStd": 0.15105363285932583
        }
    ],
    "lmCoefficients": {
        "variables": [
            "housing_median_age",
            "median_income",
            "family_size",
            "latitude",
            "households",
            "outliers",
            "total_bedrooms",
            "population",
            "total_rooms",
            "longitude",
            "dummy:city:Los Angeles",
            "dummy:city:San Diego",
            "dummy:city:San Francisco",
            "dummy:city:San Jose",
            "dummy:city:Oakland",
            "dummy:city:Long Beach",
            "dummy:city:Sacramento",
            "dummy:city:Fresno",
            "dummy:city:Stockton",
            "dummy:city:Anaheim",
            "dummy:city:San Bernardino",
            "dummy:city:Santa Ana",
            "dummy:city:Riverside",
            "dummy:city:Bakersfield",
            "dummy:city:Fullerton",
            "dummy:city:Modesto",
            "dummy:city:Glendale",
            "dummy:city:Torrance",
            "dummy:city:Garden Grove",
            "dummy:city:Berkeley",
            "dummy:city:Pasadena",
            "dummy:city:Concord",
            "dummy:city:Irvine",
            "dummy:city:Hayward",
            "dummy:city:Downey",
            "dummy:city:Sunnyvale",
            "dummy:city:Santa Rosa",
            "dummy:city:San Mateo",
            "dummy:city:Burbank",
            "dummy:city:Fremont",
            "dummy:city:Richmond",
            "dummy:city:Chula Vista",
            "dummy:city:Ontario",
            "dummy:city:Santa Monica",
            "dummy:city:Santa Barbara",
            "dummy:city:Compton",
            "dummy:city:Oceanside",
            "dummy:city:Thousand Oaks",
            "dummy:city:Pomona",
            "dummy:city:Costa Mesa",
            "dummy:city:San Leandro",
            "dummy:city:Ventura",
            "dummy:city:Norwalk",
            "dummy:city:Inglewood",
            "dummy:city:Simi Valley",
            "dummy:city:Visalia",
            "dummy:city:Orange",
            "dummy:city:Palo Alto",
            "dummy:city:Newport Beach",
            "dummy:city:Alameda",
            "dummy:city:Oxnard",
            "dummy:city:Vallejo",
            "dummy:city:South Gate",
            "dummy:city:Santa Clara",
            "dummy:city:Carson",
            "dummy:city:Redondo Beach",
            "dummy:city:Lakewood",
            "dummy:city:Mountain View",
            "dummy:city:Upland",
            "dummy:city:Whittier",
            "dummy:city:Clovis",
            "dummy:city:Hawthorne",
            "dummy:city:Redding",
            "dummy:city:Santa Cruz",
            "dummy:city:Pico Rivera",
            "dummy:city:Lancaster",
            "dummy:city:Alhambra",
            "dummy:city:Napa",
            "dummy:city:El Cajon",
            "dummy:city:Vacaville",
            "dummy:city:Gardena",
            "dummy:city:Santa Maria",
            "dummy:city:Westminster",
            "dummy:city:Monterey Park",
            "dummy:city:Redlands",
            "dummy:city:Mission Viejo",
            "dummy:city:Culver City",
            "dummy:city:Fontana",
            "dummy:city:Fairfield",
            "dummy:city:Antioch",
            "dummy:city:Vista",
            "dummy:city:Buena Park",
            "dummy:city:Lodi",
            "dummy:city:Rialto",
            "dummy:city:Bellflower",
            "dummy:city:National City",
            "dummy:city:Fountain Valley",
            "dummy:city:La Habra",
            "dummy:city:Walnut Creek",
            "dummy:city:Glendora",
            "dummy:city:Daly City",
            "dummy:city:Escondido",
            "dummy:city:Manhattan Beach",
            "dummy:city:Lawndale",
            "dummy:city:Lynwood",
            "dummy:city:Carlsbad",
            "dummy:city:Los Altos",
            "dummy:city:Redwood City",
            "dummy:city:Encinitas",
            "dummy:city:Salinas",
            "dummy:city:N/A",
            "dummy:ocean_proximity:<1H OCEAN",
            "dummy:ocean_proximity:INLAND",
            "dummy:ocean_proximity:NEAR OCEAN",
            "dummy:ocean_proximity:NEAR BAY",
            "dummy:city_enName:Los Angeles",
            "dummy:city_enName:San Diego",
            "dummy:city_enName:San Francisco",
            "dummy:city_enName:San Jose",
            "dummy:city_enName:Oakland",
            "dummy:city_enName:Long Beach",
            "dummy:city_enName:Sacramento",
            "dummy:city_enName:Fresno",
            "dummy:city_enName:Stockton",
            "dummy:city_enName:Anaheim",
            "dummy:city_enName:San Bernardino",
            "dummy:city_enName:Santa Ana",
            "dummy:city_enName:Riverside",
            "dummy:city_enName:Bakersfield",
            "dummy:city_enName:Fullerton",
            "dummy:city_enName:Modesto",
            "dummy:city_enName:Glendale",
            "dummy:city_enName:Torrance",
            "dummy:city_enName:Garden Grove",
            "dummy:city_enName:Berkeley",
            "dummy:city_enName:Pasadena",
            "dummy:city_enName:Concord",
            "dummy:city_enName:Irvine",
            "dummy:city_enName:Hayward",
            "dummy:city_enName:Downey",
            "dummy:city_enName:Sunnyvale",
            "dummy:city_enName:Santa Rosa",
            "dummy:city_enName:San Mateo",
            "dummy:city_enName:Burbank",
            "dummy:city_enName:Fremont",
            "dummy:city_enName:Richmond",
            "dummy:city_enName:Chula Vista",
            "dummy:city_enName:Ontario",
            "dummy:city_enName:Santa Monica",
            "dummy:city_enName:Santa Barbara",
            "dummy:city_enName:Compton",
            "dummy:city_enName:Oceanside",
            "dummy:city_enName:Thousand Oaks",
            "dummy:city_enName:Pomona",
            "dummy:city_enName:Costa Mesa",
            "dummy:city_enName:San Leandro",
            "dummy:city_enName:Ventura",
            "dummy:city_enName:Norwalk",
            "dummy:city_enName:Inglewood",
            "dummy:city_enName:Simi Valley",
            "dummy:city_enName:Visalia",
            "dummy:city_enName:Orange",
            "dummy:city_enName:Palo Alto",
            "dummy:city_enName:Newport Beach",
            "dummy:city_enName:Alameda",
            "dummy:city_enName:Oxnard",
            "dummy:city_enName:Vallejo",
            "dummy:city_enName:South Gate",
            "dummy:city_enName:Santa Clara",
            "dummy:city_enName:Carson",
            "dummy:city_enName:Redondo Beach",
            "dummy:city_enName:Lakewood",
            "dummy:city_enName:Mountain View",
            "dummy:city_enName:Upland",
            "dummy:city_enName:Whittier",
            "dummy:city_enName:Clovis",
            "dummy:city_enName:Hawthorne",
            "dummy:city_enName:Redding",
            "dummy:city_enName:Santa Cruz",
            "dummy:city_enName:Pico Rivera",
            "dummy:city_enName:Lancaster",
            "dummy:city_enName:Alhambra",
            "dummy:city_enName:Napa",
            "dummy:city_enName:El Cajon",
            "dummy:city_enName:Vacaville",
            "dummy:city_enName:Gardena",
            "dummy:city_enName:Santa Maria",
            "dummy:city_enName:Westminster",
            "dummy:city_enName:Monterey Park",
            "dummy:city_enName:Redlands",
            "dummy:city_enName:Mission Viejo",
            "dummy:city_enName:Culver City",
            "dummy:city_enName:Fontana",
            "dummy:city_enName:Fairfield",
            "dummy:city_enName:Antioch",
            "dummy:city_enName:Vista",
            "dummy:city_enName:Buena Park",
            "dummy:city_enName:Lodi",
            "dummy:city_enName:Rialto",
            "dummy:city_enName:Bellflower",
            "dummy:city_enName:National City",
            "dummy:city_enName:Fountain Valley",
            "dummy:city_enName:La Habra",
            "dummy:city_enName:Walnut Creek",
            "dummy:city_enName:Glendora",
            "dummy:city_enName:Daly City",
            "dummy:city_enName:Escondido",
            "dummy:city_enName:Manhattan Beach",
            "dummy:city_enName:Lawndale",
            "dummy:city_enName:Lynwood",
            "dummy:city_enName:Carlsbad",
            "dummy:city_enName:Los Altos",
            "dummy:city_enName:Redwood City",
            "dummy:city_enName:Encinitas",
            "dummy:city_enName:Salinas",
            "dummy:city_enName:N/A",
            "dummy:location:POINT(-122.42 37.75)",
            "dummy:location:POINT(-118.26 34.02)",
            "dummy:location:POINT(-122.42 37.8)",
            "dummy:location:POINT(-118.29 34.09)",
            "dummy:location:POINT(-122.42 37.76)",
            "dummy:location:POINT(-118.26 34.07)",
            "dummy:location:POINT(-118.28 33.99)",
            "dummy:location:POINT(-118.47 33.99)",
            "dummy:location:POINT(-122.41 37.8)",
            "dummy:location:POINT(-122.46 37.78)",
            "dummy:location:POINT(-118.19 34.05)",
            "dummy:location:POINT(-122.44 37.78)",
            "dummy:location:POINT(-118.31 34.05)",
            "dummy:location:POINT(-118.36 34.09)",
            "dummy:location:POINT(-118.19 33.78)",
            "dummy:location:POINT(-122.49 37.76)",
            "dummy:location:POINT(-122.47 37.78)",
            "dummy:location:POINT(-118.27 34.07)",
            "dummy:location:POINT(-122.47 37.76)",
            "dummy:location:POINT(-118.28 33.93)",
            "dummy:location:POINT(-122.41 37.75)",
            "dummy:location:POINT(-118.35 34.04)",
            "dummy:location:POINT(-118.36 34.03)",
            "dummy:location:POINT(-118.32 34.09)",
            "dummy:location:POINT(-122.28 37.81)",
            "dummy:location:POINT(-118.37 34.16)",
            "dummy:location:POINT(-118.32 33.98)",
            "dummy:location:POINT(-117.14 32.75)",
            "dummy:location:POINT(-118.31 34.02)",
            "dummy:location:POINT(-122.42 37.74)",
            "dummy:location:POINT(-122.41 37.79)",
            "dummy:location:POINT(-122.43 37.73)",
            "dummy:location:POINT(-122.24 37.8)",
            "dummy:location:POINT(-118.2 34.05)",
            "dummy:location:POINT(-122.27 37.85)",
            "dummy:location:POINT(-118.19 34.12)",
            "dummy:location:POINT(-122.26 37.77)",
            "dummy:location:POINT(-122.44 37.79)",
            "dummy:location:POINT(-122.21 37.78)",
            "dummy:location:POINT(-122.44 37.8)",
            "dummy:location:POINT(-118.29 34.04)",
            "dummy:location:POINT(-122.24 37.81)",
            "dummy:location:POINT(-118.24 34.14)",
            "dummy:location:POINT(-118.23 33.91)",
            "dummy:location:POINT(-118.37 34.09)",
            "dummy:location:POINT(-122.42 37.78)",
            "dummy:location:POINT(-118.37 34.07)",
            "dummy:location:POINT(-118.39 33.88)",
            "dummy:location:POINT(-122.43 37.79)",
            "dummy:location:POINT(-117.13 32.75)",
            "dummy:location:POINT(-122.24 37.79)",
            "dummy:location:POINT(-122.29 37.81)",
            "dummy:location:POINT(-118.14 33.86)",
            "dummy:location:POINT(-118.3 34.02)",
            "dummy:location:POINT(-118.22 33.9)",
            "dummy:location:POINT(-118.3 34.06)",
            "dummy:location:POINT(-122.47 37.75)",
            "dummy:location:POINT(-118.22 33.98)",
            "dummy:location:POINT(-117.13 32.7)",
            "dummy:location:POINT(-118.4 33.87)",
            "dummy:location:POINT(-122.23 37.79)",
            "dummy:location:POINT(-118.21 34.04)",
            "dummy:location:POINT(-118.2 33.77)",
            "dummy:location:POINT(-122.43 37.78)",
            "dummy:location:POINT(-118.26 34.08)",
            "dummy:location:POINT(-122.43 37.77)",
            "dummy:location:POINT(-118.27 34.06)",
            "dummy:location:POINT(-122.43 37.75)",
            "dummy:location:POINT(-118.27 34.16)",
            "dummy:location:POINT(-122.08 37.63)",
            "dummy:location:POINT(-122.45 37.77)",
            "dummy:location:POINT(-118.28 33.96)",
            "dummy:location:POINT(-122.21 37.8)",
            "dummy:location:POINT(-118.16 33.78)",
            "dummy:location:POINT(-118.28 34.01)",
            "dummy:location:POINT(-118.41 34)",
            "dummy:location:POINT(-118.41 34.02)",
            "dummy:location:POINT(-122.28 37.85)",
            "dummy:location:POINT(-118.25 34.02)",
            "dummy:location:POINT(-118.17 33.77)",
            "dummy:location:POINT(-118.16 34.02)",
            "dummy:location:POINT(-118.29 33.98)",
            "dummy:location:POINT(-118.27 33.94)",
            "dummy:location:POINT(-117.16 32.74)",
            "dummy:location:POINT(-122.44 37.75)",
            "dummy:location:POINT(-122.49 37.75)",
            "dummy:location:POINT(-118.31 34.09)",
            "dummy:location:POINT(-117.93 33.85)",
            "dummy:location:POINT(-118.32 34.04)",
            "dummy:location:POINT(-117.97 34.05)",
            "dummy:location:POINT(-121.88 37.44)",
            "dummy:location:POINT(-118.06 33.98)",
            "dummy:location:POINT(-118.35 33.9)",
            "dummy:location:POINT(-118.32 33.91)",
            "dummy:location:POINT(-118.11 33.84)",
            "dummy:location:POINT(-117.91 33.84)",
            "dummy:location:POINT(-118.36 33.9)",
            "dummy:location:POINT(-117.24 32.8)",
            "dummy:location:POINT(-118.31 33.94)",
            "dummy:location:POINT(-118.35 33.97)",
            "dummy:location:POINT(-122.49 37.78)"
        ],
        "coefs": [
            5656.848637521365,
            58926.86855956654,
            -1018.5602189560466,
            -13580.639600378943,
            8305.764434391273,
            2896.3311138142963,
            7991.344871600873,
            -21545.439349276367,
            9889.113314601791,
            -11745.523195589903,
            14677.01207557499,
            -20685.490991728562,
            33005.66741724788,
            1526.0649855113645,
            -21115.37732553538,
            -2081.8181128581614,
            -4570.469514468524,
            -21710.892041732262,
            -10027.587811220916,
            -7467.901414046845,
            -12775.390121761526,
            -8543.560730025229,
            -13215.585487005172,
            -24406.706337598935,
            -9028.032033619784,
            -5196.103560027276,
            23900.280630637477,
            34410.21041546991,
            -11268.248918358031,
            18011.795238792,
            18748.85064700066,
            -13917.501759590088,
            2680.142089691809,
            -11859.766269998585,
            534.4914619338413,
            23680.86943140645,
            -12372.797058866547,
            28745.957056917607,
            14520.363240779583,
            -6017.040961278185,
            -32307.339530950434,
            -40052.42460348634,
            -1201.7113408234995,
            83378.77507201968,
            43951.15686487841,
            -32126.24430197254,
            -23413.07012714075,
            4279.863364666801,
            -5155.247709098906,
            2128.4307361151614,
            -19462.637441047453,
            -14545.736339842693,
            -26074.31856054345,
            -11555.416382954647,
            -14307.307419195005,
            -17962.29033876817,
            -2887.760253741762,
            59860.87236948898,
            65153.870466936714,
            5371.549296356979,
            -10768.204845524695,
            -41312.771101845676,
            -12253.085881948748,
            6963.539725365597,
            -24259.81148291189,
            41815.2451944169,
            -13770.997019485616,
            31011.06545013468,
            11041.16898319435,
            -7086.074520683822,
            -23800.49165135289,
            -2308.6608893661337,
            -5254.209731753038,
            2387.634563226178,
            -12142.476102340588,
            -11114.798697766206,
            9034.825659860207,
            -15820.013644184215,
            -27572.216976801843,
            -5933.069424327831,
            -832.9456018280144,
            -27880.528028983055,
            -7796.466157701134,
            11204.687864161056,
            -10166.889199463421,
            -11617.297532688217,
            42673.821395791514,
            -6693.068812514194,
            -14082.4439523275,
            -11540.604641869972,
            -16791.06356098007,
            -15641.18400410399,
            -7287.2071873173245,
            -11608.84731634265,
            -11130.415874914734,
            -43660.22485375157,
            -5084.964413047702,
            -11206.59238977185,
            -4196.671302740025,
            14879.591492400921,
            1600.1100848136664,
            -22138.576606796196,
            75612.27341594694,
            11188.47721043051,
            -19742.5058550916,
            -5269.08588128494,
            60061.0592606811,
            27976.982617733458,
            -822.459617632666,
            -19036.909301519176,
            -1888.7864385657454,
            11594.643185003079,
            -44667.690762401246,
            42150.018446507325,
            17588.897172416644,
            14677.012075574981,
            -20685.49099172845,
            33005.66741724742,
            1526.0649855114068,
            -21115.37732553537,
            -2081.8181128581914,
            -4570.469514468794,
            -21710.89204173209,
            -10027.58781122082,
            -7467.901414046859,
            -12775.39012176128,
            -8543.560730025232,
            -13215.585487004757,
            -24406.706337599233,
            -9028.032033619802,
            -5196.103560027327,
            23900.280630637495,
            34410.21041547005,
            -11268.248918358118,
            18011.7952387919,
            18748.850647000563,
            -13917.50175959022,
            2680.1420896915465,
            -11859.766269998629,
            534.4914619338693,
            23680.869431406063,
            -12372.797058866523,
            28745.95705691798,
            14520.363240779572,
            -6017.04096127826,
            -32307.33953095021,
            -40052.42460348634,
            -1201.7113408233795,
            83378.77507201981,
            43951.15686487882,
            -32126.24430197231,
            -23413.070127140745,
            4279.863364666987,
            -5155.24770909916,
            2128.4307361151673,
            -19462.637441047602,
            -14545.7363398424,
            -26074.318560543346,
            -11555.416382954665,
            -14307.307419195502,
            -17962.29033876816,
            -2887.7602537418256,
            59860.87236948883,
            65153.87046693786,
            5371.549296356926,
            -10768.204845524673,
            -41312.771101845705,
            -12253.085881948953,
            6963.539725365703,
            -24259.81148291177,
            41815.24519441716,
            -13770.997019485278,
            31011.065450134553,
            11041.168983194362,
            -7086.074520683698,
            -23800.491651352735,
            -2308.6608893662246,
            -5254.2097317531,
            2387.634563226169,
            -12142.476102340506,
            -11114.79869776606,
            9034.82565986005,
            -15820.013644184182,
            -27572.21697680206,
            -5933.069424327921,
            -832.9456018279938,
            -27880.528028983055,
            -7796.466157701145,
            11204.68786416097,
            -10166.889199463532,
            -11617.297532687953,
            42673.82139579183,
            -6693.068812513953,
            -14082.443952327314,
            -11540.604641869999,
            -16791.06356098001,
            -15641.184004103989,
            -7287.207187317008,
            -11608.847316342748,
            -11130.415874914714,
            -43660.224853751395,
            -5084.964413047911,
            -11206.59238977196,
            -4196.671302740057,
            14879.591492400885,
            1600.1100848134079,
            -22138.576606796258,
            75612.27341594706,
            11188.477210430501,
            -19742.505855091626,
            -5269.085881284962,
            60061.059260681315,
            27976.98261773355,
            -822.4596176326676,
            -19036.909301519187,
            -1888.7864385658645,
            25716.73322142318,
            -53704.693408811014,
            109778.13558528971,
            15605.457530221829,
            35327.57910984183,
            -8710.96153089822,
            -73770.99399142594,
            104513.85419824514,
            102605.25552630426,
            88141.71025493355,
            -34064.44016555119,
            65319.99095742194,
            121083.71198536243,
            101178.27044634266,
            -16457.063770598517,
            26649.834737418787,
            102107.41219312271,
            -12632.505101697137,
            44365.71472557305,
            -85854.49229690996,
            -24650.801362036356,
            -49014.49439912848,
            -58507.18286600279,
            27196.623856917235,
            6315.49553963204,
            -5896.8285695433615,
            -91435.4870073054,
            -21782.564201360154,
            -69954.28673391722,
            -16293.581533412418,
            46373.87570135751,
            -37323.254799884526,
            9167.88749372788,
            -47695.06730413958,
            -56635.558033699126,
            -52342.409138789,
            50952.327260741615,
            124197.81052987669,
            -14633.840990528452,
            167989.24490399903,
            -53212.49869500729,
            58897.4195012836,
            15244.873355775164,
            -70620.03682582958,
            141835.4292308795,
            -5197.490756582582,
            146440.44377178414,
            13851.892228534723,
            140642.17988244252,
            -29653.606274420177,
            -25347.53221263323,
            -8277.617728869642,
            -14774.169159373134,
            -53328.103603753254,
            9462.511182503813,
            83751.28097753048,
            19570.252187448954,
            15295.386574943966,
            -59235.00671541027,
            164271.64778711405,
            -13199.152696140602,
            -43172.986255742595,
            -53898.32378304436,
            17312.005032185825,
            -20660.848108648246,
            62930.5980941022,
            24703.899012447982,
            46801.0377844529,
            3819.488260417795,
            -28317.486599715117,
            117320.95817133959,
            -70661.30383115554,
            15910.902999357262,
            -13749.61922357519,
            -42489.005335145404,
            39056.87673842498,
            40358.55978085604,
            -84794.8093403169,
            -50084.67155395276,
            -24029.36328373678,
            3504.4621622668146,
            -80211.20104649274,
            -75346.4942703566,
            115170.72849699794,
            42436.025547974925,
            -21394.273508935446,
            35761.31676439835,
            -10924.463535255307,
            -36414.07799536498,
            -25572.71944090658,
            -34043.44806680551,
            -45598.863469279204,
            -8994.928972344336,
            -50569.41518590272,
            -8333.28449806539,
            50969.215737125596,
            -28304.321353079955,
            20038.367742198137,
            -89096.11490820732,
            13215.05496654458,
            44001.56525146611
        ],
        "interceptStderr": null,
        "interceptTstat": null,
        "interceptPvalue": null,
        "interceptCoef": 207151.1338588849,
        "rescaledCoefs": [
            450.22382844069534,
            31028.087993028537,
            -85.79212567735424,
            -6373.810692721255,
            21.87491856811593,
            47579.306894172005,
            19.137405333558505,
            -19.109247067777286,
            4.604744874401149,
            -5885.27313585843,
            14677.01207557499,
            -20685.490991728562,
            33005.66741724788,
            1526.0649855113645,
            -21115.37732553538,
            -2081.8181128581614,
            -4570.469514468524,
            -21710.892041732262,
            -10027.587811220916,
            -7467.901414046845,
            -12775.390121761526,
            -8543.560730025229,
            -13215.585487005172,
            -24406.706337598935,
            -9028.032033619784,
            -5196.103560027276,
            23900.280630637477,
            34410.21041546991,
            -11268.248918358031,
            18011.795238792,
            18748.85064700066,
            -13917.501759590088,
            2680.142089691809,
            -11859.766269998585,
            534.4914619338413,
            23680.86943140645,
            -12372.797058866547,
            28745.957056917607,
            14520.363240779583,
            -6017.040961278185,
            -32307.339530950434,
            -40052.42460348634,
            -1201.7113408234995,
            83378.77507201968,
            43951.15686487841,
            -32126.24430197254,
            -23413.07012714075,
            4279.863364666801,
            -5155.247709098906,
            2128.4307361151614,
            -19462.637441047453,
            -14545.736339842693,
            -26074.31856054345,
            -11555.416382954647,
            -14307.307419195005,
            -17962.29033876817,
            -2887.760253741762,
            59860.87236948898,
            65153.870466936714,
            5371.549296356979,
            -10768.204845524695,
            -41312.771101845676,
            -12253.085881948748,
            6963.539725365597,
            -24259.81148291189,
            41815.2451944169,
            -13770.997019485616,
            31011.06545013468,
            11041.16898319435,
            -7086.074520683822,
            -23800.49165135289,
            -2308.6608893661337,
            -5254.209731753038,
            2387.634563226178,
            -12142.476102340588,
            -11114.798697766206,
            9034.825659860207,
            -15820.013644184215,
            -27572.216976801843,
            -5933.069424327831,
            -832.9456018280144,
            -27880.528028983055,
            -7796.466157701134,
            11204.687864161056,
            -10166.889199463421,
            -11617.297532688217,
            42673.821395791514,
            -6693.068812514194,
            -14082.4439523275,
            -11540.604641869972,
            -16791.06356098007,
            -15641.18400410399,
            -7287.2071873173245,
            -11608.84731634265,
            -11130.415874914734,
            -43660.22485375157,
            -5084.964413047702,
            -11206.59238977185,
            -4196.671302740025,
            14879.591492400921,
            1600.1100848136664,
            -22138.576606796196,
            75612.27341594694,
            11188.47721043051,
            -19742.5058550916,
            -5269.08588128494,
            60061.0592606811,
            27976.982617733458,
            -822.459617632666,
            -19036.909301519176,
            -1888.7864385657454,
            11594.643185003079,
            -44667.690762401246,
            42150.018446507325,
            17588.897172416644,
            14677.012075574981,
            -20685.49099172845,
            33005.66741724742,
            1526.0649855114068,
            -21115.37732553537,
            -2081.8181128581914,
            -4570.469514468794,
            -21710.89204173209,
            -10027.58781122082,
            -7467.901414046859,
            -12775.39012176128,
            -8543.560730025232,
            -13215.585487004757,
            -24406.706337599233,
            -9028.032033619802,
            -5196.103560027327,
            23900.280630637495,
            34410.21041547005,
            -11268.248918358118,
            18011.7952387919,
            18748.850647000563,
            -13917.50175959022,
            2680.1420896915465,
            -11859.766269998629,
            534.4914619338693,
            23680.869431406063,
            -12372.797058866523,
            28745.95705691798,
            14520.363240779572,
            -6017.04096127826,
            -32307.33953095021,
            -40052.42460348634,
            -1201.7113408233795,
            83378.77507201981,
            43951.15686487882,
            -32126.24430197231,
            -23413.070127140745,
            4279.863364666987,
            -5155.24770909916,
            2128.4307361151673,
            -19462.637441047602,
            -14545.7363398424,
            -26074.318560543346,
            -11555.416382954665,
            -14307.307419195502,
            -17962.29033876816,
            -2887.7602537418256,
            59860.87236948883,
            65153.87046693786,
            5371.549296356926,
            -10768.204845524673,
            -41312.771101845705,
            -12253.085881948953,
            6963.539725365703,
            -24259.81148291177,
            41815.24519441716,
            -13770.997019485278,
            31011.065450134553,
            11041.168983194362,
            -7086.074520683698,
            -23800.491651352735,
            -2308.6608893662246,
            -5254.2097317531,
            2387.634563226169,
            -12142.476102340506,
            -11114.79869776606,
            9034.82565986005,
            -15820.013644184182,
            -27572.21697680206,
            -5933.069424327921,
            -832.9456018279938,
            -27880.528028983055,
            -7796.466157701145,
            11204.68786416097,
            -10166.889199463532,
            -11617.297532687953,
            42673.82139579183,
            -6693.068812513953,
            -14082.443952327314,
            -11540.604641869999,
            -16791.06356098001,
            -15641.184004103989,
            -7287.207187317008,
            -11608.847316342748,
            -11130.415874914714,
            -43660.224853751395,
            -5084.964413047911,
            -11206.59238977196,
            -4196.671302740057,
            14879.591492400885,
            1600.1100848134079,
            -22138.576606796258,
            75612.27341594706,
            11188.477210430501,
            -19742.505855091626,
            -5269.085881284962,
            60061.059260681315,
            27976.98261773355,
            -822.4596176326676,
            -19036.909301519187,
            -1888.7864385658645,
            25716.73322142318,
            -53704.693408811014,
            109778.13558528971,
            15605.457530221829,
            35327.57910984183,
            -8710.96153089822,
            -73770.99399142594,
            104513.85419824514,
            102605.25552630426,
            88141.71025493355,
            -34064.44016555119,
            65319.99095742194,
            121083.71198536243,
            101178.27044634266,
            -16457.063770598517,
            26649.834737418787,
            102107.41219312271,
            -12632.505101697137,
            44365.71472557305,
            -85854.49229690996,
            -24650.801362036356,
            -49014.49439912848,
            -58507.18286600279,
            27196.623856917235,
            6315.49553963204,
            -5896.8285695433615,
            -91435.4870073054,
            -21782.564201360154,
            -69954.28673391722,
            -16293.581533412418,
            46373.87570135751,
            -37323.254799884526,
            9167.88749372788,
            -47695.06730413958,
            -56635.558033699126,
            -52342.409138789,
            50952.327260741615,
            124197.81052987669,
            -14633.840990528452,
            167989.24490399903,
            -53212.49869500729,
            58897.4195012836,
            15244.873355775164,
            -70620.03682582958,
            141835.4292308795,
            -5197.490756582582,
            146440.44377178414,
            13851.892228534723,
            140642.17988244252,
            -29653.606274420177,
            -25347.53221263323,
            -8277.617728869642,
            -14774.169159373134,
            -53328.103603753254,
            9462.511182503813,
            83751.28097753048,
            19570.252187448954,
            15295.386574943966,
            -59235.00671541027,
            164271.64778711405,
            -13199.152696140602,
            -43172.986255742595,
            -53898.32378304436,
            17312.005032185825,
            -20660.848108648246,
            62930.5980941022,
            24703.899012447982,
            46801.0377844529,
            3819.488260417795,
            -28317.486599715117,
            117320.95817133959,
            -70661.30383115554,
            15910.902999357262,
            -13749.61922357519,
            -42489.005335145404,
            39056.87673842498,
            40358.55978085604,
            -84794.8093403169,
            -50084.67155395276,
            -24029.36328373678,
            3504.4621622668146,
            -80211.20104649274,
            -75346.4942703566,
            115170.72849699794,
            42436.025547974925,
            -21394.273508935446,
            35761.31676439835,
            -10924.463535255307,
            -36414.07799536498,
            -25572.71944090658,
            -34043.44806680551,
            -45598.863469279204,
            -8994.928972344336,
            -50569.41518590272,
            -8333.28449806539,
            50969.215737125596,
            -28304.321353079955,
            20038.367742198137,
            -89096.11490820732,
            13215.05496654458,
            44001.56525146611
        ],
        "rescaledInterceptCoef": -407947.2695326817
    }
}