{
    "metrics": {
        "evs": 0.6936369300360776,
        "mape": 0.26152556499093677,
        "mae": 45779.36338335147,
        "mse": 4145277806.9494977,
        "rmse": 64383.831875320204,
        "rmsle": 0.32531929691207506,
        "r2": 0.6936237860289505,
        "pearson": 0.8340377844556294,
        "customMetricsResults": []
    },
    "processed_feature_names": [
        "housing_median_age",
        "median_income",
        "family_size",
        "latitude",
        "households",
        "outliers",
        "total_bedrooms",
        "population",
        "total_rooms",
        "longitude",
        "dummy:city:Los Angeles",
        "dummy:city:San Diego",
        "dummy:city:San Francisco",
        "dummy:city:San Jose",
        "dummy:city:Oakland",
        "dummy:city:Long Beach",
        "dummy:city:Sacramento",
        "dummy:city:Fresno",
        "dummy:city:Stockton",
        "dummy:city:Anaheim",
        "dummy:city:San Bernardino",
        "dummy:city:Santa Ana",
        "dummy:city:Riverside",
        "dummy:city:Bakersfield",
        "dummy:city:Fullerton",
        "dummy:city:Modesto",
        "dummy:city:Glendale",
        "dummy:city:Torrance",
        "dummy:city:Garden Grove",
        "dummy:city:Berkeley",
        "dummy:city:Pasadena",
        "dummy:city:Concord",
        "dummy:city:Irvine",
        "dummy:city:Hayward",
        "dummy:city:Downey",
        "dummy:city:Sunnyvale",
        "dummy:city:Santa Rosa",
        "dummy:city:San Mateo",
        "dummy:city:Burbank",
        "dummy:city:Fremont",
        "dummy:city:Richmond",
        "dummy:city:Chula Vista",
        "dummy:city:Ontario",
        "dummy:city:Santa Monica",
        "dummy:city:Santa Barbara",
        "dummy:city:Compton",
        "dummy:city:Oceanside",
        "dummy:city:Thousand Oaks",
        "dummy:city:Pomona",
        "dummy:city:Costa Mesa",
        "dummy:city:San Leandro",
        "dummy:city:Ventura",
        "dummy:city:Norwalk",
        "dummy:city:Inglewood",
        "dummy:city:Simi Valley",
        "dummy:city:Visalia",
        "dummy:city:Orange",
        "dummy:city:Palo Alto",
        "dummy:city:Newport Beach",
        "dummy:city:Alameda",
        "dummy:city:Oxnard",
        "dummy:city:Vallejo",
        "dummy:city:South Gate",
        "dummy:city:Santa Clara",
        "dummy:city:Carson",
        "dummy:city:Redondo Beach",
        "dummy:city:Lakewood",
        "dummy:city:Mountain View",
        "dummy:city:Upland",
        "dummy:city:Whittier",
        "dummy:city:Clovis",
        "dummy:city:Hawthorne",
        "dummy:city:Redding",
        "dummy:city:Santa Cruz",
        "dummy:city:Pico Rivera",
        "dummy:city:Lancaster",
        "dummy:city:Alhambra",
        "dummy:city:Napa",
        "dummy:city:El Cajon",
        "dummy:city:Vacaville",
        "dummy:city:Gardena",
        "dummy:city:Santa Maria",
        "dummy:city:Westminster",
        "dummy:city:Monterey Park",
        "dummy:city:Redlands",
        "dummy:city:Mission Viejo",
        "dummy:city:Culver City",
        "dummy:city:Fontana",
        "dummy:city:Fairfield",
        "dummy:city:Antioch",
        "dummy:city:Vista",
        "dummy:city:Buena Park",
        "dummy:city:Lodi",
        "dummy:city:Rialto",
        "dummy:city:Bellflower",
        "dummy:city:National City",
        "dummy:city:Fountain Valley",
        "dummy:city:La Habra",
        "dummy:city:Walnut Creek",
        "dummy:city:Glendora",
        "dummy:city:Daly City",
        "dummy:city:Escondido",
        "dummy:city:Manhattan Beach",
        "dummy:city:Lawndale",
        "dummy:city:Lynwood",
        "dummy:city:Carlsbad",
        "dummy:city:Los Altos",
        "dummy:city:Redwood City",
        "dummy:city:Encinitas",
        "dummy:city:Salinas",
        "dummy:city:N/A",
        "dummy:ocean_proximity:<1H OCEAN",
        "dummy:ocean_proximity:INLAND",
        "dummy:ocean_proximity:NEAR OCEAN",
        "dummy:ocean_proximity:NEAR BAY",
        "dummy:ocean_proximity:N/A",
        "dummy:city_enName:Los Angeles",
        "dummy:city_enName:San Diego",
        "dummy:city_enName:San Francisco",
        "dummy:city_enName:San Jose",
        "dummy:city_enName:Oakland",
        "dummy:city_enName:Long Beach",
        "dummy:city_enName:Sacramento",
        "dummy:city_enName:Fresno",
        "dummy:city_enName:Stockton",
        "dummy:city_enName:Anaheim",
        "dummy:city_enName:San Bernardino",
        "dummy:city_enName:Santa Ana",
        "dummy:city_enName:Riverside",
        "dummy:city_enName:Bakersfield",
        "dummy:city_enName:Fullerton",
        "dummy:city_enName:Modesto",
        "dummy:city_enName:Glendale",
        "dummy:city_enName:Torrance",
        "dummy:city_enName:Garden Grove",
        "dummy:city_enName:Berkeley",
        "dummy:city_enName:Pasadena",
        "dummy:city_enName:Concord",
        "dummy:city_enName:Irvine",
        "dummy:city_enName:Hayward",
        "dummy:city_enName:Downey",
        "dummy:city_enName:Sunnyvale",
        "dummy:city_enName:Santa Rosa",
        "dummy:city_enName:San Mateo",
        "dummy:city_enName:Burbank",
        "dummy:city_enName:Fremont",
        "dummy:city_enName:Richmond",
        "dummy:city_enName:Chula Vista",
        "dummy:city_enName:Ontario",
        "dummy:city_enName:Santa Monica",
        "dummy:city_enName:Santa Barbara",
        "dummy:city_enName:Compton",
        "dummy:city_enName:Oceanside",
        "dummy:city_enName:Thousand Oaks",
        "dummy:city_enName:Pomona",
        "dummy:city_enName:Costa Mesa",
        "dummy:city_enName:San Leandro",
        "dummy:city_enName:Ventura",
        "dummy:city_enName:Norwalk",
        "dummy:city_enName:Inglewood",
        "dummy:city_enName:Simi Valley",
        "dummy:city_enName:Visalia",
        "dummy:city_enName:Orange",
        "dummy:city_enName:Palo Alto",
        "dummy:city_enName:Newport Beach",
        "dummy:city_enName:Alameda",
        "dummy:city_enName:Oxnard",
        "dummy:city_enName:Vallejo",
        "dummy:city_enName:South Gate",
        "dummy:city_enName:Santa Clara",
        "dummy:city_enName:Carson",
        "dummy:city_enName:Redondo Beach",
        "dummy:city_enName:Lakewood",
        "dummy:city_enName:Mountain View",
        "dummy:city_enName:Upland",
        "dummy:city_enName:Whittier",
        "dummy:city_enName:Clovis",
        "dummy:city_enName:Hawthorne",
        "dummy:city_enName:Redding",
        "dummy:city_enName:Santa Cruz",
        "dummy:city_enName:Pico Rivera",
        "dummy:city_enName:Lancaster",
        "dummy:city_enName:Alhambra",
        "dummy:city_enName:Napa",
        "dummy:city_enName:El Cajon",
        "dummy:city_enName:Vacaville",
        "dummy:city_enName:Gardena",
        "dummy:city_enName:Santa Maria",
        "dummy:city_enName:Westminster",
        "dummy:city_enName:Monterey Park",
        "dummy:city_enName:Redlands",
        "dummy:city_enName:Mission Viejo",
        "dummy:city_enName:Culver City",
        "dummy:city_enName:Fontana",
        "dummy:city_enName:Fairfield",
        "dummy:city_enName:Antioch",
        "dummy:city_enName:Vista",
        "dummy:city_enName:Buena Park",
        "dummy:city_enName:Lodi",
        "dummy:city_enName:Rialto",
        "dummy:city_enName:Bellflower",
        "dummy:city_enName:National City",
        "dummy:city_enName:Fountain Valley",
        "dummy:city_enName:La Habra",
        "dummy:city_enName:Walnut Creek",
        "dummy:city_enName:Glendora",
        "dummy:city_enName:Daly City",
        "dummy:city_enName:Escondido",
        "dummy:city_enName:Manhattan Beach",
        "dummy:city_enName:Lawndale",
        "dummy:city_enName:Lynwood",
        "dummy:city_enName:Carlsbad",
        "dummy:city_enName:Los Altos",
        "dummy:city_enName:Redwood City",
        "dummy:city_enName:Encinitas",
        "dummy:city_enName:Salinas",
        "dummy:city_enName:N/A",
        "dummy:location:POINT(-122.42 37.75)",
        "dummy:location:POINT(-118.26 34.02)",
        "dummy:location:POINT(-122.42 37.8)",
        "dummy:location:POINT(-118.29 34.09)",
        "dummy:location:POINT(-122.42 37.76)",
        "dummy:location:POINT(-118.26 34.07)",
        "dummy:location:POINT(-118.28 33.99)",
        "dummy:location:POINT(-118.47 33.99)",
        "dummy:location:POINT(-122.41 37.8)",
        "dummy:location:POINT(-122.46 37.78)",
        "dummy:location:POINT(-118.19 34.05)",
        "dummy:location:POINT(-122.44 37.78)",
        "dummy:location:POINT(-118.31 34.05)",
        "dummy:location:POINT(-118.36 34.09)",
        "dummy:location:POINT(-118.19 33.78)",
        "dummy:location:POINT(-122.49 37.76)",
        "dummy:location:POINT(-122.47 37.78)",
        "dummy:location:POINT(-118.27 34.07)",
        "dummy:location:POINT(-122.47 37.76)",
        "dummy:location:POINT(-118.28 33.93)",
        "dummy:location:POINT(-122.41 37.75)",
        "dummy:location:POINT(-118.35 34.04)",
        "dummy:location:POINT(-118.36 34.03)",
        "dummy:location:POINT(-118.32 34.09)",
        "dummy:location:POINT(-122.28 37.81)",
        "dummy:location:POINT(-118.37 34.16)",
        "dummy:location:POINT(-118.32 33.98)",
        "dummy:location:POINT(-117.14 32.75)",
        "dummy:location:POINT(-118.31 34.02)",
        "dummy:location:POINT(-122.42 37.74)",
        "dummy:location:POINT(-122.41 37.79)",
        "dummy:location:POINT(-122.43 37.73)",
        "dummy:location:POINT(-122.24 37.8)",
        "dummy:location:POINT(-118.2 34.05)",
        "dummy:location:POINT(-122.27 37.85)",
        "dummy:location:POINT(-118.19 34.12)",
        "dummy:location:POINT(-122.26 37.77)",
        "dummy:location:POINT(-122.44 37.79)",
        "dummy:location:POINT(-122.21 37.78)",
        "dummy:location:POINT(-122.44 37.8)",
        "dummy:location:POINT(-118.29 34.04)",
        "dummy:location:POINT(-122.24 37.81)",
        "dummy:location:POINT(-118.24 34.14)",
        "dummy:location:POINT(-118.23 33.91)",
        "dummy:location:POINT(-118.37 34.09)",
        "dummy:location:POINT(-122.42 37.78)",
        "dummy:location:POINT(-118.37 34.07)",
        "dummy:location:POINT(-118.39 33.88)",
        "dummy:location:POINT(-122.43 37.79)",
        "dummy:location:POINT(-117.13 32.75)",
        "dummy:location:POINT(-122.24 37.79)",
        "dummy:location:POINT(-122.29 37.81)",
        "dummy:location:POINT(-118.14 33.86)",
        "dummy:location:POINT(-118.3 34.02)",
        "dummy:location:POINT(-118.22 33.9)",
        "dummy:location:POINT(-118.3 34.06)",
        "dummy:location:POINT(-122.47 37.75)",
        "dummy:location:POINT(-118.22 33.98)",
        "dummy:location:POINT(-117.13 32.7)",
        "dummy:location:POINT(-118.4 33.87)",
        "dummy:location:POINT(-122.23 37.79)",
        "dummy:location:POINT(-118.21 34.04)",
        "dummy:location:POINT(-118.2 33.77)",
        "dummy:location:POINT(-122.43 37.78)",
        "dummy:location:POINT(-118.26 34.08)",
        "dummy:location:POINT(-122.43 37.77)",
        "dummy:location:POINT(-118.27 34.06)",
        "dummy:location:POINT(-122.43 37.75)",
        "dummy:location:POINT(-118.27 34.16)",
        "dummy:location:POINT(-122.08 37.63)",
        "dummy:location:POINT(-122.45 37.77)",
        "dummy:location:POINT(-118.28 33.96)",
        "dummy:location:POINT(-122.21 37.8)",
        "dummy:location:POINT(-118.16 33.78)",
        "dummy:location:POINT(-118.28 34.01)",
        "dummy:location:POINT(-118.41 34)",
        "dummy:location:POINT(-118.41 34.02)",
        "dummy:location:POINT(-122.28 37.85)",
        "dummy:location:POINT(-118.25 34.02)",
        "dummy:location:POINT(-118.17 33.77)",
        "dummy:location:POINT(-118.16 34.02)",
        "dummy:location:POINT(-118.29 33.98)",
        "dummy:location:POINT(-118.27 33.94)",
        "dummy:location:POINT(-117.16 32.74)",
        "dummy:location:POINT(-122.44 37.75)",
        "dummy:location:POINT(-122.49 37.75)",
        "dummy:location:POINT(-118.31 34.09)",
        "dummy:location:POINT(-117.93 33.85)",
        "dummy:location:POINT(-118.32 34.04)",
        "dummy:location:POINT(-117.97 34.05)",
        "dummy:location:POINT(-121.88 37.44)",
        "dummy:location:POINT(-118.06 33.98)",
        "dummy:location:POINT(-118.35 33.9)",
        "dummy:location:POINT(-118.32 33.91)",
        "dummy:location:POINT(-118.11 33.84)",
        "dummy:location:POINT(-117.91 33.84)",
        "dummy:location:POINT(-118.36 33.9)",
        "dummy:location:POINT(-117.24 32.8)",
        "dummy:location:POINT(-118.31 33.94)",
        "dummy:location:POINT(-118.35 33.97)",
        "dummy:location:POINT(-122.49 37.78)",
        "dummy:location:N/A"
    ],
    "regression_performance": {
        "error_distribution": [
            {
                "bin_id": 0,
                "bin_min": -110847.89895374785,
                "bin_max": -81326.08605280495,
                "count": 190
            },
            {
                "bin_id": 1,
                "bin_min": -81326.08605280495,
                "bin_max": -52096.56832909911,
                "count": 326
            },
            {
                "bin_id": 2,
                "bin_min": -52096.56832909911,
                "bin_max": -22867.050605393262,
                "count": 720
            },
            {
                "bin_id": 3,
                "bin_min": -22867.050605393262,
                "bin_max": 6362.467118312576,
                "count": 837
            },
            {
                "bin_id": 4,
                "bin_min": 6362.467118312576,
                "bin_max": 35591.98484201841,
                "count": 586
            },
            {
                "bin_id": 5,
                "bin_min": 35591.98484201841,
                "bin_max": 64821.502565724266,
                "count": 261
            },
            {
                "bin_id": 6,
                "bin_min": 64821.502565724266,
                "bin_max": 94051.02028943009,
                "count": 152
            },
            {
                "bin_id": 7,
                "bin_min": 94051.02028943009,
                "bin_max": 123280.53801313594,
                "count": 100
            },
            {
                "bin_id": 8,
                "bin_min": 123280.53801313594,
                "bin_max": 152510.05573684175,
                "count": 50
            },
            {
                "bin_id": 9,
                "bin_min": 152510.05573684175,
                "bin_max": 181739.5734605476,
                "count": 115
            }
        ],
        "raw_min_error": -273135.6516178588,
        "min_error": -110555.60377651079,
        "p25_error": -36998.87270213707,
        "median_error": -9128.501283317222,
        "average_error": -35.224646583661325,
        "std_error": 59694.21706961928,
        "p75_error": 24517.62972147268,
        "p90_error": 78625.10076593395,
        "max_error": 181739.5734605476,
        "raw_max_error": 409956.10899521445
    },
    "scatterPlotData": {
        "x": [
            48500.0,
            122000.0,
            300000.0,
            142200.0,
            108300.0,
            239400.0,
            43700.0,
            169200.0,
            52100.0,
            119500.0,
            161700.0,
            227500.0,
            88300.0,
            433800.0,
            211900.0,
            54200.0,
            166900.0,
            168800.0,
            251800.0,
            461200.0,
            87500.0,
            209500.0,
            237700.0,
            500001.0,
            173900.0,
            138100.0,
            151400.0,
            379800.0,
            137500.0,
            174100.0,
            148500.0,
            88300.0,
            177500.0,
            86100.0,
            83600.0,
            99400.0,
            76100.0,
            217900.0,
            234600.0,
            220800.0,
            222900.0,
            63400.0,
            52100.0,
            368400.0,
            71900.0,
            126600.0,
            77100.0,
            144100.0,
            110800.0,
            469900.0,
            289100.0,
            101600.0,
            91900.0,
            86200.0,
            257600.0,
            205900.0,
            369100.0,
            131500.0,
            233300.0,
            435100.0,
            243800.0,
            141700.0,
            185600.0,
            500001.0,
            282100.0,
            180000.0,
            77800.0,
            371600.0,
            73000.0,
            94900.0,
            290900.0,
            373400.0,
            110900.0,
            120600.0,
            101100.0,
            296300.0,
            143300.0,
            180700.0,
            258800.0,
            91100.0,
            500001.0,
            205100.0,
            109700.0,
            273000.0,
            100000.0,
            187500.0,
            158000.0,
            287600.0,
            121500.0,
            192200.0,
            236800.0,
            361600.0,
            147200.0,
            131800.0,
            149600.0,
            170500.0,
            130800.0,
            74100.0,
            103100.0,
            90000.0,
            247600.0,
            339200.0,
            247700.0,
            48300.0,
            273400.0,
            500001.0,
            109400.0,
            169000.0,
            206300.0,
            387700.0,
            238800.0,
            70500.0,
            340000.0,
            145200.0,
            344800.0,
            70000.0,
            95000.0,
            137500.0,
            223200.0,
            425000.0,
            91100.0,
            157500.0,
            172500.0,
            416700.0,
            98800.0,
            96700.0,
            150800.0,
            105400.0,
            156800.0,
            209400.0,
            90600.0,
            136300.0,
            164500.0,
            130900.0,
            177400.0,
            146900.0,
            90800.0,
            295200.0,
            50400.0,
            87500.0,
            123800.0,
            161300.0,
            63300.0,
            72000.0,
            109900.0,
            325000.0,
            500001.0,
            113900.0,
            188300.0,
            155300.0,
            213100.0,
            179800.0,
            99500.0,
            371500.0,
            85500.0,
            94200.0,
            271500.0,
            113200.0,
            500001.0,
            450700.0,
            275000.0,
            344700.0,
            411900.0,
            67500.0,
            73200.0,
            79200.0,
            210900.0,
            500001.0,
            161000.0,
            70000.0,
            102700.0,
            356100.0,
            110700.0,
            157200.0,
            92300.0,
            306700.0,
            153000.0,
            201400.0,
            198100.0,
            387200.0,
            83300.0,
            150000.0,
            134700.0,
            281300.0,
            336700.0,
            165000.0,
            128300.0,
            131300.0,
            279500.0,
            89900.0,
            200000.0,
            139700.0,
            106900.0,
            196300.0,
            240900.0,
            141600.0,
            213900.0,
            229500.0,
            213400.0,
            122700.0,
            500001.0,
            81900.0,
            50800.0,
            163100.0,
            57900.0,
            478600.0,
            372200.0,
            224600.0,
            85700.0,
            89400.0,
            78800.0,
            143800.0,
            228200.0,
            104200.0,
            246900.0,
            374300.0,
            127500.0,
            208300.0,
            229100.0,
            212200.0,
            230800.0,
            283100.0,
            500001.0,
            99100.0,
            321100.0,
            191700.0,
            500000.0,
            97800.0,
            153300.0,
            200000.0,
            81100.0,
            59400.0,
            129700.0,
            156400.0,
            272000.0,
            306700.0,
            500001.0,
            72000.0,
            52900.0,
            64500.0,
            180500.0,
            127900.0,
            284800.0,
            190500.0,
            389800.0,
            212800.0,
            134400.0,
            152800.0,
            166300.0,
            354500.0,
            500001.0,
            172700.0,
            209200.0,
            100000.0,
            137600.0,
            183300.0,
            157200.0,
            136800.0,
            145200.0,
            92600.0,
            94300.0,
            92800.0,
            288500.0,
            58800.0,
            170700.0,
            224200.0,
            271300.0,
            112400.0,
            99300.0,
            162500.0,
            109700.0,
            93800.0,
            500001.0,
            191300.0,
            500001.0,
            71000.0,
            87200.0,
            57800.0,
            351300.0,
            138800.0,
            146500.0,
            136800.0,
            169100.0,
            261400.0,
            325000.0,
            415600.0,
            154200.0,
            62500.0,
            123800.0,
            210000.0,
            108900.0,
            218600.0,
            291100.0,
            152500.0,
            148400.0,
            142900.0,
            154000.0,
            164400.0,
            111600.0,
            269500.0,
            365700.0,
            158200.0,
            240800.0,
            54200.0,
            59100.0,
            121500.0,
            261300.0,
            220000.0,
            147200.0,
            165000.0,
            405100.0,
            225000.0,
            206300.0,
            179800.0,
            191100.0,
            134600.0,
            135000.0,
            208100.0,
            245100.0,
            336900.0,
            137500.0,
            210700.0,
            225800.0,
            226400.0,
            223100.0,
            500001.0,
            93800.0,
            165500.0,
            158600.0,
            119700.0,
            350000.0,
            54900.0,
            282000.0,
            229200.0,
            266900.0,
            74900.0,
            167500.0,
            214600.0,
            173200.0,
            142900.0,
            500001.0,
            371000.0,
            77300.0,
            196100.0,
            247600.0,
            251200.0,
            240000.0,
            500001.0,
            45800.0,
            150000.0,
            48800.0,
            285400.0,
            248900.0,
            143800.0,
            80600.0,
            98000.0,
            231700.0,
            345300.0,
            87500.0,
            76200.0,
            196700.0,
            157300.0,
            434500.0,
            158600.0,
            140600.0,
            200900.0,
            74000.0,
            156700.0,
            75400.0,
            352100.0,
            207500.0,
            223500.0,
            128800.0,
            276800.0,
            91700.0,
            142600.0,
            231600.0,
            55000.0,
            186100.0,
            254500.0,
            72200.0,
            269800.0,
            146900.0,
            141100.0,
            224100.0,
            220000.0,
            164100.0,
            323000.0,
            359900.0,
            119400.0,
            94500.0,
            156900.0,
            55000.0,
            208000.0,
            112500.0,
            221200.0,
            239600.0,
            84100.0,
            500001.0,
            133100.0,
            125000.0,
            399700.0,
            161100.0,
            127600.0,
            171400.0,
            341700.0,
            47800.0,
            140300.0,
            71900.0,
            295900.0,
            70700.0,
            233200.0,
            207700.0,
            315200.0,
            145800.0,
            396400.0,
            128900.0,
            216800.0,
            195700.0,
            113700.0,
            188500.0,
            363300.0,
            68000.0,
            169500.0,
            136600.0,
            293200.0,
            411800.0,
            264700.0,
            386200.0,
            113300.0,
            105000.0,
            45500.0,
            500001.0,
            137500.0,
            370200.0,
            111100.0,
            353900.0,
            126700.0,
            60000.0,
            99100.0,
            350000.0,
            338400.0,
            139300.0,
            500001.0,
            44000.0,
            410300.0,
            223900.0,
            230000.0,
            382400.0,
            284900.0,
            262500.0,
            180700.0,
            230000.0,
            219000.0,
            92200.0,
            111500.0,
            162400.0,
            223400.0,
            434800.0,
            353600.0,
            125000.0,
            142600.0,
            115200.0,
            92700.0,
            233000.0,
            110900.0,
            184600.0,
            108900.0,
            150800.0,
            133900.0,
            170300.0,
            230600.0,
            182100.0,
            251100.0,
            110400.0,
            500001.0,
            188200.0,
            75200.0,
            174000.0,
            369100.0,
            270000.0,
            481300.0,
            151900.0,
            47700.0,
            237200.0,
            208000.0,
            179400.0,
            275000.0,
            79200.0,
            95700.0,
            254100.0,
            400000.0,
            177000.0,
            156800.0,
            106300.0,
            200000.0,
            153400.0,
            87500.0,
            116700.0,
            175000.0,
            331000.0,
            220000.0,
            275000.0,
            72900.0,
            242600.0,
            109400.0,
            85300.0,
            162500.0,
            146600.0,
            102100.0,
            265400.0,
            304000.0,
            204800.0,
            240500.0,
            192400.0,
            114200.0,
            164600.0,
            208300.0,
            142300.0,
            112500.0,
            134000.0,
            175000.0,
            170200.0,
            136600.0,
            91400.0,
            139700.0,
            371100.0,
            198400.0,
            500001.0,
            232400.0,
            126800.0,
            150000.0,
            223300.0,
            55100.0,
            84700.0,
            206300.0,
            500001.0,
            387100.0,
            290500.0,
            246400.0,
            254200.0,
            222800.0,
            209900.0,
            143300.0,
            150500.0,
            176400.0,
            215400.0,
            143200.0,
            85000.0,
            61000.0,
            65000.0,
            196400.0,
            145000.0,
            75000.0,
            97700.0,
            177100.0,
            96700.0,
            95800.0,
            158900.0,
            500001.0,
            181100.0,
            83700.0,
            87500.0,
            188800.0,
            236200.0,
            290900.0,
            222800.0,
            175900.0,
            155200.0,
            305300.0,
            55000.0,
            184800.0,
            264700.0,
            49300.0,
            312500.0,
            73100.0,
            384200.0,
            90900.0,
            500001.0,
            156700.0,
            69000.0,
            65900.0,
            113600.0,
            500001.0,
            131300.0,
            136300.0,
            500001.0,
            330900.0,
            306800.0,
            500001.0,
            265000.0,
            199800.0,
            340800.0,
            171600.0,
            211300.0,
            141300.0,
            162100.0,
            276100.0,
            235100.0,
            239900.0,
            356500.0,
            141500.0,
            58900.0,
            500001.0,
            359000.0,
            238700.0,
            162500.0,
            239900.0,
            178800.0,
            97800.0,
            216700.0,
            94700.0,
            182100.0,
            500001.0,
            329500.0,
            72700.0,
            367400.0,
            264800.0,
            173100.0,
            106300.0,
            109800.0,
            329500.0,
            277200.0,
            153900.0,
            198600.0,
            198400.0,
            159500.0,
            142400.0,
            336800.0,
            93000.0,
            196300.0,
            280400.0,
            219000.0,
            228700.0,
            185100.0,
            366200.0,
            153200.0,
            385700.0,
            128700.0,
            475000.0,
            270600.0,
            120700.0,
            160300.0,
            232000.0,
            94000.0,
            356300.0,
            298400.0,
            109400.0,
            251300.0,
            223600.0,
            335300.0,
            95800.0,
            104600.0,
            475000.0,
            500001.0,
            187200.0,
            199000.0,
            500001.0,
            39600.0,
            224200.0,
            113400.0,
            237600.0,
            84700.0,
            149500.0,
            57900.0,
            199600.0,
            235300.0,
            387800.0,
            223900.0,
            500001.0,
            439300.0,
            345000.0,
            151900.0,
            92400.0,
            500001.0,
            350400.0,
            330000.0,
            41400.0,
            353100.0,
            53300.0,
            190600.0,
            51600.0,
            126000.0,
            284100.0,
            55000.0,
            88100.0,
            192000.0,
            229300.0,
            335400.0,
            280800.0,
            245600.0,
            432100.0,
            192100.0,
            276000.0,
            281900.0,
            396400.0,
            96000.0,
            103100.0,
            203400.0,
            275000.0,
            135700.0,
            186600.0,
            428600.0,
            118800.0,
            465800.0,
            359300.0,
            120400.0,
            55000.0,
            73000.0,
            263300.0,
            194100.0,
            62000.0,
            184800.0,
            204500.0,
            163100.0,
            266700.0,
            76200.0,
            313400.0,
            230000.0,
            357400.0,
            260900.0,
            93100.0,
            486400.0,
            287200.0,
            225400.0,
            287700.0,
            374500.0,
            337200.0,
            51700.0,
            254400.0,
            261300.0,
            290500.0,
            227900.0,
            142300.0,
            58800.0,
            161700.0,
            125000.0,
            500001.0,
            193800.0,
            162500.0,
            154700.0,
            146500.0,
            203700.0,
            200000.0,
            107900.0,
            189800.0,
            97900.0,
            162500.0,
            72500.0,
            52400.0,
            208100.0,
            102200.0,
            162700.0,
            350000.0,
            230900.0,
            218200.0,
            141700.0,
            400000.0,
            112500.0,
            141600.0,
            129100.0,
            67500.0,
            63200.0,
            481500.0,
            218800.0,
            156000.0,
            372400.0,
            187500.0,
            92800.0,
            165100.0,
            164800.0,
            256300.0,
            254900.0,
            500001.0,
            210000.0,
            185400.0,
            439800.0,
            460000.0,
            267900.0,
            293100.0,
            222400.0,
            135600.0,
            83900.0,
            140100.0,
            368500.0,
            301300.0,
            159800.0,
            105700.0,
            105800.0,
            147200.0,
            158300.0,
            272200.0,
            125600.0,
            79900.0,
            225400.0,
            117500.0,
            118500.0,
            207000.0,
            204600.0,
            94900.0,
            274000.0,
            247100.0,
            84500.0,
            95000.0,
            155500.0,
            100000.0,
            50000.0,
            116700.0,
            90100.0,
            330000.0,
            83200.0,
            166300.0,
            161300.0,
            178500.0,
            239300.0,
            90200.0,
            391900.0,
            366100.0,
            257900.0,
            147100.0,
            166700.0,
            219400.0,
            158300.0,
            245600.0,
            389200.0,
            119900.0,
            376100.0,
            112500.0,
            460200.0,
            154600.0,
            109400.0,
            133500.0,
            176800.0,
            450000.0,
            168600.0,
            189600.0,
            152200.0,
            299400.0,
            130500.0,
            162500.0,
            231100.0,
            66500.0,
            316400.0,
            228700.0,
            500001.0,
            134400.0,
            67500.0,
            89600.0,
            155000.0,
            38800.0,
            187500.0,
            184200.0,
            52100.0,
            360900.0,
            45000.0,
            59400.0,
            118800.0,
            206700.0,
            418400.0,
            112100.0,
            500001.0,
            114300.0,
            65900.0,
            296800.0,
            123800.0,
            321600.0,
            137500.0,
            236100.0,
            174600.0,
            111700.0,
            175500.0,
            63700.0,
            500001.0,
            171300.0,
            181900.0,
            241900.0,
            191900.0,
            166300.0,
            142100.0,
            321400.0,
            118800.0,
            348200.0,
            225000.0,
            160600.0,
            96100.0,
            95600.0,
            140200.0,
            123100.0,
            154400.0,
            246300.0,
            92400.0,
            150800.0,
            174000.0,
            97300.0,
            100000.0,
            65900.0,
            414700.0,
            311400.0,
            153700.0,
            381900.0,
            222400.0,
            207300.0,
            177400.0,
            190800.0,
            159400.0,
            325900.0,
            180700.0,
            349500.0,
            306500.0,
            121900.0,
            81800.0,
            234800.0,
            205300.0,
            325400.0,
            341800.0,
            250000.0,
            100000.0,
            247800.0,
            267500.0,
            212600.0,
            148600.0,
            66400.0,
            353700.0,
            400000.0,
            234700.0,
            160000.0,
            254600.0,
            211900.0,
            264400.0,
            92400.0,
            284900.0,
            160700.0,
            114400.0,
            250000.0,
            333300.0,
            193200.0,
            133000.0,
            192700.0,
            500001.0,
            182100.0,
            436100.0,
            137500.0,
            275000.0,
            57500.0,
            272600.0,
            500001.0,
            162100.0,
            226100.0,
            365500.0,
            176500.0,
            366700.0,
            322000.0,
            169400.0,
            137500.0,
            113100.0,
            255900.0,
            75500.0,
            318600.0,
            231300.0,
            364300.0,
            179100.0,
            400000.0,
            88400.0,
            456900.0,
            339600.0,
            219100.0,
            326100.0,
            243800.0,
            155700.0,
            94600.0,
            80000.0,
            174500.0,
            171800.0,
            281000.0,
            288900.0,
            119600.0,
            350000.0,
            333300.0,
            61500.0,
            108300.0,
            258300.0,
            271500.0,
            281300.0,
            265800.0,
            86500.0,
            92500.0,
            500001.0,
            285300.0,
            200000.0,
            184700.0,
            414000.0,
            348100.0,
            171000.0,
            110200.0,
            47700.0,
            167700.0,
            178900.0,
            262500.0,
            215600.0,
            181400.0
        ],
        "y": [
            12906.5793,
            143856.6195,
            184210.2358,
            165564.9422,
            183771.21,
            310738.3725,
            73518.1741,
            186510.585,
            77551.6473,
            137997.0871,
            197033.4696,
            248961.5102,
            162516.4997,
            396979.5197,
            241196.7569,
            79200.4715,
            181470.665,
            356361.2598,
            296101.7521,
            406784.5605,
            78604.4491,
            296748.1127,
            296559.9769,
            344171.3227,
            233745.1874,
            159989.2045,
            141360.0899,
            345713.2978,
            124851.9919,
            200726.7489,
            120450.2636,
            168880.4356,
            163423.1585,
            109820.1447,
            122678.6859,
            180264.7257,
            189789.1128,
            248432.396,
            146587.6969,
            189398.1951,
            287575.8921,
            95451.8298,
            42942.8311,
            302920.4296,
            133649.4984,
            97342.4652,
            111792.5776,
            226583.7061,
            102767.2479,
            368338.4953,
            260549.9787,
            143800.9677,
            105936.8555,
            89566.5104,
            224904.7059,
            197656.9726,
            321264.5307,
            148038.7759,
            280277.908,
            278838.4949,
            208362.8157,
            150103.898,
            237510.7342,
            362739.6212,
            264232.637,
            176864.0841,
            81388.1072,
            267404.9744,
            90802.7423,
            101791.2637,
            313699.5945,
            379633.2762,
            175677.5603,
            127898.8394,
            191189.0103,
            325199.5149,
            234122.6586,
            150542.585,
            270714.0398,
            112744.9049,
            325441.7184,
            267312.5016,
            133099.6065,
            230799.9849,
            67112.3793,
            280103.536,
            232919.7938,
            277962.0978,
            152215.9272,
            322075.573,
            184459.649,
            329226.546,
            132949.9787,
            183648.3977,
            120320.5263,
            231998.1306,
            114202.4224,
            172153.4183,
            70579.1721,
            117080.8113,
            271960.9844,
            282988.0258,
            239935.274,
            79972.1159,
            199372.3559,
            352641.9836,
            191197.4481,
            146604.6789,
            174855.5324,
            304337.4273,
            312659.03,
            170859.3748,
            371023.1256,
            144962.2147,
            270166.0995,
            90060.7333,
            170215.0841,
            126367.2747,
            228471.6936,
            237262.1233,
            160580.8731,
            149763.4277,
            186560.1522,
            407763.9506,
            72322.3872,
            103245.9251,
            153007.6649,
            96897.9134,
            147804.6683,
            221162.2089,
            108875.2462,
            193715.4205,
            152305.3865,
            138026.0482,
            241661.4767,
            134135.4177,
            176075.6037,
            168231.8818,
            25391.41,
            98134.0582,
            165578.246,
            218704.0499,
            86736.9019,
            126708.8406,
            134203.3773,
            232479.8877,
            287503.8024,
            136103.7914,
            252932.069,
            174499.8085,
            220823.6679,
            94250.3947,
            118730.5007,
            374850.3106,
            101329.2038,
            178329.1916,
            265071.0987,
            134842.6591,
            337837.6567,
            398632.3305,
            180034.9358,
            362529.5078,
            352706.5261,
            102851.4786,
            86667.6027,
            94580.906,
            161983.653,
            454583.8974,
            138906.1623,
            118675.5875,
            228459.2508,
            260435.0217,
            150761.9847,
            169644.7454,
            75792.5187,
            241640.5895,
            175047.4561,
            206416.1797,
            162995.8855,
            198791.2987,
            97136.2609,
            234942.1347,
            158410.5597,
            304727.4659,
            190103.5376,
            215346.0713,
            107816.4516,
            114928.9806,
            260969.2181,
            104866.8452,
            212637.2383,
            227924.2527,
            114361.0208,
            161627.5314,
            317809.8348,
            135821.3323,
            271422.4687,
            269448.2731,
            238696.0142,
            167995.8867,
            337029.9197,
            107298.4607,
            37944.5209,
            176848.9122,
            23291.1651,
            220557.2137,
            346397.5013,
            250332.2889,
            99952.0432,
            86964.211,
            100172.9021,
            178065.8285,
            306266.3039,
            137666.4352,
            293915.1732,
            275740.4638,
            201969.5822,
            230507.5164,
            225732.3971,
            173366.2375,
            264262.1325,
            247833.1052,
            312159.3932,
            114723.6764,
            245234.208,
            188225.6048,
            396833.2333,
            102738.4156,
            154904.088,
            226777.7041,
            193175.1166,
            93544.3652,
            144710.0223,
            155366.481,
            185707.3866,
            332621.3307,
            493561.224,
            148687.4976,
            87601.0005,
            62967.3832,
            177331.524,
            119155.9153,
            331741.2191,
            209350.8808,
            335095.809,
            231194.4619,
            160021.858,
            98496.9348,
            213136.2546,
            334225.4848,
            436959.6269,
            198104.076,
            193300.3093,
            133655.0969,
            140572.1352,
            192735.347,
            164259.531,
            236771.8334,
            200369.0,
            95307.7251,
            82337.8286,
            57636.7129,
            293607.3847,
            77383.8406,
            130682.3201,
            229752.7763,
            262582.5744,
            127118.3577,
            140462.7395,
            122764.0733,
            142806.452,
            115753.9228,
            346405.6557,
            244069.8628,
            588946.8343,
            106544.1949,
            123731.1975,
            12443.3755,
            333902.0352,
            206815.4222,
            165199.7552,
            162278.747,
            176325.8072,
            278080.5553,
            231887.4659,
            414023.4774,
            236801.9654,
            63617.4866,
            110290.7781,
            221509.4216,
            127434.3353,
            293497.8694,
            291587.2644,
            191728.0772,
            218868.8256,
            151783.7936,
            164273.2091,
            182051.5283,
            140926.4421,
            271687.7311,
            400817.9095,
            213357.8258,
            229641.9816,
            102698.9555,
            93230.6744,
            130902.9634,
            313141.0787,
            256454.4787,
            213680.5734,
            153127.3917,
            234072.4335,
            340081.8114,
            238440.2151,
            198345.57,
            234468.2295,
            196448.6954,
            153230.5723,
            178845.8365,
            186902.6437,
            276406.4547,
            115420.0314,
            264085.8785,
            234249.301,
            246191.5964,
            159807.7439,
            442356.0285,
            138469.8276,
            182852.0672,
            256798.2602,
            209975.6874,
            137086.8061,
            138940.5217,
            267079.2272,
            173846.0758,
            281101.6721,
            85958.9162,
            163803.3399,
            200229.1456,
            183654.6515,
            160258.2553,
            389826.1811,
            286972.9449,
            92547.9466,
            124934.4932,
            274506.2638,
            267425.9967,
            279030.2167,
            262889.2922,
            125005.6941,
            139559.9902,
            56744.4991,
            224238.4032,
            181027.5567,
            118664.4446,
            105751.9196,
            197005.1361,
            182242.4745,
            235110.1943,
            161163.5997,
            92360.0483,
            217001.2438,
            134111.5864,
            244163.9364,
            149704.3348,
            163528.9298,
            210354.0394,
            162605.8538,
            210103.7461,
            98215.8222,
            298717.3412,
            261864.6466,
            262823.4801,
            150392.7349,
            317238.4103,
            120435.4186,
            254968.7026,
            323063.512,
            70334.9803,
            254939.8539,
            251617.3743,
            101463.9446,
            209503.7747,
            149282.9289,
            216911.962,
            228743.1978,
            216917.7032,
            144950.2057,
            254765.1381,
            273203.2429,
            137063.6465,
            155076.3536,
            147837.8724,
            32850.0336,
            198118.7354,
            313422.6194,
            151108.5912,
            231111.7765,
            81082.2259,
            228797.1183,
            107608.5274,
            105826.9293,
            393911.4968,
            191074.3435,
            133970.3075,
            180622.3145,
            246076.3247,
            72472.2516,
            253149.7504,
            90065.3732,
            228953.0472,
            110258.4434,
            257029.7401,
            142818.9233,
            352235.4104,
            167523.8691,
            245286.4289,
            109552.7449,
            230393.2368,
            276407.072,
            117684.1029,
            203649.5465,
            165487.8407,
            59450.1147,
            243645.5248,
            128795.2298,
            309019.6407,
            379466.1192,
            199259.2499,
            303007.175,
            77162.4628,
            120833.3568,
            30475.1705,
            347034.2087,
            142710.1606,
            344619.513,
            145724.6778,
            267564.9743,
            123809.6875,
            164831.139,
            106843.8289,
            232122.6252,
            320757.2727,
            228498.32,
            90044.891,
            60534.8248,
            466187.5129,
            236237.2182,
            222290.4333,
            391012.6491,
            306416.5598,
            228058.6151,
            222675.2136,
            226697.5738,
            245999.74,
            108329.1191,
            133108.0473,
            205043.7867,
            261649.1376,
            239162.4926,
            261594.4202,
            180154.2144,
            184289.1095,
            86150.0223,
            127900.1277,
            250066.1967,
            142961.2386,
            214069.8074,
            206830.3671,
            160264.515,
            209866.9463,
            210496.4878,
            209063.8558,
            166378.3267,
            217577.2683,
            153730.1194,
            425554.9926,
            179822.8097,
            74610.5283,
            211261.8469,
            367512.714,
            202696.1349,
            314640.6551,
            129529.0923,
            31642.4365,
            222091.6012,
            198057.1618,
            171163.2678,
            220122.7563,
            66852.3019,
            89011.0578,
            241632.2887,
            336145.2887,
            173502.0751,
            238170.1429,
            132037.444,
            149354.6799,
            192745.3808,
            118109.9506,
            82637.5453,
            198907.2076,
            343237.7269,
            220875.8459,
            333603.3931,
            78051.9991,
            170729.8934,
            98202.348,
            121713.9535,
            126113.1707,
            236177.8953,
            90029.8335,
            286365.8409,
            252627.1988,
            190435.2347,
            213179.089,
            218895.8727,
            170178.8142,
            191378.2001,
            225702.769,
            186664.7792,
            112958.6361,
            145958.0491,
            115095.4759,
            211603.3833,
            218441.6679,
            133867.4381,
            143189.2579,
            380713.5763,
            233148.1511,
            170647.2638,
            266378.8398,
            101248.7893,
            150660.4808,
            227212.6345,
            82624.1222,
            99612.8551,
            235039.6867,
            300569.8149,
            286182.3368,
            203453.6754,
            269440.0303,
            231228.1146,
            256331.3785,
            200507.799,
            155599.7696,
            179233.1925,
            253665.6701,
            204492.0712,
            97911.5568,
            113046.4003,
            89657.6694,
            100192.9389,
            196329.4144,
            167027.3707,
            172452.3334,
            148893.3151,
            132250.0032,
            117848.6584,
            183309.7827,
            178703.547,
            548193.1836,
            229916.2364,
            80472.0223,
            174632.3645,
            160755.6947,
            187893.4632,
            302147.8663,
            159939.4875,
            176631.5053,
            203535.8811,
            282590.5756,
            59915.0118,
            221905.1041,
            288303.766,
            23984.2142,
            240306.4857,
            75947.0628,
            382898.8769,
            173588.8871,
            248447.8864,
            106368.0375,
            100338.4623,
            81402.9946,
            118559.5532,
            574115.0613,
            218775.901,
            155163.216,
            321816.19,
            282758.8275,
            283359.7478,
            246331.7341,
            246849.5116,
            203002.4121,
            256038.706,
            158533.1098,
            222720.3651,
            196523.2428,
            207307.295,
            317588.2292,
            214493.5593,
            276874.1798,
            241053.6791,
            201298.8157,
            92607.0897,
            427446.1128,
            264859.947,
            252395.3628,
            195961.9723,
            275780.1787,
            174048.7519,
            104129.3588,
            219572.1824,
            150305.0591,
            163409.2865,
            465348.4775,
            313694.6957,
            88789.8184,
            294238.3505,
            304232.924,
            267985.7989,
            128763.6108,
            107649.7388,
            326712.9661,
            290386.169,
            227127.2968,
            140941.0755,
            231426.308,
            156202.6553,
            122499.004,
            162257.0548,
            200397.8666,
            164270.7702,
            295145.1404,
            192030.7997,
            221982.3223,
            170462.6501,
            376014.1983,
            148908.1437,
            229596.8153,
            149486.0099,
            365076.2403,
            339508.4725,
            170666.1765,
            178121.1098,
            266580.4257,
            143297.4328,
            362211.5571,
            221972.8998,
            123641.0236,
            253789.4732,
            251639.9709,
            287481.3238,
            152860.5095,
            126318.3581,
            310664.3518,
            525191.7792,
            205278.4414,
            193662.2381,
            435943.0721,
            15247.6557,
            225684.0703,
            131708.1882,
            259689.1739,
            82013.387,
            128787.1529,
            85204.0609,
            267655.7275,
            309232.0995,
            298198.8484,
            269779.5086,
            399668.221,
            274015.755,
            304025.7593,
            230063.8614,
            84716.4577,
            308700.6247,
            339589.3077,
            230856.0635,
            80998.5833,
            242307.4073,
            145818.4934,
            178340.4777,
            20232.6106,
            126287.3879,
            338644.8634,
            115181.0655,
            105341.0771,
            202961.734,
            239464.7361,
            288123.9692,
            296291.0034,
            271083.6343,
            318390.9206,
            246215.6162,
            248230.1889,
            358068.7978,
            417542.3077,
            160577.9142,
            140629.7913,
            240733.6635,
            319413.1389,
            223341.7896,
            216711.3541,
            382044.5462,
            134626.6679,
            336781.1413,
            347032.5727,
            149722.7709,
            172938.8747,
            121496.1729,
            299747.704,
            192270.029,
            160060.6173,
            198237.4939,
            236322.8417,
            206152.5604,
            246169.2168,
            121921.2552,
            251032.0072,
            229805.7582,
            334165.2305,
            226163.162,
            77156.9215,
            455738.7332,
            280144.3159,
            136939.8857,
            304332.8983,
            302720.3299,
            126017.8381,
            32711.8877,
            263491.4466,
            289208.4736,
            279636.8778,
            255863.7579,
            154811.3566,
            59232.4079,
            150965.4264,
            164731.5159,
            436907.2501,
            121380.514,
            153417.4148,
            180251.6531,
            175901.8462,
            251702.8416,
            222989.4166,
            106003.4237,
            244720.0437,
            177836.637,
            211782.5134,
            81777.8788,
            90456.3095,
            195991.5564,
            180746.8233,
            185339.0847,
            364225.5686,
            204807.7705,
            264725.2159,
            182155.6865,
            245728.7161,
            277868.6578,
            118396.666,
            128751.2728,
            28290.0424,
            92925.3292,
            465591.3065,
            241971.1207,
            187144.7203,
            350678.0604,
            334685.7345,
            167745.526,
            239289.1888,
            239986.0405,
            199866.5106,
            297846.4932,
            472433.1035,
            134851.8412,
            255983.6655,
            338984.9479,
            473330.7869,
            191398.7726,
            331414.3967,
            225914.3191,
            110364.547,
            102490.6774,
            219248.4983,
            307570.8456,
            296933.9801,
            197139.8387,
            126135.7829,
            186143.3534,
            152451.2617,
            189847.3001,
            326620.1695,
            171510.9746,
            115887.2802,
            261500.5319,
            148919.3501,
            175546.986,
            243151.4414,
            204852.467,
            115179.919,
            279521.8414,
            259842.3151,
            128663.6581,
            107353.3541,
            166262.1272,
            102115.2048,
            101082.2873,
            114911.2647,
            167468.2397,
            242850.5348,
            81620.7808,
            158446.9667,
            143270.9867,
            203825.3804,
            281812.6474,
            113489.3329,
            323864.7016,
            266586.4087,
            218198.9009,
            174864.8656,
            270984.3261,
            258026.9327,
            181852.7191,
            231630.0105,
            242066.2631,
            106951.3098,
            256086.9164,
            67806.8388,
            258503.9897,
            204891.7531,
            133926.3657,
            256190.3219,
            165207.4434,
            285106.0207,
            162804.9537,
            201511.2373,
            165992.6762,
            292536.3523,
            133179.6325,
            185874.0552,
            197214.7228,
            52091.1023,
            326780.5025,
            339258.2183,
            359734.7283,
            204896.137,
            129611.1813,
            125060.7283,
            140773.3576,
            191766.7323,
            249310.8803,
            261455.7733,
            89284.1496,
            404953.556,
            77992.4166,
            91933.8338,
            129396.773,
            264634.1613,
            359654.3351,
            95414.9995,
            344597.2555,
            219667.9444,
            77726.9719,
            235291.0025,
            134886.7653,
            304222.3261,
            119803.1539,
            189881.1965,
            154554.3234,
            111470.8939,
            196220.8724,
            88717.8089,
            401496.0102,
            150071.4426,
            200868.7203,
            306482.6554,
            186147.7791,
            121638.9543,
            151309.8793,
            322570.7329,
            101869.2401,
            327689.9558,
            239351.0811,
            167611.4081,
            198068.6657,
            100554.4533,
            134611.661,
            119566.1768,
            257936.6757,
            217107.2145,
            195929.8847,
            172560.5664,
            152813.5956,
            178458.8388,
            168089.763,
            114862.4612,
            197639.5317,
            295263.9651,
            273629.1642,
            301677.7859,
            230360.1624,
            248685.9444,
            233374.4735,
            161349.6533,
            174985.7559,
            194331.7767,
            190550.3317,
            321049.6264,
            276870.3645,
            132390.5101,
            77309.2876,
            246498.9075,
            230952.9665,
            254270.1975,
            320296.8529,
            187901.8043,
            154333.2322,
            275437.7177,
            262368.6411,
            205171.6308,
            174883.1707,
            89983.703,
            291528.4768,
            253687.3031,
            304383.8864,
            165443.2241,
            240017.9853,
            193067.332,
            247336.9566,
            113790.4596,
            226118.4155,
            129234.7079,
            119038.089,
            179711.7157,
            217162.6354,
            234185.203,
            173062.3268,
            201386.9251,
            269620.9803,
            213179.9853,
            247902.7278,
            134187.2383,
            32194.2221,
            30817.9028,
            174786.4663,
            179057.0651,
            169895.9827,
            164078.1712,
            386815.9792,
            221612.3213,
            123260.8277,
            308626.0616,
            206398.8727,
            102353.8741,
            172582.6178,
            219386.7729,
            180563.0182,
            292387.0858,
            217556.2747,
            253971.3891,
            180982.5012,
            251937.4822,
            111140.0308,
            251498.5378,
            286506.7039,
            265477.5786,
            224796.7588,
            272411.517,
            89243.8274,
            74605.8251,
            96483.6552,
            249164.573,
            206242.6337,
            239100.2892,
            280446.1556,
            151715.9044,
            178529.9809,
            158657.1677,
            123991.3569,
            100173.7039,
            162638.2798,
            309370.3729,
            262857.3679,
            262145.3667,
            97936.8192,
            126017.6269,
            370079.5349,
            279856.2354,
            236123.4487,
            230987.4424,
            296301.1069,
            339260.6586,
            203457.9228,
            207483.8427,
            97955.8973,
            202199.0359,
            177388.6621,
            234337.1369,
            318831.0274,
            164603.5778
        ]
    },
    "globalMetrics": {
        "testWeight": 3337,
        "targetAvg": [
            208848.77434821698
        ],
        "targetStd": [
            116336.06780855013
        ],
        "predictionAvg": [
            208427.06503618963
        ],
        "predictionStd": [
            91835.54568807952
        ]
    },
    "predictionPDF": {
        "x": [
            7382.331139187299,
            15117.223265234486,
            22852.115391281674,
            30587.007517328857,
            38321.89964337605,
            46056.79176942323,
            53791.683895470414,
            61526.576021517605,
            69261.4681475648,
            76996.36027361198,
            84731.25239965916,
            92466.14452570635,
            100201.03665175353,
            107935.92877780071,
            115670.82090384791,
            123405.7130298951,
            131140.60515594226,
            138875.49728198946,
            146610.38940803666,
            154345.28153408383,
            162080.17366013103,
            169815.0657861782,
            177549.9579122254,
            185284.8500382726,
            193019.74216431976,
            200754.63429036696,
            208489.52641641413,
            216224.41854246132,
            223959.31066850852,
            231694.2027945557,
            239429.0949206029,
            247163.98704665006,
            254898.87917269726,
            262633.7712987445,
            270368.66342479165,
            278103.5555508388,
            285838.447676886,
            293573.33980293316,
            301308.2319289803,
            309043.1240550276,
            316778.0161810748,
            324512.90830712195,
            332247.8004331691,
            339982.6925592163,
            347717.58468526346,
            355452.4768113106,
            363187.3689373579,
            370922.2610634051,
            378657.15318945225,
            386392.0453154994,
            394126.9374415466,
            401861.82956759376,
            409596.7216936409,
            417331.6138196882,
            425066.5059457354,
            432801.39807178255,
            440536.2901978297,
            448271.1823238769,
            456006.07444992405,
            463740.96657597134,
            471475.8587020185,
            479210.7508280657,
            486945.64295411285,
            494680.53508016,
            502415.4272062072,
            510150.31933225435,
            517885.21145830164,
            525620.1035843488,
            533354.995710396,
            541089.8878364431,
            548824.7799624903,
            556559.6720885376,
            564294.5642145848,
            572029.4563406319,
            579764.3484666791,
            587499.2405927263,
            595234.1327187734,
            602969.0248448206,
            610703.9169708679,
            618438.8090969151,
            626173.7012229622,
            633908.5933490094,
            641643.4854750566,
            649378.3776011037,
            657113.2697271509,
            664848.1618531982,
            672583.0539792454,
            680317.9461052925,
            688052.8382313397,
            695787.7303573869,
            703522.622483434,
            711257.5146094813,
            718992.4067355285,
            726727.2988615757,
            734462.1909876228,
            742197.08311367,
            749931.9752397172,
            757666.8673657643,
            765401.7594918116,
            773136.6516178588
        ],
        "pdf": [
            1.1922696129263962e-07,
            1.7499836588300738e-07,
            2.3851827056165767e-07,
            3.147915855022103e-07,
            4.2018859187422443e-07,
            5.798581349987261e-07,
            8.174423465603435e-07,
            1.1418662434998251e-06,
            1.5384738252756713e-06,
            1.9700817749608493e-06,
            2.388807753967348e-06,
            2.7534844203340632e-06,
            3.043301015372644e-06,
            3.260195615072375e-06,
            3.4208279638968544e-06,
            3.546649818859307e-06,
            3.6588837315601854e-06,
            3.7763354710880992e-06,
            3.9107703160891775e-06,
            4.061091655294679e-06,
            4.212152973535095e-06,
            4.340065075967235e-06,
            4.421277464923155e-06,
            4.442335444099875e-06,
            4.406250864269495e-06,
            4.33036841176688e-06,
            4.235801660886969e-06,
            4.136579014403706e-06,
            4.036603891757965e-06,
            3.933915500984086e-06,
            3.825469742199578e-06,
            3.707565181407789e-06,
            3.572981242339897e-06,
            3.410150075240073e-06,
            3.2083791823303316e-06,
            2.966189461522883e-06,
            2.6948458582673017e-06,
            2.4136269907425666e-06,
            2.14200384024724e-06,
            1.895103250325562e-06,
            1.6824345722982795e-06,
            1.5064439150991973e-06,
            1.3611368581487388e-06,
            1.2341966086172286e-06,
            1.1130615314554819e-06,
            9.91017213131729e-07,
            8.694327664171098e-07,
            7.553803110732875e-07,
            6.562923201384348e-07,
            5.74780341104403e-07,
            5.072265928765809e-07,
            4.473626615304423e-07,
            3.9152671039391346e-07,
            3.405866988783848e-07,
            2.973520219697343e-07,
            2.6324475454977653e-07,
            2.3785289538811536e-07,
            2.20474170246923e-07,
            2.103887602521579e-07,
            2.0522022799067357e-07,
            2.000561059809005e-07,
            1.893623177204028e-07,
            1.7035436228354707e-07,
            1.448202981109178e-07,
            1.1800925672000572e-07,
            9.576061175872052e-08,
            8.189816551494571e-08,
            7.692212190859833e-08,
            7.800638457363252e-08,
            8.027983460150436e-08,
            7.925637885874454e-08,
            7.315161242679883e-08,
            6.324891245022795e-08,
            5.212391630323742e-08,
            4.16649107277836e-08,
            3.256228651051773e-08,
            2.4917225559378874e-08,
            1.876001796597195e-08,
            1.4119012130158555e-08,
            1.0973227307626534e-08,
            9.196199832099122e-09,
            8.4185510147234e-09,
            8.016919004018365e-09,
            7.466759885353442e-09,
            6.807232172164041e-09,
            6.669814979370398e-09,
            7.703013519270278e-09,
            9.844685441937766e-09,
            1.2100982337075565e-08,
            1.3113097433290705e-08,
            1.2108799639201133e-08,
            9.43257537766693e-09,
            6.220600396659153e-09,
            3.611509304895148e-09,
            2.2196602208391395e-09,
            2.1296675172681817e-09,
            3.0975002349403835e-09,
            4.6333232671969605e-09,
            6.031973464646897e-09,
            6.596185143799216e-09
        ]
    }
}