{
  "state": "ABORTED",
  "preSearchDescription": {
    "gridLength": 3,
    "searchStrategy": "GRID",
    "importantParams": [
      {
        "name": "alpha",
        "vals": [
          "0.1",
          "1.0",
          "3.0"
        ]
      }
    ]
  },
  "postSearchDescription": {
    "importantParams": [
      {
        "name": "alpha",
        "val": "0.1"
      }
    ]
  },
  "resumed": false,
  "timeOrderingEnabled": false,
  "sampleWeightsEnabled": false,
  "modelId": "m1",
  "progress": {
    "top_level_todo": [],
    "stack": [],
    "top_level_done": [
      {
        "name": "Loading train set",
        "time": 65
      },
      {
        "name": "Loading test set",
        "time": 21
      },
      {
        "name": "Collecting statistics",
        "time": 67
      },
      {
        "name": "Preprocessing train set",
        "time": 116
      },
      {
        "name": "Preprocessing test set",
        "time": 49
      },
      {
        "name": "Hyperparameter searching",
        "time": 18425
      },
      {
        "name": "Fitting model",
        "time": 704
      },
      {
        "name": "Saving model",
        "time": 2
      },
      {
        "name": "Scoring model",
        "time": 2718
      }
    ]
  },
  "startTime": 1668091209968,
  "endTime": 1668091233122,
  "preprocessingTime": 321,
  "trainingTime": 22833,
  "hyperparamsSearchTime": 18425
}