[
    {
        "test_score_gib": -95.61004402125187,
        "train_score": -271.75240653792036,
        "test_score": -95.61004402125187,
        "num_samples": 2635,
        "fit_time": 1047,
        "score_time": 99,
        "time": 1146,
        "parameters": {
            "alpha": 0.001,
            "loss": "squared_loss",
            "penalty": "elasticnet"
        },
        "done_at": 1668089643756,
        "split_id": 0
    },
    {
        "test_score_gib": 0.010396274418865259,
        "train_score": -17.247171000408088,
        "test_score": 0.010396274418865259,
        "num_samples": 2635,
        "fit_time": 836,
        "score_time": 100,
        "time": 936,
        "parameters": {
            "alpha": 0.001,
            "loss": "squared_loss",
            "penalty": "elasticnet"
        },
        "done_at": 1668089643548,
        "split_id": 1
    },
    {
        "test_score_gib": -1355297.7491336225,
        "train_score": -2146344.897050921,
        "test_score": -1355297.7491336225,
        "num_samples": 2635,
        "fit_time": 1244,
        "score_time": 204,
        "time": 1448,
        "parameters": {
            "alpha": 0.001,
            "loss": "squared_loss",
            "penalty": "elasticnet"
        },
        "done_at": 1668089644061,
        "split_id": 2
    },
    {
        "test_score_gib": 0.659584285965795,
        "train_score": 0.6835412929712852,
        "test_score": 0.659584285965795,
        "num_samples": 2635,
        "fit_time": 12424,
        "score_time": 120,
        "time": 12544,
        "parameters": {
            "alpha": 0.001,
            "loss": "squared_loss",
            "penalty": "elasticnet"
        },
        "done_at": 1668089655159,
        "split_id": 3
    },
    {
        "test_score_gib": 0.6468499629845387,
        "train_score": -5.56973306893834,
        "test_score": 0.6468499629845387,
        "num_samples": 2635,
        "fit_time": 1206,
        "score_time": 283,
        "time": 1489,
        "parameters": {
            "alpha": 0.001,
            "loss": "squared_loss",
            "penalty": "elasticnet"
        },
        "done_at": 1668089645044,
        "split_id": 4
    },
    {
        "test_score_gib": -103.93134876835163,
        "train_score": -295.32597026430443,
        "test_score": -103.93134876835163,
        "num_samples": 2635,
        "fit_time": 901,
        "score_time": 105,
        "time": 1006,
        "parameters": {
            "alpha": 0.0001,
            "loss": "squared_loss",
            "penalty": "elasticnet"
        },
        "done_at": 1668089644860,
        "split_id": 0
    },
    {
        "test_score_gib": -0.040327614993243666,
        "train_score": -18.623000180357067,
        "test_score": -0.040327614993243666,
        "num_samples": 2635,
        "fit_time": 1111,
        "score_time": 101,
        "time": 1212,
        "parameters": {
            "alpha": 0.0001,
            "loss": "squared_loss",
            "penalty": "elasticnet"
        },
        "done_at": 1668089645353,
        "split_id": 1
    },
    {
        "test_score_gib": -1441899.730973336,
        "train_score": -2283497.3031336153,
        "test_score": -1441899.730973336,
        "num_samples": 2635,
        "fit_time": 1175,
        "score_time": 115,
        "time": 1290,
        "parameters": {
            "alpha": 0.0001,
            "loss": "squared_loss",
            "penalty": "elasticnet"
        },
        "done_at": 1668089646152,
        "split_id": 2
    },
    {
        "test_score_gib": 0.6613111297236224,
        "train_score": 0.6851852419533918,
        "test_score": 0.6613111297236224,
        "num_samples": 2635,
        "fit_time": 10924,
        "score_time": 77,
        "time": 11001,
        "parameters": {
            "alpha": 0.0001,
            "loss": "squared_loss",
            "penalty": "elasticnet"
        },
        "done_at": 1668089656053,
        "split_id": 3
    },
    {
        "test_score_gib": 0.6461639715757522,
        "train_score": -6.003221740002085,
        "test_score": 0.6461639715757522,
        "num_samples": 2635,
        "fit_time": 1015,
        "score_time": 284,
        "time": 1299,
        "parameters": {
            "alpha": 0.0001,
            "loss": "squared_loss",
            "penalty": "elasticnet"
        },
        "done_at": 1668089646738,
        "split_id": 4
    },
    {
        "test_score_gib": -104.80196452704745,
        "train_score": -297.79240897976456,
        "test_score": -104.80196452704745,
        "num_samples": 2635,
        "fit_time": 1105,
        "score_time": 199,
        "time": 1304,
        "parameters": {
            "alpha": 1e-05,
            "loss": "squared_loss",
            "penalty": "elasticnet"
        },
        "done_at": 1668089647460,
        "split_id": 0
    },
    {
        "test_score_gib": -0.04561841295912461,
        "train_score": -18.76630528581466,
        "test_score": -0.04561841295912461,
        "num_samples": 2635,
        "fit_time": 1107,
        "score_time": 101,
        "time": 1208,
        "parameters": {
            "alpha": 1e-05,
            "loss": "squared_loss",
            "penalty": "elasticnet"
        },
        "done_at": 1668089647952,
        "split_id": 1
    },
    {
        "test_score_gib": -1450850.368059412,
        "train_score": -2297672.5205562464,
        "test_score": -1450850.368059412,
        "num_samples": 2635,
        "fit_time": 1213,
        "score_time": 100,
        "time": 1313,
        "parameters": {
            "alpha": 1e-05,
            "loss": "squared_loss",
            "penalty": "elasticnet"
        },
        "done_at": 1668089648857,
        "split_id": 2
    },
    {
        "test_score_gib": 0.6614653606319006,
        "train_score": 0.685327667098443,
        "test_score": 0.6614653606319006,
        "num_samples": 2635,
        "fit_time": 8780,
        "score_time": 11,
        "time": 8791,
        "parameters": {
            "alpha": 1e-05,
            "loss": "squared_loss",
            "penalty": "elasticnet"
        },
        "done_at": 1668089656745,
        "split_id": 3
    },
    {
        "test_score_gib": 0.6460877690863445,
        "train_score": -6.048306924634462,
        "test_score": 0.6460877690863445,
        "num_samples": 2635,
        "fit_time": 915,
        "score_time": 85,
        "time": 1000,
        "parameters": {
            "alpha": 1e-05,
            "loss": "squared_loss",
            "penalty": "elasticnet"
        },
        "done_at": 1668089649944,
        "split_id": 4
    }
]