{
    "startedAt": 1668089642605,
    "gridSize": 3,
    "nThreads": 4,
    "nSplits": 5,
    "metric": "R2",
    "timeout": null,
    "gridPoints": [
        {
            "finishedAt": 1668089655159,
            "score": -271078.4084694241,
            "testScoreGibMean": -271078.4084694241,
            "testScoreMean": -271078.4084694241,
            "testScoreStd": 542109.6716084704,
            "trainScoreMean": -429327.756564047,
            "trainScoreStd": 858508.5763687239,
            "time": 17563,
            "fitTimeMean": 3351.4,
            "fitTimeStd": 4538.577821300412,
            "scoreTimeMean": 161.2,
            "scoreTimeStd": 72.08162040353976,
            "parameters": {
                "alpha": 0.001,
                "loss": "squared_loss",
                "penalty": "elasticnet"
            }
        },
        {
            "finishedAt": 1668089656053,
            "score": -288400.4790349236,
            "testScoreGibMean": -288400.4790349236,
            "testScoreMean": -288400.4790349236,
            "testScoreStd": 576749.6273853489,
            "trainScoreMean": -456763.3140281116,
            "trainScoreStd": 913367.0013537308,
            "time": 15808,
            "fitTimeMean": 3025.2,
            "fitTimeStd": 3950.4828261871994,
            "scoreTimeMean": 136.4,
            "scoreTimeStd": 74.84811286866223,
            "parameters": {
                "alpha": 0.0001,
                "loss": "squared_loss",
                "penalty": "elasticnet"
            }
        },
        {
            "finishedAt": 1668089656745,
            "score": -290190.7816178445,
            "testScoreGibMean": -290190.7816178445,
            "testScoreMean": -290190.7816178445,
            "testScoreStd": 580329.7946517244,
            "trainScoreMean": -459598.8884499539,
            "trainScoreStd": 919036.8229256839,
            "time": 13616,
            "fitTimeMean": 2624.0,
            "fitTimeStd": 3079.4995697353165,
            "scoreTimeMean": 99.2,
            "scoreTimeStd": 59.90792935830782,
            "parameters": {
                "alpha": 1e-05,
                "loss": "squared_loss",
                "penalty": "elasticnet"
            }
        }
    ]
}