{
    "modelInputNRows": 13175,
    "modelInputNCols": 319,
    "modelInputIsSparse": false,
    "modelInputMemory": 33622600,
    "usedGridSearch": true,
    "gridSize": 3,
    "gridBestScore": -271078.4084694241,
    "gridCells": [
        {
            "params": {
                "alpha": 0.001,
                "loss": "squared_loss",
                "penalty": "elasticnet"
            },
            "score": -271078.4084694241,
            "scoreStd": 542109.6716084704,
            "fitTime": 3.3514,
            "fitTimeStd": 4.538577821300413,
            "scoreTime": 0.16119999999999998,
            "scoreTimeStd": 0.07208162040353976
        },
        {
            "params": {
                "alpha": 0.0001,
                "loss": "squared_loss",
                "penalty": "elasticnet"
            },
            "score": -288400.4790349236,
            "scoreStd": 576749.6273853489,
            "fitTime": 3.0252,
            "fitTimeStd": 3.9504828261871996,
            "scoreTime": 0.1364,
            "scoreTimeStd": 0.07484811286866223
        },
        {
            "params": {
                "alpha": 1e-05,
                "loss": "squared_loss",
                "penalty": "elasticnet"
            },
            "score": -290190.7816178445,
            "scoreStd": 580329.7946517244,
            "fitTime": 2.624,
            "fitTimeStd": 3.0794995697353165,
            "scoreTime": 0.0992,
            "scoreTimeStd": 0.05990792935830782
        }
    ],
    "lmCoefficients": {
        "variables": [
            "housing_median_age",
            "median_income",
            "family_size",
            "total_bedrooms",
            "total_rooms",
            "dummy:city:Los Angeles",
            "dummy:city:San Diego",
            "dummy:city:San Francisco",
            "dummy:city:San Jose",
            "dummy:city:Oakland",
            "dummy:city:Long Beach",
            "dummy:city:Sacramento",
            "dummy:city:Fresno",
            "dummy:city:Stockton",
            "dummy:city:Anaheim",
            "dummy:city:San Bernardino",
            "dummy:city:Santa Ana",
            "dummy:city:Riverside",
            "dummy:city:Bakersfield",
            "dummy:city:Fullerton",
            "dummy:city:Modesto",
            "dummy:city:Glendale",
            "dummy:city:Torrance",
            "dummy:city:Garden Grove",
            "dummy:city:Berkeley",
            "dummy:city:Pasadena",
            "dummy:city:Concord",
            "dummy:city:Irvine",
            "dummy:city:Hayward",
            "dummy:city:Downey",
            "dummy:city:Sunnyvale",
            "dummy:city:Santa Rosa",
            "dummy:city:San Mateo",
            "dummy:city:Burbank",
            "dummy:city:Fremont",
            "dummy:city:Richmond",
            "dummy:city:Chula Vista",
            "dummy:city:Ontario",
            "dummy:city:Santa Monica",
            "dummy:city:Santa Barbara",
            "dummy:city:Compton",
            "dummy:city:Oceanside",
            "dummy:city:Thousand Oaks",
            "dummy:city:Pomona",
            "dummy:city:Costa Mesa",
            "dummy:city:San Leandro",
            "dummy:city:Ventura",
            "dummy:city:Norwalk",
            "dummy:city:Inglewood",
            "dummy:city:Simi Valley",
            "dummy:city:Visalia",
            "dummy:city:Orange",
            "dummy:city:Palo Alto",
            "dummy:city:Newport Beach",
            "dummy:city:Alameda",
            "dummy:city:Oxnard",
            "dummy:city:Vallejo",
            "dummy:city:South Gate",
            "dummy:city:Santa Clara",
            "dummy:city:Carson",
            "dummy:city:Redondo Beach",
            "dummy:city:Lakewood",
            "dummy:city:Mountain View",
            "dummy:city:Upland",
            "dummy:city:Whittier",
            "dummy:city:Clovis",
            "dummy:city:Hawthorne",
            "dummy:city:Redding",
            "dummy:city:Santa Cruz",
            "dummy:city:Pico Rivera",
            "dummy:city:Lancaster",
            "dummy:city:Alhambra",
            "dummy:city:Napa",
            "dummy:city:El Cajon",
            "dummy:city:Vacaville",
            "dummy:city:Gardena",
            "dummy:city:Santa Maria",
            "dummy:city:Westminster",
            "dummy:city:Monterey Park",
            "dummy:city:Redlands",
            "dummy:city:Mission Viejo",
            "dummy:city:Culver City",
            "dummy:city:Fontana",
            "dummy:city:Fairfield",
            "dummy:city:Antioch",
            "dummy:city:Vista",
            "dummy:city:Buena Park",
            "dummy:city:Lodi",
            "dummy:city:Rialto",
            "dummy:city:Bellflower",
            "dummy:city:National City",
            "dummy:city:Fountain Valley",
            "dummy:city:La Habra",
            "dummy:city:Walnut Creek",
            "dummy:city:Glendora",
            "dummy:city:Daly City",
            "dummy:city:Escondido",
            "dummy:city:Manhattan Beach",
            "dummy:city:Lawndale",
            "dummy:city:Lynwood",
            "dummy:city:Carlsbad",
            "dummy:city:Los Altos",
            "dummy:city:Redwood City",
            "dummy:city:Encinitas",
            "dummy:city:Salinas",
            "dummy:city:N/A",
            "dummy:city:__Others__",
            "dummy:ocean_proximity:<1H OCEAN",
            "dummy:ocean_proximity:INLAND",
            "dummy:ocean_proximity:NEAR OCEAN",
            "dummy:ocean_proximity:NEAR BAY",
            "dummy:ocean_proximity:ISLAND",
            "dummy:city_enName:Los Angeles",
            "dummy:city_enName:San Diego",
            "dummy:city_enName:San Francisco",
            "dummy:city_enName:San Jose",
            "dummy:city_enName:Oakland",
            "dummy:city_enName:Long Beach",
            "dummy:city_enName:Sacramento",
            "dummy:city_enName:Fresno",
            "dummy:city_enName:Stockton",
            "dummy:city_enName:Anaheim",
            "dummy:city_enName:San Bernardino",
            "dummy:city_enName:Santa Ana",
            "dummy:city_enName:Riverside",
            "dummy:city_enName:Bakersfield",
            "dummy:city_enName:Fullerton",
            "dummy:city_enName:Modesto",
            "dummy:city_enName:Glendale",
            "dummy:city_enName:Torrance",
            "dummy:city_enName:Garden Grove",
            "dummy:city_enName:Berkeley",
            "dummy:city_enName:Pasadena",
            "dummy:city_enName:Concord",
            "dummy:city_enName:Irvine",
            "dummy:city_enName:Hayward",
            "dummy:city_enName:Downey",
            "dummy:city_enName:Sunnyvale",
            "dummy:city_enName:Santa Rosa",
            "dummy:city_enName:San Mateo",
            "dummy:city_enName:Burbank",
            "dummy:city_enName:Fremont",
            "dummy:city_enName:Richmond",
            "dummy:city_enName:Chula Vista",
            "dummy:city_enName:Ontario",
            "dummy:city_enName:Santa Monica",
            "dummy:city_enName:Santa Barbara",
            "dummy:city_enName:Compton",
            "dummy:city_enName:Oceanside",
            "dummy:city_enName:Thousand Oaks",
            "dummy:city_enName:Pomona",
            "dummy:city_enName:Costa Mesa",
            "dummy:city_enName:San Leandro",
            "dummy:city_enName:Ventura",
            "dummy:city_enName:Norwalk",
            "dummy:city_enName:Inglewood",
            "dummy:city_enName:Simi Valley",
            "dummy:city_enName:Visalia",
            "dummy:city_enName:Orange",
            "dummy:city_enName:Palo Alto",
            "dummy:city_enName:Newport Beach",
            "dummy:city_enName:Alameda",
            "dummy:city_enName:Oxnard",
            "dummy:city_enName:Vallejo",
            "dummy:city_enName:South Gate",
            "dummy:city_enName:Santa Clara",
            "dummy:city_enName:Carson",
            "dummy:city_enName:Redondo Beach",
            "dummy:city_enName:Lakewood",
            "dummy:city_enName:Mountain View",
            "dummy:city_enName:Upland",
            "dummy:city_enName:Whittier",
            "dummy:city_enName:Clovis",
            "dummy:city_enName:Hawthorne",
            "dummy:city_enName:Redding",
            "dummy:city_enName:Santa Cruz",
            "dummy:city_enName:Pico Rivera",
            "dummy:city_enName:Lancaster",
            "dummy:city_enName:Alhambra",
            "dummy:city_enName:Napa",
            "dummy:city_enName:El Cajon",
            "dummy:city_enName:Vacaville",
            "dummy:city_enName:Gardena",
            "dummy:city_enName:Santa Maria",
            "dummy:city_enName:Westminster",
            "dummy:city_enName:Monterey Park",
            "dummy:city_enName:Redlands",
            "dummy:city_enName:Mission Viejo",
            "dummy:city_enName:Culver City",
            "dummy:city_enName:Fontana",
            "dummy:city_enName:Fairfield",
            "dummy:city_enName:Antioch",
            "dummy:city_enName:Vista",
            "dummy:city_enName:Buena Park",
            "dummy:city_enName:Lodi",
            "dummy:city_enName:Rialto",
            "dummy:city_enName:Bellflower",
            "dummy:city_enName:National City",
            "dummy:city_enName:Fountain Valley",
            "dummy:city_enName:La Habra",
            "dummy:city_enName:Walnut Creek",
            "dummy:city_enName:Glendora",
            "dummy:city_enName:Daly City",
            "dummy:city_enName:Escondido",
            "dummy:city_enName:Manhattan Beach",
            "dummy:city_enName:Lawndale",
            "dummy:city_enName:Lynwood",
            "dummy:city_enName:Carlsbad",
            "dummy:city_enName:Los Altos",
            "dummy:city_enName:Redwood City",
            "dummy:city_enName:Encinitas",
            "dummy:city_enName:Salinas",
            "dummy:city_enName:N/A",
            "dummy:city_enName:__Others__",
            "dummy:location:POINT(-122.42 37.75)",
            "dummy:location:POINT(-118.26 34.02)",
            "dummy:location:POINT(-122.42 37.8)",
            "dummy:location:POINT(-118.29 34.09)",
            "dummy:location:POINT(-122.42 37.76)",
            "dummy:location:POINT(-118.26 34.07)",
            "dummy:location:POINT(-118.28 33.99)",
            "dummy:location:POINT(-118.47 33.99)",
            "dummy:location:POINT(-122.41 37.8)",
            "dummy:location:POINT(-122.46 37.78)",
            "dummy:location:POINT(-118.19 34.05)",
            "dummy:location:POINT(-122.44 37.78)",
            "dummy:location:POINT(-118.31 34.05)",
            "dummy:location:POINT(-118.36 34.09)",
            "dummy:location:POINT(-118.19 33.78)",
            "dummy:location:POINT(-122.49 37.76)",
            "dummy:location:POINT(-122.47 37.78)",
            "dummy:location:POINT(-118.27 34.07)",
            "dummy:location:POINT(-122.47 37.76)",
            "dummy:location:POINT(-118.28 33.93)",
            "dummy:location:POINT(-122.41 37.75)",
            "dummy:location:POINT(-118.35 34.04)",
            "dummy:location:POINT(-118.36 34.03)",
            "dummy:location:POINT(-118.32 34.09)",
            "dummy:location:POINT(-122.28 37.81)",
            "dummy:location:POINT(-118.37 34.16)",
            "dummy:location:POINT(-118.32 33.98)",
            "dummy:location:POINT(-117.14 32.75)",
            "dummy:location:POINT(-118.31 34.02)",
            "dummy:location:POINT(-122.42 37.74)",
            "dummy:location:POINT(-122.41 37.79)",
            "dummy:location:POINT(-122.43 37.73)",
            "dummy:location:POINT(-122.24 37.8)",
            "dummy:location:POINT(-118.2 34.05)",
            "dummy:location:POINT(-122.27 37.85)",
            "dummy:location:POINT(-118.19 34.12)",
            "dummy:location:POINT(-122.26 37.77)",
            "dummy:location:POINT(-122.44 37.79)",
            "dummy:location:POINT(-122.21 37.78)",
            "dummy:location:POINT(-122.44 37.8)",
            "dummy:location:POINT(-118.29 34.04)",
            "dummy:location:POINT(-122.24 37.81)",
            "dummy:location:POINT(-118.24 34.14)",
            "dummy:location:POINT(-118.23 33.91)",
            "dummy:location:POINT(-118.37 34.09)",
            "dummy:location:POINT(-122.42 37.78)",
            "dummy:location:POINT(-118.37 34.07)",
            "dummy:location:POINT(-118.39 33.88)",
            "dummy:location:POINT(-122.43 37.79)",
            "dummy:location:POINT(-117.13 32.75)",
            "dummy:location:POINT(-122.24 37.79)",
            "dummy:location:POINT(-122.29 37.81)",
            "dummy:location:POINT(-118.14 33.86)",
            "dummy:location:POINT(-118.3 34.02)",
            "dummy:location:POINT(-118.22 33.9)",
            "dummy:location:POINT(-118.3 34.06)",
            "dummy:location:POINT(-122.47 37.75)",
            "dummy:location:POINT(-118.22 33.98)",
            "dummy:location:POINT(-117.13 32.7)",
            "dummy:location:POINT(-118.4 33.87)",
            "dummy:location:POINT(-122.23 37.79)",
            "dummy:location:POINT(-118.21 34.04)",
            "dummy:location:POINT(-118.2 33.77)",
            "dummy:location:POINT(-122.43 37.78)",
            "dummy:location:POINT(-118.26 34.08)",
            "dummy:location:POINT(-122.43 37.77)",
            "dummy:location:POINT(-118.27 34.06)",
            "dummy:location:POINT(-122.43 37.75)",
            "dummy:location:POINT(-118.27 34.16)",
            "dummy:location:POINT(-122.08 37.63)",
            "dummy:location:POINT(-122.45 37.77)",
            "dummy:location:POINT(-118.28 33.96)",
            "dummy:location:POINT(-122.21 37.8)",
            "dummy:location:POINT(-118.16 33.78)",
            "dummy:location:POINT(-118.28 34.01)",
            "dummy:location:POINT(-118.41 34)",
            "dummy:location:POINT(-118.41 34.02)",
            "dummy:location:POINT(-122.28 37.85)",
            "dummy:location:POINT(-118.25 34.02)",
            "dummy:location:POINT(-118.17 33.77)",
            "dummy:location:POINT(-118.16 34.02)",
            "dummy:location:POINT(-118.29 33.98)",
            "dummy:location:POINT(-118.27 33.94)",
            "dummy:location:POINT(-117.16 32.74)",
            "dummy:location:POINT(-122.44 37.75)",
            "dummy:location:POINT(-122.49 37.75)",
            "dummy:location:POINT(-118.31 34.09)",
            "dummy:location:POINT(-117.93 33.85)",
            "dummy:location:POINT(-118.32 34.04)",
            "dummy:location:POINT(-117.97 34.05)",
            "dummy:location:POINT(-121.88 37.44)",
            "dummy:location:POINT(-118.06 33.98)",
            "dummy:location:POINT(-118.35 33.9)",
            "dummy:location:POINT(-118.32 33.91)",
            "dummy:location:POINT(-118.11 33.84)",
            "dummy:location:POINT(-117.91 33.84)",
            "dummy:location:POINT(-118.36 33.9)",
            "dummy:location:POINT(-117.24 32.8)",
            "dummy:location:POINT(-118.31 33.94)",
            "dummy:location:POINT(-118.35 33.97)",
            "dummy:location:POINT(-122.49 37.78)",
            "dummy:location:__Others__"
        ],
        "coefs": [
            12340.16949938807,
            71287.81132770848,
            -93966.48599182343,
            17779.252863895214,
            -13261.19731128387,
            17838.159173502107,
            -16812.60256780918,
            49685.518912759566,
            4593.070157583345,
            -12040.068499894194,
            -508.81771202995515,
            145.81732191227664,
            -10181.891347191295,
            -350.2849178225416,
            -611.5943263969384,
            -1259.8553051719832,
            1227.6050766006815,
            1914.9777514134523,
            -7803.609117252435,
            -3919.9934572833936,
            2617.9429140974053,
            13361.398825713888,
            16017.003423989716,
            -3901.330790156489,
            8440.594858854709,
            9086.538381891229,
            -4270.836154026244,
            2051.432996005135,
            -2523.5242108265948,
            1259.2851165181062,
            9828.972631058421,
            -3590.485575375687,
            12229.231879406543,
            5431.374682055475,
            -1355.6910773545724,
            -10459.343302498904,
            -12093.245291152132,
            4087.950107367382,
            30550.995433645403,
            18845.6263023104,
            -7101.286848074223,
            -4714.730960152089,
            3110.7353688064886,
            1970.5943063065974,
            1255.4887407298681,
            -5789.02353115578,
            -2007.2506747949496,
            -6459.944150803782,
            -2128.433212991702,
            -2900.6713112702187,
            -3043.6971609731445,
            -489.06636532944793,
            18473.432872153204,
            18185.763415200912,
            4020.2175500122635,
            806.0068411689691,
            -10222.142442398688,
            -2060.7438196026783,
            1959.6450658338554,
            -5478.673192408753,
            11800.808283770515,
            -2913.312312543812,
            9060.706052268597,
            4900.784513066328,
            -2184.1321377681556,
            -4070.848752245038,
            -432.6592329576686,
            392.83656114033073,
            2542.7589674144747,
            -1775.1142589257079,
            -516.4306724614626,
            2782.7604079477874,
            -2821.451698825592,
            -5726.60435762301,
            -19895.08090339996,
            -186.5337219191288,
            -4584.605280794325,
            -470.5679139854859,
            3347.3951330102122,
            -618.4757375904219,
            -2258.9336588986803,
            9749.317588113934,
            982.9241763740098,
            -1461.2673366285376,
            -470.3849496389062,
            -1591.4537199794406,
            -3371.128844999579,
            66.36099555573077,
            -134.68112828618177,
            -2373.10853432068,
            -7045.564006673835,
            -440.83786852858424,
            -1748.523562791766,
            -324.636068522976,
            3915.0372985288545,
            1257.417493117178,
            -3493.5692240679086,
            15156.699925057605,
            3595.5396551517383,
            -2411.1476025488923,
            1189.329747839933,
            10934.233679815141,
            6260.16533034501,
            1526.8470071485701,
            -2649.291333084237,
            8031.963860202025,
            6087.166830545727,
            44073.49343836935,
            -26596.81057867339,
            80641.4558488012,
            41954.28530596723,
            2454.7262153948463,
            17838.159173502107,
            -16812.60256780918,
            49685.518912759566,
            4593.070157583345,
            -12040.068499894194,
            -508.81771202995515,
            145.81732191227664,
            -10181.891347191295,
            -350.2849178225416,
            -611.5943263969384,
            -1259.8553051719832,
            1227.6050766006815,
            1914.9777514134523,
            -7803.609117252435,
            -3919.9934572833936,
            2617.9429140974053,
            13361.398825713888,
            16017.003423989716,
            -3901.330790156489,
            8440.594858854709,
            9086.538381891229,
            -4270.836154026244,
            2051.432996005135,
            -2523.5242108265948,
            1259.2851165181062,
            9828.972631058421,
            -3590.485575375687,
            12229.231879406543,
            5431.374682055475,
            -1355.6910773545724,
            -10459.343302498904,
            -12093.245291152132,
            4087.950107367382,
            30550.995433645403,
            18845.6263023104,
            -7101.286848074223,
            -4714.730960152089,
            3110.7353688064886,
            1970.5943063065974,
            1255.4887407298681,
            -5789.02353115578,
            -2007.2506747949496,
            -6459.944150803782,
            -2128.433212991702,
            -2900.6713112702187,
            -3043.6971609731445,
            -489.06636532944793,
            18473.432872153204,
            18185.763415200912,
            4020.2175500122635,
            806.0068411689691,
            -10222.142442398688,
            -2060.7438196026783,
            1959.6450658338554,
            -5478.673192408753,
            11800.808283770515,
            -2913.312312543812,
            9060.706052268597,
            4900.784513066328,
            -2184.1321377681556,
            -4070.848752245038,
            -432.6592329576686,
            392.83656114033073,
            2542.7589674144747,
            -1775.1142589257079,
            -516.4306724614626,
            2782.7604079477874,
            -2821.451698825592,
            -5726.60435762301,
            -19895.08090339996,
            -186.5337219191288,
            -4584.605280794325,
            -470.5679139854859,
            3347.3951330102122,
            -618.4757375904219,
            -2258.9336588986803,
            9749.317588113934,
            982.9241763740098,
            -1461.2673366285376,
            -470.3849496389062,
            -1591.4537199794406,
            -3371.128844999579,
            66.36099555573077,
            -134.68112828618177,
            -2373.10853432068,
            -7045.564006673835,
            -440.83786852858424,
            -1748.523562791766,
            -324.636068522976,
            3915.0372985288545,
            1257.417493117178,
            -3493.5692240679086,
            15156.699925057605,
            3595.5396551517383,
            -2411.1476025488923,
            1189.329747839933,
            10934.233679815141,
            6260.16533034501,
            1526.8470071485701,
            -2649.291333084237,
            8031.963860202025,
            6087.166830545727,
            2267.510354721345,
            -29.421216770732116,
            5239.720085975926,
            1714.7817650457348,
            2107.1817868179182,
            1136.6585051990223,
            -1037.722703413844,
            4803.094910955983,
            4416.980558070277,
            3689.508881076933,
            479.9693981729707,
            3563.3182758613584,
            4964.808376827284,
            3697.754537862274,
            1400.2748270052887,
            1500.9019999385032,
            3828.646410550193,
            877.2397641745646,
            1850.9492277792142,
            -945.3076327975424,
            162.91365594214656,
            -416.89697940679315,
            -435.86332689523516,
            1936.189314618363,
            1087.3451476433895,
            991.1773998022334,
            -1620.1497525411514,
            62.68599363711955,
            -701.8866135375533,
            384.216611862324,
            1592.060312876687,
            -215.7409330312068,
            762.2083475333181,
            2.765171439355442,
            364.0596242589398,
            -590.9759666332073,
            2712.8944875530774,
            4527.744695547693,
            225.3860036715019,
            6056.365605137534,
            -275.976272549888,
            1501.815341767985,
            2047.5947054807996,
            -581.166775377619,
            4160.139704480544,
            778.7151257319953,
            4710.368301021308,
            4011.1523866615016,
            3721.7201877130283,
            -197.5586871859865,
            139.4751324493432,
            520.4838118040574,
            -102.082066182213,
            -150.77717962400212,
            727.9618608348466,
            2330.304010277214,
            908.1965817803798,
            979.0263670312295,
            -287.6705234867337,
            4340.447005882609,
            522.2066437984244,
            10.081666554532315,
            9.121364302467288,
            1407.7833014733078,
            270.86874941413276,
            2099.9787231920786,
            1472.841031975705,
            1348.5202557173575,
            2183.902929429496,
            78.53246215122057,
            4151.674972729558,
            -494.0899939152729,
            848.7598480994195,
            695.5982220177808,
            46.23125248777316,
            1947.5722182312834,
            1665.784879918196,
            -437.33480472557534,
            145.80827144219043,
            373.24303187992604,
            901.3609884747716,
            -861.5261433149293,
            -520.7333218672209,
            3304.1419001685763,
            1322.5806690635932,
            20.359745355106373,
            1753.7078025863343,
            752.1247916521967,
            2.0982079318696765,
            343.725503969421,
            10.929333377421269,
            -638.0596396799203,
            1249.5716788671668,
            -265.110272198319,
            90.48931255124926,
            2415.2383885335735,
            657.3215765336204,
            1277.3622413617063,
            -1342.339368293703,
            919.2788687739145,
            1660.3479193121286,
            19431.17555764528
        ],
        "interceptStderr": null,
        "interceptTstat": null,
        "interceptPvalue": null,
        "interceptCoef": 149070.17537915191,
        "rescaledCoefs": [
            982.1437184601727,
            37536.77289792889,
            -7914.686265611694,
            42.57715992127279,
            -6.174914616196367,
            17838.159173502107,
            -16812.60256780918,
            49685.518912759566,
            4593.070157583345,
            -12040.068499894194,
            -508.81771202995515,
            145.81732191227664,
            -10181.891347191295,
            -350.2849178225416,
            -611.5943263969384,
            -1259.8553051719832,
            1227.6050766006815,
            1914.9777514134523,
            -7803.609117252435,
            -3919.9934572833936,
            2617.9429140974053,
            13361.398825713888,
            16017.003423989716,
            -3901.330790156489,
            8440.594858854709,
            9086.538381891229,
            -4270.836154026244,
            2051.432996005135,
            -2523.5242108265948,
            1259.2851165181062,
            9828.972631058421,
            -3590.485575375687,
            12229.231879406543,
            5431.374682055475,
            -1355.6910773545724,
            -10459.343302498904,
            -12093.245291152132,
            4087.950107367382,
            30550.995433645403,
            18845.6263023104,
            -7101.286848074223,
            -4714.730960152089,
            3110.7353688064886,
            1970.5943063065974,
            1255.4887407298681,
            -5789.02353115578,
            -2007.2506747949496,
            -6459.944150803782,
            -2128.433212991702,
            -2900.6713112702187,
            -3043.6971609731445,
            -489.06636532944793,
            18473.432872153204,
            18185.763415200912,
            4020.2175500122635,
            806.0068411689691,
            -10222.142442398688,
            -2060.7438196026783,
            1959.6450658338554,
            -5478.673192408753,
            11800.808283770515,
            -2913.312312543812,
            9060.706052268597,
            4900.784513066328,
            -2184.1321377681556,
            -4070.848752245038,
            -432.6592329576686,
            392.83656114033073,
            2542.7589674144747,
            -1775.1142589257079,
            -516.4306724614626,
            2782.7604079477874,
            -2821.451698825592,
            -5726.60435762301,
            -19895.08090339996,
            -186.5337219191288,
            -4584.605280794325,
            -470.5679139854859,
            3347.3951330102122,
            -618.4757375904219,
            -2258.9336588986803,
            9749.317588113934,
            982.9241763740098,
            -1461.2673366285376,
            -470.3849496389062,
            -1591.4537199794406,
            -3371.128844999579,
            66.36099555573077,
            -134.68112828618177,
            -2373.10853432068,
            -7045.564006673835,
            -440.83786852858424,
            -1748.523562791766,
            -324.636068522976,
            3915.0372985288545,
            1257.417493117178,
            -3493.5692240679086,
            15156.699925057605,
            3595.5396551517383,
            -2411.1476025488923,
            1189.329747839933,
            10934.233679815141,
            6260.16533034501,
            1526.8470071485701,
            -2649.291333084237,
            8031.963860202025,
            6087.166830545727,
            44073.49343836935,
            -26596.81057867339,
            80641.4558488012,
            41954.28530596723,
            2454.7262153948463,
            17838.159173502107,
            -16812.60256780918,
            49685.518912759566,
            4593.070157583345,
            -12040.068499894194,
            -508.81771202995515,
            145.81732191227664,
            -10181.891347191295,
            -350.2849178225416,
            -611.5943263969384,
            -1259.8553051719832,
            1227.6050766006815,
            1914.9777514134523,
            -7803.609117252435,
            -3919.9934572833936,
            2617.9429140974053,
            13361.398825713888,
            16017.003423989716,
            -3901.330790156489,
            8440.594858854709,
            9086.538381891229,
            -4270.836154026244,
            2051.432996005135,
            -2523.5242108265948,
            1259.2851165181062,
            9828.972631058421,
            -3590.485575375687,
            12229.231879406543,
            5431.374682055475,
            -1355.6910773545724,
            -10459.343302498904,
            -12093.245291152132,
            4087.950107367382,
            30550.995433645403,
            18845.6263023104,
            -7101.286848074223,
            -4714.730960152089,
            3110.7353688064886,
            1970.5943063065974,
            1255.4887407298681,
            -5789.02353115578,
            -2007.2506747949496,
            -6459.944150803782,
            -2128.433212991702,
            -2900.6713112702187,
            -3043.6971609731445,
            -489.06636532944793,
            18473.432872153204,
            18185.763415200912,
            4020.2175500122635,
            806.0068411689691,
            -10222.142442398688,
            -2060.7438196026783,
            1959.6450658338554,
            -5478.673192408753,
            11800.808283770515,
            -2913.312312543812,
            9060.706052268597,
            4900.784513066328,
            -2184.1321377681556,
            -4070.848752245038,
            -432.6592329576686,
            392.83656114033073,
            2542.7589674144747,
            -1775.1142589257079,
            -516.4306724614626,
            2782.7604079477874,
            -2821.451698825592,
            -5726.60435762301,
            -19895.08090339996,
            -186.5337219191288,
            -4584.605280794325,
            -470.5679139854859,
            3347.3951330102122,
            -618.4757375904219,
            -2258.9336588986803,
            9749.317588113934,
            982.9241763740098,
            -1461.2673366285376,
            -470.3849496389062,
            -1591.4537199794406,
            -3371.128844999579,
            66.36099555573077,
            -134.68112828618177,
            -2373.10853432068,
            -7045.564006673835,
            -440.83786852858424,
            -1748.523562791766,
            -324.636068522976,
            3915.0372985288545,
            1257.417493117178,
            -3493.5692240679086,
            15156.699925057605,
            3595.5396551517383,
            -2411.1476025488923,
            1189.329747839933,
            10934.233679815141,
            6260.16533034501,
            1526.8470071485701,
            -2649.291333084237,
            8031.963860202025,
            6087.166830545727,
            2267.510354721345,
            -29.421216770732116,
            5239.720085975926,
            1714.7817650457348,
            2107.1817868179182,
            1136.6585051990223,
            -1037.722703413844,
            4803.094910955983,
            4416.980558070277,
            3689.508881076933,
            479.9693981729707,
            3563.3182758613584,
            4964.808376827284,
            3697.754537862274,
            1400.2748270052887,
            1500.9019999385032,
            3828.646410550193,
            877.2397641745646,
            1850.9492277792142,
            -945.3076327975424,
            162.91365594214656,
            -416.89697940679315,
            -435.86332689523516,
            1936.189314618363,
            1087.3451476433895,
            991.1773998022334,
            -1620.1497525411514,
            62.68599363711955,
            -701.8866135375533,
            384.216611862324,
            1592.060312876687,
            -215.7409330312068,
            762.2083475333181,
            2.765171439355442,
            364.0596242589398,
            -590.9759666332073,
            2712.8944875530774,
            4527.744695547693,
            225.3860036715019,
            6056.365605137534,
            -275.976272549888,
            1501.815341767985,
            2047.5947054807996,
            -581.166775377619,
            4160.139704480544,
            778.7151257319953,
            4710.368301021308,
            4011.1523866615016,
            3721.7201877130283,
            -197.5586871859865,
            139.4751324493432,
            520.4838118040574,
            -102.082066182213,
            -150.77717962400212,
            727.9618608348466,
            2330.304010277214,
            908.1965817803798,
            979.0263670312295,
            -287.6705234867337,
            4340.447005882609,
            522.2066437984244,
            10.081666554532315,
            9.121364302467288,
            1407.7833014733078,
            270.86874941413276,
            2099.9787231920786,
            1472.841031975705,
            1348.5202557173575,
            2183.902929429496,
            78.53246215122057,
            4151.674972729558,
            -494.0899939152729,
            848.7598480994195,
            695.5982220177808,
            46.23125248777316,
            1947.5722182312834,
            1665.784879918196,
            -437.33480472557534,
            145.80827144219043,
            373.24303187992604,
            901.3609884747716,
            -861.5261433149293,
            -520.7333218672209,
            3304.1419001685763,
            1322.5806690635932,
            20.359745355106373,
            1753.7078025863343,
            752.1247916521967,
            2.0982079318696765,
            343.725503969421,
            10.929333377421269,
            -638.0596396799203,
            1249.5716788671668,
            -265.110272198319,
            90.48931255124926,
            2415.2383885335735,
            657.3215765336204,
            1277.3622413617063,
            -1342.339368293703,
            919.2788687739145,
            1660.3479193121286,
            19431.17555764528
        ],
        "rescaledInterceptCoef": -5995.685623795147
    }
}