{
    "metrics": {
        "evs": 0.19032293261420863,
        "mape": 0.2981901664664115,
        "mae": 50527.245623939794,
        "mse": 10956676283.570127,
        "rmse": 104674.14333812399,
        "rmsle": 0,
        "r2": 0.19019540937910873,
        "pearson": 0.6237072037107967,
        "customMetricsResults": []
    },
    "processed_feature_names": [
        "housing_median_age",
        "median_income",
        "family_size",
        "total_bedrooms",
        "total_rooms",
        "dummy:city:Los Angeles",
        "dummy:city:San Diego",
        "dummy:city:San Francisco",
        "dummy:city:San Jose",
        "dummy:city:Oakland",
        "dummy:city:Long Beach",
        "dummy:city:Sacramento",
        "dummy:city:Fresno",
        "dummy:city:Stockton",
        "dummy:city:Anaheim",
        "dummy:city:San Bernardino",
        "dummy:city:Santa Ana",
        "dummy:city:Riverside",
        "dummy:city:Bakersfield",
        "dummy:city:Fullerton",
        "dummy:city:Modesto",
        "dummy:city:Glendale",
        "dummy:city:Torrance",
        "dummy:city:Garden Grove",
        "dummy:city:Berkeley",
        "dummy:city:Pasadena",
        "dummy:city:Concord",
        "dummy:city:Irvine",
        "dummy:city:Hayward",
        "dummy:city:Downey",
        "dummy:city:Sunnyvale",
        "dummy:city:Santa Rosa",
        "dummy:city:San Mateo",
        "dummy:city:Burbank",
        "dummy:city:Fremont",
        "dummy:city:Richmond",
        "dummy:city:Chula Vista",
        "dummy:city:Ontario",
        "dummy:city:Santa Monica",
        "dummy:city:Santa Barbara",
        "dummy:city:Compton",
        "dummy:city:Oceanside",
        "dummy:city:Thousand Oaks",
        "dummy:city:Pomona",
        "dummy:city:Costa Mesa",
        "dummy:city:San Leandro",
        "dummy:city:Ventura",
        "dummy:city:Norwalk",
        "dummy:city:Inglewood",
        "dummy:city:Simi Valley",
        "dummy:city:Visalia",
        "dummy:city:Orange",
        "dummy:city:Palo Alto",
        "dummy:city:Newport Beach",
        "dummy:city:Alameda",
        "dummy:city:Oxnard",
        "dummy:city:Vallejo",
        "dummy:city:South Gate",
        "dummy:city:Santa Clara",
        "dummy:city:Carson",
        "dummy:city:Redondo Beach",
        "dummy:city:Lakewood",
        "dummy:city:Mountain View",
        "dummy:city:Upland",
        "dummy:city:Whittier",
        "dummy:city:Clovis",
        "dummy:city:Hawthorne",
        "dummy:city:Redding",
        "dummy:city:Santa Cruz",
        "dummy:city:Pico Rivera",
        "dummy:city:Lancaster",
        "dummy:city:Alhambra",
        "dummy:city:Napa",
        "dummy:city:El Cajon",
        "dummy:city:Vacaville",
        "dummy:city:Gardena",
        "dummy:city:Santa Maria",
        "dummy:city:Westminster",
        "dummy:city:Monterey Park",
        "dummy:city:Redlands",
        "dummy:city:Mission Viejo",
        "dummy:city:Culver City",
        "dummy:city:Fontana",
        "dummy:city:Fairfield",
        "dummy:city:Antioch",
        "dummy:city:Vista",
        "dummy:city:Buena Park",
        "dummy:city:Lodi",
        "dummy:city:Rialto",
        "dummy:city:Bellflower",
        "dummy:city:National City",
        "dummy:city:Fountain Valley",
        "dummy:city:La Habra",
        "dummy:city:Walnut Creek",
        "dummy:city:Glendora",
        "dummy:city:Daly City",
        "dummy:city:Escondido",
        "dummy:city:Manhattan Beach",
        "dummy:city:Lawndale",
        "dummy:city:Lynwood",
        "dummy:city:Carlsbad",
        "dummy:city:Los Altos",
        "dummy:city:Redwood City",
        "dummy:city:Encinitas",
        "dummy:city:Salinas",
        "dummy:city:N/A",
        "dummy:city:__Others__",
        "dummy:ocean_proximity:<1H OCEAN",
        "dummy:ocean_proximity:INLAND",
        "dummy:ocean_proximity:NEAR OCEAN",
        "dummy:ocean_proximity:NEAR BAY",
        "dummy:ocean_proximity:ISLAND",
        "dummy:ocean_proximity:N/A",
        "dummy:ocean_proximity:__Others__",
        "dummy:city_enName:Los Angeles",
        "dummy:city_enName:San Diego",
        "dummy:city_enName:San Francisco",
        "dummy:city_enName:San Jose",
        "dummy:city_enName:Oakland",
        "dummy:city_enName:Long Beach",
        "dummy:city_enName:Sacramento",
        "dummy:city_enName:Fresno",
        "dummy:city_enName:Stockton",
        "dummy:city_enName:Anaheim",
        "dummy:city_enName:San Bernardino",
        "dummy:city_enName:Santa Ana",
        "dummy:city_enName:Riverside",
        "dummy:city_enName:Bakersfield",
        "dummy:city_enName:Fullerton",
        "dummy:city_enName:Modesto",
        "dummy:city_enName:Glendale",
        "dummy:city_enName:Torrance",
        "dummy:city_enName:Garden Grove",
        "dummy:city_enName:Berkeley",
        "dummy:city_enName:Pasadena",
        "dummy:city_enName:Concord",
        "dummy:city_enName:Irvine",
        "dummy:city_enName:Hayward",
        "dummy:city_enName:Downey",
        "dummy:city_enName:Sunnyvale",
        "dummy:city_enName:Santa Rosa",
        "dummy:city_enName:San Mateo",
        "dummy:city_enName:Burbank",
        "dummy:city_enName:Fremont",
        "dummy:city_enName:Richmond",
        "dummy:city_enName:Chula Vista",
        "dummy:city_enName:Ontario",
        "dummy:city_enName:Santa Monica",
        "dummy:city_enName:Santa Barbara",
        "dummy:city_enName:Compton",
        "dummy:city_enName:Oceanside",
        "dummy:city_enName:Thousand Oaks",
        "dummy:city_enName:Pomona",
        "dummy:city_enName:Costa Mesa",
        "dummy:city_enName:San Leandro",
        "dummy:city_enName:Ventura",
        "dummy:city_enName:Norwalk",
        "dummy:city_enName:Inglewood",
        "dummy:city_enName:Simi Valley",
        "dummy:city_enName:Visalia",
        "dummy:city_enName:Orange",
        "dummy:city_enName:Palo Alto",
        "dummy:city_enName:Newport Beach",
        "dummy:city_enName:Alameda",
        "dummy:city_enName:Oxnard",
        "dummy:city_enName:Vallejo",
        "dummy:city_enName:South Gate",
        "dummy:city_enName:Santa Clara",
        "dummy:city_enName:Carson",
        "dummy:city_enName:Redondo Beach",
        "dummy:city_enName:Lakewood",
        "dummy:city_enName:Mountain View",
        "dummy:city_enName:Upland",
        "dummy:city_enName:Whittier",
        "dummy:city_enName:Clovis",
        "dummy:city_enName:Hawthorne",
        "dummy:city_enName:Redding",
        "dummy:city_enName:Santa Cruz",
        "dummy:city_enName:Pico Rivera",
        "dummy:city_enName:Lancaster",
        "dummy:city_enName:Alhambra",
        "dummy:city_enName:Napa",
        "dummy:city_enName:El Cajon",
        "dummy:city_enName:Vacaville",
        "dummy:city_enName:Gardena",
        "dummy:city_enName:Santa Maria",
        "dummy:city_enName:Westminster",
        "dummy:city_enName:Monterey Park",
        "dummy:city_enName:Redlands",
        "dummy:city_enName:Mission Viejo",
        "dummy:city_enName:Culver City",
        "dummy:city_enName:Fontana",
        "dummy:city_enName:Fairfield",
        "dummy:city_enName:Antioch",
        "dummy:city_enName:Vista",
        "dummy:city_enName:Buena Park",
        "dummy:city_enName:Lodi",
        "dummy:city_enName:Rialto",
        "dummy:city_enName:Bellflower",
        "dummy:city_enName:National City",
        "dummy:city_enName:Fountain Valley",
        "dummy:city_enName:La Habra",
        "dummy:city_enName:Walnut Creek",
        "dummy:city_enName:Glendora",
        "dummy:city_enName:Daly City",
        "dummy:city_enName:Escondido",
        "dummy:city_enName:Manhattan Beach",
        "dummy:city_enName:Lawndale",
        "dummy:city_enName:Lynwood",
        "dummy:city_enName:Carlsbad",
        "dummy:city_enName:Los Altos",
        "dummy:city_enName:Redwood City",
        "dummy:city_enName:Encinitas",
        "dummy:city_enName:Salinas",
        "dummy:city_enName:N/A",
        "dummy:city_enName:__Others__",
        "dummy:location:POINT(-122.42 37.75)",
        "dummy:location:POINT(-118.26 34.02)",
        "dummy:location:POINT(-122.42 37.8)",
        "dummy:location:POINT(-118.29 34.09)",
        "dummy:location:POINT(-122.42 37.76)",
        "dummy:location:POINT(-118.26 34.07)",
        "dummy:location:POINT(-118.28 33.99)",
        "dummy:location:POINT(-118.47 33.99)",
        "dummy:location:POINT(-122.41 37.8)",
        "dummy:location:POINT(-122.46 37.78)",
        "dummy:location:POINT(-118.19 34.05)",
        "dummy:location:POINT(-122.44 37.78)",
        "dummy:location:POINT(-118.31 34.05)",
        "dummy:location:POINT(-118.36 34.09)",
        "dummy:location:POINT(-118.19 33.78)",
        "dummy:location:POINT(-122.49 37.76)",
        "dummy:location:POINT(-122.47 37.78)",
        "dummy:location:POINT(-118.27 34.07)",
        "dummy:location:POINT(-122.47 37.76)",
        "dummy:location:POINT(-118.28 33.93)",
        "dummy:location:POINT(-122.41 37.75)",
        "dummy:location:POINT(-118.35 34.04)",
        "dummy:location:POINT(-118.36 34.03)",
        "dummy:location:POINT(-118.32 34.09)",
        "dummy:location:POINT(-122.28 37.81)",
        "dummy:location:POINT(-118.37 34.16)",
        "dummy:location:POINT(-118.32 33.98)",
        "dummy:location:POINT(-117.14 32.75)",
        "dummy:location:POINT(-118.31 34.02)",
        "dummy:location:POINT(-122.42 37.74)",
        "dummy:location:POINT(-122.41 37.79)",
        "dummy:location:POINT(-122.43 37.73)",
        "dummy:location:POINT(-122.24 37.8)",
        "dummy:location:POINT(-118.2 34.05)",
        "dummy:location:POINT(-122.27 37.85)",
        "dummy:location:POINT(-118.19 34.12)",
        "dummy:location:POINT(-122.26 37.77)",
        "dummy:location:POINT(-122.44 37.79)",
        "dummy:location:POINT(-122.21 37.78)",
        "dummy:location:POINT(-122.44 37.8)",
        "dummy:location:POINT(-118.29 34.04)",
        "dummy:location:POINT(-122.24 37.81)",
        "dummy:location:POINT(-118.24 34.14)",
        "dummy:location:POINT(-118.23 33.91)",
        "dummy:location:POINT(-118.37 34.09)",
        "dummy:location:POINT(-122.42 37.78)",
        "dummy:location:POINT(-118.37 34.07)",
        "dummy:location:POINT(-118.39 33.88)",
        "dummy:location:POINT(-122.43 37.79)",
        "dummy:location:POINT(-117.13 32.75)",
        "dummy:location:POINT(-122.24 37.79)",
        "dummy:location:POINT(-122.29 37.81)",
        "dummy:location:POINT(-118.14 33.86)",
        "dummy:location:POINT(-118.3 34.02)",
        "dummy:location:POINT(-118.22 33.9)",
        "dummy:location:POINT(-118.3 34.06)",
        "dummy:location:POINT(-122.47 37.75)",
        "dummy:location:POINT(-118.22 33.98)",
        "dummy:location:POINT(-117.13 32.7)",
        "dummy:location:POINT(-118.4 33.87)",
        "dummy:location:POINT(-122.23 37.79)",
        "dummy:location:POINT(-118.21 34.04)",
        "dummy:location:POINT(-118.2 33.77)",
        "dummy:location:POINT(-122.43 37.78)",
        "dummy:location:POINT(-118.26 34.08)",
        "dummy:location:POINT(-122.43 37.77)",
        "dummy:location:POINT(-118.27 34.06)",
        "dummy:location:POINT(-122.43 37.75)",
        "dummy:location:POINT(-118.27 34.16)",
        "dummy:location:POINT(-122.08 37.63)",
        "dummy:location:POINT(-122.45 37.77)",
        "dummy:location:POINT(-118.28 33.96)",
        "dummy:location:POINT(-122.21 37.8)",
        "dummy:location:POINT(-118.16 33.78)",
        "dummy:location:POINT(-118.28 34.01)",
        "dummy:location:POINT(-118.41 34)",
        "dummy:location:POINT(-118.41 34.02)",
        "dummy:location:POINT(-122.28 37.85)",
        "dummy:location:POINT(-118.25 34.02)",
        "dummy:location:POINT(-118.17 33.77)",
        "dummy:location:POINT(-118.16 34.02)",
        "dummy:location:POINT(-118.29 33.98)",
        "dummy:location:POINT(-118.27 33.94)",
        "dummy:location:POINT(-117.16 32.74)",
        "dummy:location:POINT(-122.44 37.75)",
        "dummy:location:POINT(-122.49 37.75)",
        "dummy:location:POINT(-118.31 34.09)",
        "dummy:location:POINT(-117.93 33.85)",
        "dummy:location:POINT(-118.32 34.04)",
        "dummy:location:POINT(-117.97 34.05)",
        "dummy:location:POINT(-121.88 37.44)",
        "dummy:location:POINT(-118.06 33.98)",
        "dummy:location:POINT(-118.35 33.9)",
        "dummy:location:POINT(-118.32 33.91)",
        "dummy:location:POINT(-118.11 33.84)",
        "dummy:location:POINT(-117.91 33.84)",
        "dummy:location:POINT(-118.36 33.9)",
        "dummy:location:POINT(-117.24 32.8)",
        "dummy:location:POINT(-118.31 33.94)",
        "dummy:location:POINT(-118.35 33.97)",
        "dummy:location:POINT(-122.49 37.78)",
        "dummy:location:N/A",
        "dummy:location:__Others__"
    ],
    "regression_performance": {
        "error_distribution": [
            {
                "bin_id": 0,
                "bin_min": -115323.3124507653,
                "bin_max": -85254.70086622215,
                "count": 208
            },
            {
                "bin_id": 1,
                "bin_min": -85254.70086622215,
                "bin_max": -55483.79830726853,
                "count": 337
            },
            {
                "bin_id": 2,
                "bin_min": -55483.79830726853,
                "bin_max": -25712.895748314913,
                "count": 688
            },
            {
                "bin_id": 3,
                "bin_min": -25712.895748314913,
                "bin_max": 4058.0068106387043,
                "count": 808
            },
            {
                "bin_id": 4,
                "bin_min": 4058.0068106387043,
                "bin_max": 33828.90936959232,
                "count": 536
            },
            {
                "bin_id": 5,
                "bin_min": 33828.90936959232,
                "bin_max": 63599.81192854594,
                "count": 311
            },
            {
                "bin_id": 6,
                "bin_min": 63599.81192854594,
                "bin_max": 93370.71448749956,
                "count": 166
            },
            {
                "bin_id": 7,
                "bin_min": 93370.71448749956,
                "bin_max": 123141.61704645318,
                "count": 93
            },
            {
                "bin_id": 8,
                "bin_min": 123141.61704645318,
                "bin_max": 152912.5196054068,
                "count": 73
            },
            {
                "bin_id": 9,
                "bin_min": 152912.5196054068,
                "bin_max": 182683.42216436038,
                "count": 117
            }
        ],
        "raw_min_error": -242961.32030193484,
        "min_error": -115025.60342517577,
        "p25_error": -40872.4333562135,
        "median_error": -9522.729396920666,
        "average_error": -670.8239810004477,
        "std_error": 62927.040835587744,
        "p75_error": 28486.689560955856,
        "p90_error": 84166.19434283293,
        "max_error": 182683.42216436038,
        "raw_max_error": 4572437.754026482
    },
    "scatterPlotData": {
        "x": [
            48500.0,
            122000.0,
            300000.0,
            142200.0,
            108300.0,
            239400.0,
            43700.0,
            169200.0,
            52100.0,
            119500.0,
            161700.0,
            227500.0,
            88300.0,
            433800.0,
            211900.0,
            54200.0,
            166900.0,
            168800.0,
            251800.0,
            461200.0,
            87500.0,
            209500.0,
            237700.0,
            500001.0,
            173900.0,
            138100.0,
            151400.0,
            379800.0,
            137500.0,
            174100.0,
            148500.0,
            88300.0,
            177500.0,
            86100.0,
            83600.0,
            99400.0,
            76100.0,
            217900.0,
            234600.0,
            220800.0,
            222900.0,
            63400.0,
            52100.0,
            368400.0,
            71900.0,
            126600.0,
            77100.0,
            144100.0,
            110800.0,
            469900.0,
            289100.0,
            101600.0,
            91900.0,
            86200.0,
            257600.0,
            205900.0,
            369100.0,
            131500.0,
            233300.0,
            435100.0,
            243800.0,
            141700.0,
            185600.0,
            500001.0,
            282100.0,
            180000.0,
            77800.0,
            371600.0,
            73000.0,
            94900.0,
            290900.0,
            373400.0,
            110900.0,
            120600.0,
            101100.0,
            296300.0,
            143300.0,
            180700.0,
            258800.0,
            91100.0,
            500001.0,
            205100.0,
            109700.0,
            273000.0,
            100000.0,
            187500.0,
            158000.0,
            287600.0,
            121500.0,
            192200.0,
            236800.0,
            361600.0,
            147200.0,
            131800.0,
            149600.0,
            170500.0,
            130800.0,
            74100.0,
            103100.0,
            90000.0,
            247600.0,
            339200.0,
            247700.0,
            48300.0,
            273400.0,
            500001.0,
            109400.0,
            169000.0,
            206300.0,
            387700.0,
            238800.0,
            70500.0,
            340000.0,
            145200.0,
            344800.0,
            70000.0,
            95000.0,
            137500.0,
            223200.0,
            425000.0,
            91100.0,
            157500.0,
            172500.0,
            416700.0,
            98800.0,
            96700.0,
            150800.0,
            105400.0,
            156800.0,
            209400.0,
            90600.0,
            136300.0,
            164500.0,
            130900.0,
            177400.0,
            146900.0,
            90800.0,
            295200.0,
            50400.0,
            87500.0,
            123800.0,
            161300.0,
            63300.0,
            72000.0,
            109900.0,
            325000.0,
            500001.0,
            113900.0,
            188300.0,
            155300.0,
            213100.0,
            179800.0,
            99500.0,
            371500.0,
            85500.0,
            94200.0,
            271500.0,
            113200.0,
            500001.0,
            450700.0,
            275000.0,
            344700.0,
            411900.0,
            67500.0,
            73200.0,
            79200.0,
            210900.0,
            500001.0,
            161000.0,
            70000.0,
            102700.0,
            356100.0,
            110700.0,
            157200.0,
            92300.0,
            306700.0,
            153000.0,
            201400.0,
            198100.0,
            387200.0,
            83300.0,
            150000.0,
            134700.0,
            281300.0,
            336700.0,
            165000.0,
            128300.0,
            131300.0,
            279500.0,
            89900.0,
            200000.0,
            139700.0,
            106900.0,
            196300.0,
            240900.0,
            141600.0,
            213900.0,
            229500.0,
            213400.0,
            122700.0,
            500001.0,
            81900.0,
            50800.0,
            163100.0,
            57900.0,
            478600.0,
            372200.0,
            224600.0,
            85700.0,
            89400.0,
            78800.0,
            143800.0,
            228200.0,
            104200.0,
            246900.0,
            374300.0,
            127500.0,
            208300.0,
            229100.0,
            212200.0,
            230800.0,
            283100.0,
            500001.0,
            99100.0,
            321100.0,
            191700.0,
            500000.0,
            97800.0,
            153300.0,
            200000.0,
            81100.0,
            59400.0,
            129700.0,
            156400.0,
            272000.0,
            306700.0,
            500001.0,
            72000.0,
            52900.0,
            64500.0,
            180500.0,
            127900.0,
            284800.0,
            190500.0,
            389800.0,
            212800.0,
            134400.0,
            152800.0,
            166300.0,
            354500.0,
            500001.0,
            172700.0,
            209200.0,
            100000.0,
            137600.0,
            183300.0,
            157200.0,
            136800.0,
            145200.0,
            92600.0,
            94300.0,
            92800.0,
            288500.0,
            58800.0,
            170700.0,
            224200.0,
            271300.0,
            112400.0,
            99300.0,
            162500.0,
            109700.0,
            93800.0,
            500001.0,
            191300.0,
            500001.0,
            71000.0,
            87200.0,
            57800.0,
            351300.0,
            138800.0,
            146500.0,
            136800.0,
            169100.0,
            261400.0,
            325000.0,
            415600.0,
            154200.0,
            62500.0,
            123800.0,
            210000.0,
            108900.0,
            218600.0,
            291100.0,
            152500.0,
            148400.0,
            142900.0,
            154000.0,
            164400.0,
            111600.0,
            269500.0,
            365700.0,
            158200.0,
            240800.0,
            54200.0,
            59100.0,
            121500.0,
            261300.0,
            220000.0,
            147200.0,
            165000.0,
            405100.0,
            225000.0,
            206300.0,
            179800.0,
            191100.0,
            134600.0,
            135000.0,
            208100.0,
            245100.0,
            336900.0,
            137500.0,
            210700.0,
            225800.0,
            226400.0,
            223100.0,
            500001.0,
            93800.0,
            165500.0,
            158600.0,
            119700.0,
            350000.0,
            54900.0,
            282000.0,
            229200.0,
            266900.0,
            74900.0,
            167500.0,
            214600.0,
            173200.0,
            142900.0,
            500001.0,
            371000.0,
            77300.0,
            196100.0,
            247600.0,
            251200.0,
            240000.0,
            500001.0,
            45800.0,
            150000.0,
            48800.0,
            285400.0,
            248900.0,
            143800.0,
            80600.0,
            98000.0,
            231700.0,
            345300.0,
            87500.0,
            76200.0,
            196700.0,
            157300.0,
            434500.0,
            158600.0,
            140600.0,
            200900.0,
            74000.0,
            156700.0,
            75400.0,
            352100.0,
            207500.0,
            223500.0,
            128800.0,
            276800.0,
            91700.0,
            142600.0,
            231600.0,
            55000.0,
            186100.0,
            254500.0,
            72200.0,
            269800.0,
            146900.0,
            141100.0,
            224100.0,
            220000.0,
            164100.0,
            323000.0,
            359900.0,
            119400.0,
            94500.0,
            156900.0,
            55000.0,
            208000.0,
            112500.0,
            221200.0,
            239600.0,
            84100.0,
            500001.0,
            133100.0,
            125000.0,
            399700.0,
            161100.0,
            127600.0,
            171400.0,
            341700.0,
            47800.0,
            140300.0,
            71900.0,
            295900.0,
            70700.0,
            233200.0,
            207700.0,
            315200.0,
            145800.0,
            396400.0,
            128900.0,
            216800.0,
            195700.0,
            113700.0,
            188500.0,
            363300.0,
            68000.0,
            169500.0,
            136600.0,
            293200.0,
            411800.0,
            264700.0,
            386200.0,
            113300.0,
            105000.0,
            45500.0,
            500001.0,
            137500.0,
            370200.0,
            111100.0,
            353900.0,
            126700.0,
            60000.0,
            99100.0,
            350000.0,
            338400.0,
            139300.0,
            500001.0,
            44000.0,
            410300.0,
            223900.0,
            230000.0,
            382400.0,
            284900.0,
            262500.0,
            180700.0,
            230000.0,
            219000.0,
            92200.0,
            111500.0,
            162400.0,
            223400.0,
            434800.0,
            353600.0,
            125000.0,
            142600.0,
            115200.0,
            92700.0,
            233000.0,
            110900.0,
            184600.0,
            108900.0,
            150800.0,
            133900.0,
            170300.0,
            230600.0,
            182100.0,
            251100.0,
            110400.0,
            500001.0,
            188200.0,
            75200.0,
            174000.0,
            369100.0,
            270000.0,
            481300.0,
            151900.0,
            47700.0,
            237200.0,
            208000.0,
            179400.0,
            275000.0,
            79200.0,
            95700.0,
            254100.0,
            400000.0,
            177000.0,
            156800.0,
            106300.0,
            200000.0,
            153400.0,
            87500.0,
            116700.0,
            175000.0,
            331000.0,
            220000.0,
            275000.0,
            72900.0,
            242600.0,
            109400.0,
            85300.0,
            162500.0,
            146600.0,
            102100.0,
            265400.0,
            304000.0,
            204800.0,
            240500.0,
            192400.0,
            114200.0,
            164600.0,
            208300.0,
            142300.0,
            112500.0,
            134000.0,
            175000.0,
            170200.0,
            136600.0,
            91400.0,
            139700.0,
            371100.0,
            198400.0,
            500001.0,
            232400.0,
            126800.0,
            150000.0,
            223300.0,
            55100.0,
            84700.0,
            206300.0,
            500001.0,
            387100.0,
            290500.0,
            246400.0,
            254200.0,
            222800.0,
            209900.0,
            143300.0,
            150500.0,
            176400.0,
            215400.0,
            143200.0,
            85000.0,
            61000.0,
            65000.0,
            196400.0,
            145000.0,
            75000.0,
            97700.0,
            177100.0,
            96700.0,
            95800.0,
            158900.0,
            500001.0,
            181100.0,
            83700.0,
            87500.0,
            188800.0,
            236200.0,
            290900.0,
            222800.0,
            175900.0,
            155200.0,
            305300.0,
            55000.0,
            184800.0,
            264700.0,
            49300.0,
            312500.0,
            73100.0,
            384200.0,
            90900.0,
            500001.0,
            156700.0,
            69000.0,
            65900.0,
            113600.0,
            500001.0,
            131300.0,
            136300.0,
            500001.0,
            330900.0,
            306800.0,
            500001.0,
            265000.0,
            199800.0,
            340800.0,
            171600.0,
            211300.0,
            141300.0,
            162100.0,
            276100.0,
            235100.0,
            239900.0,
            356500.0,
            141500.0,
            58900.0,
            500001.0,
            359000.0,
            238700.0,
            162500.0,
            239900.0,
            178800.0,
            97800.0,
            216700.0,
            94700.0,
            182100.0,
            500001.0,
            329500.0,
            72700.0,
            367400.0,
            264800.0,
            173100.0,
            106300.0,
            109800.0,
            329500.0,
            277200.0,
            153900.0,
            198600.0,
            198400.0,
            159500.0,
            142400.0,
            336800.0,
            93000.0,
            196300.0,
            280400.0,
            219000.0,
            228700.0,
            185100.0,
            366200.0,
            153200.0,
            385700.0,
            128700.0,
            475000.0,
            270600.0,
            120700.0,
            160300.0,
            232000.0,
            94000.0,
            356300.0,
            298400.0,
            109400.0,
            251300.0,
            223600.0,
            335300.0,
            95800.0,
            104600.0,
            475000.0,
            500001.0,
            187200.0,
            199000.0,
            500001.0,
            39600.0,
            224200.0,
            113400.0,
            237600.0,
            84700.0,
            149500.0,
            57900.0,
            199600.0,
            235300.0,
            387800.0,
            223900.0,
            500001.0,
            439300.0,
            345000.0,
            151900.0,
            92400.0,
            500001.0,
            350400.0,
            330000.0,
            41400.0,
            353100.0,
            53300.0,
            190600.0,
            51600.0,
            126000.0,
            284100.0,
            55000.0,
            88100.0,
            192000.0,
            229300.0,
            335400.0,
            280800.0,
            245600.0,
            432100.0,
            192100.0,
            276000.0,
            281900.0,
            396400.0,
            96000.0,
            103100.0,
            203400.0,
            275000.0,
            135700.0,
            186600.0,
            428600.0,
            118800.0,
            465800.0,
            359300.0,
            120400.0,
            55000.0,
            73000.0,
            263300.0,
            194100.0,
            62000.0,
            184800.0,
            204500.0,
            163100.0,
            266700.0,
            76200.0,
            313400.0,
            230000.0,
            357400.0,
            260900.0,
            93100.0,
            486400.0,
            287200.0,
            225400.0,
            287700.0,
            374500.0,
            337200.0,
            51700.0,
            254400.0,
            261300.0,
            290500.0,
            227900.0,
            142300.0,
            58800.0,
            161700.0,
            125000.0,
            500001.0,
            193800.0,
            162500.0,
            154700.0,
            146500.0,
            203700.0,
            200000.0,
            107900.0,
            189800.0,
            97900.0,
            162500.0,
            72500.0,
            52400.0,
            208100.0,
            102200.0,
            162700.0,
            350000.0,
            230900.0,
            218200.0,
            141700.0,
            400000.0,
            112500.0,
            141600.0,
            129100.0,
            67500.0,
            63200.0,
            481500.0,
            218800.0,
            156000.0,
            372400.0,
            187500.0,
            92800.0,
            165100.0,
            164800.0,
            256300.0,
            254900.0,
            500001.0,
            210000.0,
            185400.0,
            439800.0,
            460000.0,
            267900.0,
            293100.0,
            222400.0,
            135600.0,
            83900.0,
            140100.0,
            368500.0,
            301300.0,
            159800.0,
            105700.0,
            105800.0,
            147200.0,
            158300.0,
            272200.0,
            125600.0,
            79900.0,
            225400.0,
            117500.0,
            118500.0,
            207000.0,
            204600.0,
            94900.0,
            274000.0,
            247100.0,
            84500.0,
            95000.0,
            155500.0,
            100000.0,
            50000.0,
            116700.0,
            90100.0,
            330000.0,
            83200.0,
            166300.0,
            161300.0,
            178500.0,
            239300.0,
            90200.0,
            391900.0,
            366100.0,
            257900.0,
            147100.0,
            166700.0,
            219400.0,
            158300.0,
            245600.0,
            389200.0,
            119900.0,
            376100.0,
            112500.0,
            460200.0,
            154600.0,
            109400.0,
            133500.0,
            176800.0,
            450000.0,
            168600.0,
            189600.0,
            152200.0,
            299400.0,
            130500.0,
            162500.0,
            231100.0,
            66500.0,
            316400.0,
            228700.0,
            500001.0,
            134400.0,
            67500.0,
            89600.0,
            155000.0,
            38800.0,
            187500.0,
            184200.0,
            52100.0,
            360900.0,
            45000.0,
            59400.0,
            118800.0,
            206700.0,
            418400.0,
            112100.0,
            500001.0,
            114300.0,
            65900.0,
            296800.0,
            123800.0,
            321600.0,
            137500.0,
            236100.0,
            174600.0,
            111700.0,
            175500.0,
            63700.0,
            500001.0,
            171300.0,
            181900.0,
            241900.0,
            191900.0,
            166300.0,
            142100.0,
            321400.0,
            118800.0,
            348200.0,
            225000.0,
            160600.0,
            96100.0,
            95600.0,
            140200.0,
            123100.0,
            154400.0,
            246300.0,
            92400.0,
            150800.0,
            174000.0,
            97300.0,
            100000.0,
            65900.0,
            414700.0,
            311400.0,
            153700.0,
            381900.0,
            222400.0,
            207300.0,
            177400.0,
            190800.0,
            159400.0,
            325900.0,
            180700.0,
            349500.0,
            306500.0,
            121900.0,
            81800.0,
            234800.0,
            205300.0,
            325400.0,
            341800.0,
            250000.0,
            100000.0,
            247800.0,
            267500.0,
            212600.0,
            148600.0,
            66400.0,
            353700.0,
            400000.0,
            234700.0,
            160000.0,
            254600.0,
            211900.0,
            264400.0,
            92400.0,
            284900.0,
            160700.0,
            114400.0,
            250000.0,
            333300.0,
            193200.0,
            133000.0,
            192700.0,
            500001.0,
            182100.0,
            436100.0,
            137500.0,
            275000.0,
            57500.0,
            272600.0,
            500001.0,
            162100.0,
            226100.0,
            365500.0,
            176500.0,
            366700.0,
            322000.0,
            169400.0,
            137500.0,
            113100.0,
            255900.0,
            75500.0,
            318600.0,
            231300.0,
            364300.0,
            179100.0,
            400000.0,
            88400.0,
            456900.0,
            339600.0,
            219100.0,
            326100.0,
            243800.0,
            155700.0,
            94600.0,
            80000.0,
            174500.0,
            171800.0,
            281000.0,
            288900.0,
            119600.0,
            350000.0,
            333300.0,
            61500.0,
            108300.0,
            258300.0,
            271500.0,
            281300.0,
            265800.0,
            86500.0,
            92500.0,
            500001.0,
            285300.0,
            200000.0,
            184700.0,
            414000.0,
            348100.0,
            171000.0,
            110200.0,
            47700.0,
            167700.0,
            178900.0,
            262500.0,
            215600.0,
            181400.0
        ],
        "y": [
            1492.9111,
            94353.3778,
            222278.8953,
            183352.3808,
            185310.3319,
            326629.5503,
            66699.3819,
            183994.785,
            68838.6952,
            129888.5453,
            185415.1898,
            266681.5356,
            167014.8178,
            435995.3894,
            247316.6164,
            74633.5231,
            216216.4951,
            268616.9475,
            301548.939,
            309016.1309,
            79859.9024,
            288706.357,
            296106.8096,
            374638.2451,
            253499.1275,
            141315.5932,
            135366.974,
            347285.8778,
            121871.3944,
            194851.44,
            142495.5966,
            148815.1196,
            172838.4592,
            104080.1118,
            122148.0451,
            164210.3617,
            205095.4825,
            222844.77,
            151617.0849,
            195915.2123,
            296113.0448,
            91721.5341,
            49984.7615,
            320451.7909,
            136798.9269,
            128339.2359,
            119098.217,
            243990.8938,
            112969.5796,
            396086.1388,
            278862.0237,
            147866.4729,
            98617.6428,
            85096.211,
            226329.0391,
            205746.1661,
            343682.3345,
            135874.935,
            312620.7539,
            301995.2073,
            212493.4683,
            159036.7591,
            215751.5037,
            396880.3657,
            258667.8177,
            184590.8031,
            67282.6568,
            281099.7075,
            93471.0106,
            138014.8954,
            347367.052,
            289231.8411,
            138818.2865,
            200127.4277,
            195715.4366,
            283874.3576,
            239290.3953,
            178638.555,
            254008.1531,
            108085.1446,
            353480.8492,
            270375.7665,
            135973.2824,
            242618.3687,
            71928.6991,
            293556.151,
            236751.9848,
            264260.9012,
            151818.4619,
            261959.8466,
            193653.8621,
            361521.5961,
            133298.7502,
            177949.455,
            116455.8588,
            222243.2206,
            92017.5941,
            193513.4864,
            49180.7995,
            117000.3625,
            283814.7016,
            300809.5258,
            253085.3706,
            69034.6383,
            198440.7077,
            376490.3024,
            188956.8616,
            163190.014,
            191130.6273,
            316754.0284,
            268448.492,
            184666.6376,
            376136.3821,
            130537.8653,
            283564.0135,
            94555.7008,
            180161.9931,
            117451.5241,
            211228.8218,
            257730.284,
            166359.6659,
            161011.4375,
            177601.2748,
            321074.3009,
            75562.7774,
            111018.9248,
            157660.7985,
            98741.3001,
            148052.9801,
            225808.7372,
            124238.1887,
            194725.1625,
            145076.1973,
            125883.3455,
            241126.8647,
            145449.8442,
            179764.2109,
            151733.6305,
            29503.8777,
            111465.3546,
            68960.5803,
            225445.2305,
            91084.0013,
            122921.2432,
            132106.3069,
            232196.3714,
            325242.1322,
            133444.7977,
            262911.2831,
            181811.4377,
            236658.302,
            81177.8383,
            119090.4843,
            420776.1688,
            97871.7527,
            175058.1564,
            235944.1843,
            136544.378,
            374770.1197,
            411928.3359,
            157246.1916,
            335826.4846,
            326858.7164,
            -4504937.754,
            74427.4239,
            93568.098,
            173906.379,
            354366.7587,
            125280.8789,
            117238.5239,
            197035.2176,
            251100.8035,
            148090.0872,
            160359.2836,
            71736.557,
            255134.8615,
            157800.0009,
            201715.7941,
            173020.1598,
            188135.7894,
            163880.9225,
            206328.5602,
            117031.1263,
            250730.7768,
            201788.1054,
            215861.7146,
            107559.2968,
            154983.2578,
            274112.1175,
            89794.9243,
            217957.9003,
            232965.398,
            122298.8604,
            167625.1083,
            324582.4617,
            138835.5842,
            292086.0279,
            265057.3638,
            242121.5401,
            172281.9236,
            369302.5932,
            119042.0777,
            42242.4878,
            190367.4607,
            22521.3372,
            226332.2963,
            291365.8288,
            251486.9207,
            109242.7949,
            69219.767,
            103323.8947,
            176497.1355,
            317880.0847,
            166911.047,
            242004.4267,
            291512.5474,
            176980.2739,
            227981.4874,
            226571.6155,
            179884.8625,
            289517.7441,
            259673.0273,
            347535.8279,
            163286.9141,
            218910.4916,
            188644.6569,
            312294.0114,
            93888.9446,
            169309.189,
            228015.7938,
            188254.3163,
            82482.2126,
            134884.8035,
            186591.8238,
            165455.6016,
            351039.9028,
            541226.1108,
            156404.2167,
            76930.7531,
            65567.9058,
            185340.1339,
            107945.0409,
            329134.1415,
            207034.1206,
            326558.4456,
            236954.84,
            144786.9753,
            93183.828,
            198557.6628,
            286792.0434,
            496013.2661,
            210674.0997,
            184453.4136,
            139316.4014,
            125940.3236,
            186795.6601,
            154379.8717,
            244422.9032,
            199826.803,
            89231.6684,
            117972.3271,
            46364.0604,
            288730.5929,
            65229.1711,
            129358.4151,
            222567.045,
            253374.4764,
            192751.2903,
            138382.1066,
            118679.795,
            141504.343,
            116706.2839,
            371166.7101,
            248922.7418,
            660665.3899,
            94988.7424,
            135543.1754,
            -2700.8633,
            357099.8589,
            221798.5905,
            191250.843,
            181197.3432,
            174397.9033,
            293435.4032,
            231464.0739,
            371059.6703,
            232042.5747,
            59946.902,
            118229.0248,
            245416.7676,
            111396.8687,
            292559.7249,
            303047.2345,
            219576.0817,
            237286.006,
            149568.949,
            172716.1915,
            230351.8636,
            174965.2763,
            281077.5159,
            384743.3526,
            220226.5386,
            239418.1494,
            108269.0969,
            98931.8415,
            111726.4199,
            277152.5569,
            280623.168,
            215457.9914,
            173713.847,
            243176.7774,
            254107.7854,
            248212.591,
            205543.6362,
            240808.7182,
            193609.9606,
            156958.3007,
            187064.066,
            205806.6093,
            289576.3317,
            104325.998,
            233582.2551,
            258354.4701,
            251744.7555,
            165502.4215,
            493181.0862,
            147661.013,
            187937.9626,
            259132.5531,
            228679.8257,
            123227.6113,
            145725.4587,
            280421.5048,
            209387.117,
            285788.0267,
            88223.6747,
            200203.5844,
            218683.521,
            185090.5726,
            160552.4122,
            412148.6557,
            265412.0844,
            77454.2168,
            112670.9275,
            261716.6577,
            276563.6322,
            269784.042,
            281911.9799,
            107033.1932,
            140681.6244,
            59801.6303,
            230408.5013,
            187381.5854,
            64447.7767,
            112922.1773,
            186443.9728,
            196822.1102,
            234197.7184,
            155441.9744,
            104788.1854,
            200333.4553,
            132385.0737,
            265550.1531,
            198684.7339,
            171640.6175,
            216369.2527,
            168420.7896,
            217029.3354,
            90166.7109,
            331652.54,
            276399.0764,
            272616.3274,
            163531.2408,
            330590.8697,
            114644.545,
            263308.8024,
            361447.0494,
            29381.7725,
            241308.4835,
            271089.0659,
            116810.5633,
            236086.6684,
            151632.8939,
            214861.0247,
            248067.8619,
            234448.2297,
            200790.9419,
            241202.9741,
            301669.8871,
            136457.9607,
            148761.3619,
            128678.212,
            16654.8788,
            185792.0569,
            355461.3203,
            133292.9321,
            247280.0853,
            79191.3815,
            242361.0313,
            102712.0398,
            114725.2752,
            414200.5246,
            187215.1041,
            176997.017,
            178574.3676,
            246116.0315,
            59859.7607,
            261451.3163,
            97332.9139,
            226356.0052,
            105192.7335,
            261200.8375,
            131100.5848,
            399929.3929,
            225077.4357,
            244869.9762,
            111712.0496,
            225315.6309,
            287001.3311,
            99710.9291,
            203439.9707,
            156275.4733,
            66635.2198,
            242265.8449,
            138414.7948,
            313331.3036,
            409979.1106,
            190597.0941,
            309649.0828,
            79094.6186,
            117480.9739,
            31137.0271,
            242395.7114,
            130821.5979,
            353060.393,
            150104.5469,
            277746.3119,
            113837.2763,
            189902.8108,
            102442.0933,
            222358.7061,
            347860.8841,
            218860.779,
            16021.8893,
            53522.7294,
            448437.7285,
            252360.7772,
            220770.735,
            379456.3178,
            312678.4146,
            240064.3389,
            228604.2378,
            245298.2172,
            244052.0465,
            99085.1956,
            157066.1448,
            222473.5733,
            220927.0117,
            260282.4286,
            264193.4518,
            180779.6774,
            203939.9009,
            89691.7166,
            128386.5158,
            270798.5517,
            152043.311,
            217533.2561,
            202603.4487,
            181123.6703,
            225634.7622,
            226232.2353,
            206057.5539,
            164308.0551,
            216777.5483,
            156477.8818,
            458405.4617,
            184301.9335,
            76195.4788,
            231853.7698,
            388972.4344,
            203050.6716,
            347100.2619,
            177957.7541,
            35600.2483,
            204892.5508,
            177560.1083,
            157440.3202,
            230631.3671,
            57996.6937,
            72547.0338,
            254392.5149,
            373447.8225,
            198073.3702,
            244657.1549,
            134807.687,
            159806.0497,
            203266.4498,
            119501.8371,
            67158.9428,
            200396.1036,
            374906.3813,
            223894.0806,
            350922.4833,
            91689.1745,
            173813.7966,
            103430.1087,
            99619.9411,
            128679.1826,
            251932.0944,
            84020.2296,
            275088.7193,
            252660.7956,
            200214.0758,
            231027.8485,
            199059.6451,
            179054.4959,
            176472.8503,
            195713.5231,
            172048.9492,
            107801.6746,
            150255.4343,
            113147.7377,
            218847.2448,
            223368.31,
            132465.9861,
            147508.9625,
            373673.1673,
            225321.1767,
            166631.4375,
            271206.4743,
            133501.7377,
            150123.3516,
            228183.6412,
            77649.27,
            118791.727,
            244136.4278,
            317549.6191,
            305618.5826,
            185572.6757,
            297191.4697,
            235991.9468,
            266163.1581,
            187100.6477,
            148828.7046,
            187085.2848,
            260105.5697,
            209516.664,
            79922.0802,
            112678.7731,
            83583.209,
            95302.8886,
            190808.3277,
            180260.9769,
            188864.983,
            131512.4668,
            137523.2737,
            128885.0945,
            177620.2677,
            164648.8846,
            609738.4501,
            226181.4056,
            70264.1482,
            176084.1082,
            177679.7357,
            189406.5911,
            311722.7545,
            158059.3746,
            193318.9114,
            217829.9057,
            290177.009,
            62589.7395,
            214528.8722,
            296196.7309,
            26438.8001,
            232154.03,
            53332.4423,
            365412.3366,
            160105.2389,
            267705.4707,
            86838.968,
            79398.32,
            69932.0948,
            126501.3243,
            635837.9471,
            208284.0077,
            232103.7656,
            359420.681,
            292083.3497,
            302270.7007,
            260385.0745,
            260810.8713,
            197921.8164,
            251022.7183,
            192045.69,
            232760.9076,
            200688.2777,
            207107.0958,
            275425.8943,
            223295.475,
            275721.4155,
            257127.2224,
            208386.1608,
            94790.3573,
            463527.9098,
            263289.6759,
            258533.848,
            187183.6878,
            280457.9922,
            171324.4608,
            101869.2346,
            186247.7338,
            155800.8912,
            173168.5841,
            505972.9807,
            328759.0278,
            94710.8813,
            263216.111,
            311633.6461,
            256693.5631,
            132173.5493,
            160641.951,
            311430.5487,
            277109.488,
            233830.3374,
            130378.3239,
            255636.5451,
            167646.1188,
            107806.3761,
            146916.5337,
            197823.7598,
            156149.7328,
            311781.2044,
            182837.3807,
            236110.6866,
            168379.7066,
            311626.4108,
            153336.6055,
            242180.755,
            200690.1885,
            253695.6301,
            384127.9865,
            173071.6056,
            216021.6283,
            283445.577,
            145987.3413,
            306593.5319,
            239934.7901,
            120947.6026,
            258574.0431,
            266742.7722,
            311513.017,
            163821.0894,
            116852.248,
            350663.0893,
            536470.1625,
            219377.8799,
            202139.2512,
            444187.865,
            14017.4033,
            229015.6128,
            124961.907,
            275481.1794,
            79794.0391,
            124221.9455,
            75512.3247,
            273338.9979,
            282823.7634,
            318912.5832,
            280401.1186,
            432522.0932,
            293279.9662,
            303762.2098,
            230953.6605,
            97110.3427,
            306018.6936,
            349494.1333,
            247599.9125,
            63568.018,
            260647.0667,
            77212.1864,
            184492.6517,
            19828.9709,
            113236.3471,
            383878.3744,
            273.7107,
            98112.5498,
            218795.7396,
            253766.0438,
            219637.959,
            280811.3938,
            246084.1625,
            335543.1066,
            219766.7962,
            257566.9345,
            366452.8328,
            334196.3896,
            151625.6757,
            133387.3808,
            252362.9159,
            343816.4555,
            242164.4266,
            199919.8012,
            358637.7031,
            125505.5607,
            348354.1196,
            349621.1261,
            141114.955,
            153464.8187,
            108908.7047,
            321206.5728,
            210019.348,
            165176.3001,
            204967.4399,
            237340.4613,
            223149.8585,
            269019.5822,
            115165.9585,
            262243.7873,
            232329.4833,
            351910.4414,
            224517.992,
            56689.2406,
            314999.9916,
            286964.7236,
            120207.576,
            311707.0034,
            317285.1839,
            110288.4972,
            30978.0987,
            259470.5751,
            236848.1068,
            343633.1644,
            240343.2623,
            177461.6491,
            65664.7792,
            149430.2671,
            177374.9587,
            478001.9053,
            119954.7938,
            136206.1999,
            198305.6097,
            186658.1916,
            264748.5946,
            233754.1831,
            108838.126,
            256980.2606,
            196835.6096,
            185568.7564,
            82861.016,
            87604.1166,
            206828.3808,
            161436.3505,
            209531.8685,
            307857.6828,
            220654.7848,
            265303.4416,
            180162.4039,
            254152.0271,
            174599.7953,
            138275.0537,
            119223.8767,
            14961.0916,
            84461.6321,
            355934.9818,
            257347.7493,
            198166.6525,
            383888.5616,
            380732.6234,
            172245.9578,
            247252.626,
            235505.2179,
            202079.9358,
            293207.751,
            536846.4499,
            133846.1297,
            270588.452,
            350221.01,
            344586.694,
            181692.1865,
            317615.1661,
            182026.9396,
            99678.0673,
            100228.3797,
            237274.4049,
            314013.7235,
            306188.4797,
            205624.1858,
            139950.3681,
            191792.7384,
            176999.9881,
            185727.6749,
            367683.7952,
            172109.4643,
            106940.2693,
            270267.5373,
            146956.2888,
            179347.8103,
            233827.6188,
            192136.9713,
            108632.2653,
            220426.6153,
            269715.4648,
            123775.3163,
            124250.4064,
            152805.6542,
            90223.2571,
            94158.4319,
            143158.5747,
            173698.9385,
            245978.8283,
            85629.7089,
            159833.456,
            123786.1386,
            209870.0815,
            312064.0655,
            110370.2772,
            334093.7135,
            266405.9097,
            214477.2664,
            170758.6959,
            251507.0271,
            257194.2638,
            117122.8999,
            203962.677,
            240324.2946,
            101565.9208,
            269432.6159,
            70933.2358,
            266624.7584,
            201871.3678,
            130510.4873,
            263839.9116,
            173312.206,
            310073.2112,
            186106.497,
            218402.4435,
            154339.494,
            306631.2563,
            165276.2677,
            204559.9601,
            203621.2815,
            53943.2104,
            340091.9248,
            330495.4282,
            329425.7677,
            203005.2512,
            181276.4167,
            126515.9947,
            170589.2471,
            180885.5842,
            266813.6709,
            284314.9893,
            67875.2377,
            317805.3034,
            75915.6536,
            79757.4653,
            123292.2757,
            261034.2727,
            312358.6505,
            85307.3233,
            354106.8543,
            214674.4898,
            84606.3079,
            247300.4886,
            48562.7501,
            308521.1566,
            109837.0706,
            199158.8863,
            145540.483,
            148179.2523,
            209639.0139,
            79185.0663,
            299700.5145,
            148879.6338,
            220145.8322,
            334930.0743,
            202728.196,
            113138.0338,
            144123.2066,
            205936.5716,
            102760.734,
            347670.416,
            250366.9847,
            180275.0959,
            208577.7221,
            90010.0686,
            142500.6682,
            109126.7152,
            204450.7233,
            205512.4923,
            181440.7003,
            176186.498,
            185918.587,
            190051.2707,
            164372.0769,
            107986.4172,
            175885.5444,
            309982.2095,
            189237.3578,
            307967.9642,
            221209.084,
            249372.3553,
            172998.2721,
            167853.9208,
            175718.1546,
            196701.2882,
            219037.0017,
            353339.2414,
            281653.0654,
            146015.3358,
            72653.4207,
            248404.0058,
            249528.8798,
            251845.0149,
            342204.9151,
            189262.1563,
            150353.7425,
            257899.0608,
            261320.4384,
            223831.8681,
            141505.4602,
            77146.807,
            300514.1253,
            259412.6182,
            276833.0608,
            173890.9736,
            227986.2414,
            213412.7732,
            256836.0815,
            109568.4453,
            240327.7473,
            130203.6024,
            114724.3425,
            170761.3467,
            219082.0062,
            252732.3707,
            188050.7093,
            230466.3083,
            292498.0201,
            224573.894,
            258633.28,
            114590.0122,
            35383.4933,
            36066.7224,
            183668.7626,
            154620.7256,
            161332.2715,
            157629.9518,
            318348.0696,
            242397.2458,
            114131.143,
            321699.8334,
            218342.7121,
            81279.7402,
            171787.7736,
            206475.5907,
            198838.6098,
            256923.9051,
            229988.1786,
            275277.3828,
            197264.318,
            255003.2353,
            88194.6083,
            262269.1723,
            288857.5655,
            284726.657,
            219002.3647,
            240824.533,
            81913.7102,
            70115.74,
            86871.077,
            248584.3578,
            193219.5417,
            240080.6216,
            291761.803,
            158266.9419,
            178352.2498,
            150019.9003,
            122580.865,
            73476.3517,
            175386.9948,
            307058.5442,
            282520.099,
            256056.7972,
            106829.0853,
            117624.233,
            400612.3508,
            217368.8397,
            249181.0511,
            239056.6304,
            299203.3974,
            351394.5445,
            213794.7655,
            198940.3682,
            93559.9701,
            203735.8681,
            192150.877,
            253289.516,
            337907.6957,
            159210.8806
        ]
    },
    "globalMetrics": {
        "testWeight": 3337,
        "targetAvg": [
            208848.77434821698
        ],
        "targetStd": [
            116336.06780855013
        ],
        "predictionAvg": [
            207535.23236276646
        ],
        "predictionStd": [
            124397.10838948884
        ]
    },
    "predictionPDF": {
        "x": [
            -4504937.754026482,
            -4452040.927752336,
            -4399144.101478189,
            -4346247.275204043,
            -4293350.448929897,
            -4240453.62265575,
            -4187556.796381604,
            -4134659.9701074576,
            -4081763.1438333113,
            -4028866.317559165,
            -3975969.4912850186,
            -3923072.6650108723,
            -3870175.838736726,
            -3817279.0124625796,
            -3764382.1861884333,
            -3711485.359914287,
            -3658588.5336401407,
            -3605691.7073659943,
            -3552794.881091848,
            -3499898.0548177017,
            -3447001.2285435554,
            -3394104.402269409,
            -3341207.5759952627,
            -3288310.7497211164,
            -3235413.92344697,
            -3182517.0971728237,
            -3129620.2708986774,
            -3076723.444624531,
            -3023826.6183503848,
            -2970929.7920762384,
            -2918032.965802092,
            -2865136.139527946,
            -2812239.3132537995,
            -2759342.486979653,
            -2706445.660705507,
            -2653548.8344313605,
            -2600652.008157214,
            -2547755.181883068,
            -2494858.3556089215,
            -2441961.529334775,
            -2389064.703060629,
            -2336167.8767864825,
            -2283271.050512336,
            -2230374.22423819,
            -2177477.3979640435,
            -2124580.571689897,
            -2071683.745415751,
            -2018786.9191416046,
            -1965890.0928674582,
            -1912993.266593312,
            -1860096.4403191656,
            -1807199.6140450193,
            -1754302.787770873,
            -1701405.9614967266,
            -1648509.1352225803,
            -1595612.308948434,
            -1542715.4826742876,
            -1489818.6564001413,
            -1436921.830125995,
            -1384025.0038518487,
            -1331128.1775777023,
            -1278231.351303556,
            -1225334.5250294097,
            -1172437.6987552634,
            -1119540.872481117,
            -1066644.0462069707,
            -1013747.2199328244,
            -960850.393658678,
            -907953.5673845317,
            -855056.7411103854,
            -802159.9148362391,
            -749263.0885620927,
            -696366.2622879464,
            -643469.4360138001,
            -590572.6097396538,
            -537675.7834655074,
            -484778.9571913611,
            -431882.1309172148,
            -378985.30464306846,
            -326088.47836892214,
            -273191.6520947758,
            -220294.82582062948,
            -167397.99954648316,
            -114501.17327233683,
            -61604.34699819051,
            -8707.520724044181,
            44189.305550102144,
            97086.13182424847,
            149982.9580983948,
            202879.78437254112,
            255776.61064668745,
            308673.4369208338,
            361570.2631949801,
            414467.0894691264,
            467363.91574327275,
            520260.7420174191,
            573157.5682915654,
            626054.3945657117,
            678951.220839858,
            731848.0471140041
        ],
        "pdf": [
            4.867990621414751e-09,
            4.785661384878764e-10,
            4.54693417245551e-13,
            4.175224519239353e-18,
            3.7053178508363316e-25,
            3.1780122735515384e-34,
            2.634329762475822e-45,
            2.1104213605152524e-58,
            1.6340023480581425e-73,
            1.22270206484333e-90,
            8.842459553043352e-110,
            6.18030609683767e-131,
            4.1747584800767987e-154,
            2.7254435599007254e-179,
            1.7196002401101684e-206,
            1.0485816861189128e-235,
            6.179616250179978e-267,
            3.519696463076066e-300,
            0.0,
            0.0,
            0.0,
            0.0,
            0.0,
            0.0,
            0.0,
            0.0,
            0.0,
            0.0,
            0.0,
            0.0,
            0.0,
            0.0,
            0.0,
            0.0,
            0.0,
            0.0,
            0.0,
            0.0,
            0.0,
            0.0,
            0.0,
            0.0,
            0.0,
            0.0,
            0.0,
            0.0,
            0.0,
            0.0,
            0.0,
            0.0,
            0.0,
            0.0,
            0.0,
            0.0,
            0.0,
            0.0,
            0.0,
            0.0,
            0.0,
            1.7087939957200692e-296,
            1.8181131077781388e-263,
            1.8695477134168163e-232,
            1.8579613522855553e-203,
            1.7845193661875715e-176,
            1.6564957344682713e-151,
            1.48608566643725e-128,
            1.2884923244141401e-107,
            1.0797029630310704e-88,
            8.744021516404831e-72,
            6.843883513234169e-57,
            5.17700360449253e-44,
            3.784763900466051e-33,
            2.674136581238834e-24,
            1.82605075409929e-17,
            1.205109668125959e-12,
            7.686431548320448e-10,
            4.738134930120369e-09,
            2.8227638789178036e-10,
            1.6252723449933898e-13,
            9.04403442648908e-19,
            1.9728202827389146e-23,
            7.986738165824322e-17,
            3.13262291291444e-12,
            1.1879016229478616e-09,
            5.599841299732792e-09,
            8.566028143404724e-08,
            8.206669920064648e-07,
            2.705761180269958e-06,
            3.6033628658130305e-06,
            4.326901443232556e-06,
            3.5903971154585326e-06,
            2.1274768473932257e-06,
            9.60450959235995e-07,
            3.2611957236872746e-07,
            1.3756116517401833e-07,
            9.220837003532947e-08,
            4.082710233061799e-08,
            4.0765088070118965e-08,
            2.028933986302809e-08,
            5.355957766162972e-09
        ]
    }
}