{
  "algorithm": "SGD_REGRESSION",
  "sgd_reg_grid": {
    "epsilon": {
      "gridMode": "EXPLICIT",
      "randomMode": "RANGE",
      "limit": {
        "min": 1.0E-23
      },
      "values": [
        0.01
      ],
      "range": {
        "min": 0.01,
        "max": 0.1,
        "nbValues": 3,
        "scaling": "LOGARITHMIC"
      }
    },
    "loss": {
      "values": {
        "huber": {
          "enabled": false
        },
        "squared_loss": {
          "enabled": true
        }
      }
    },
    "penalty": {
      "values": {
        "elasticnet": {
          "enabled": true
        },
        "l1": {
          "enabled": false
        },
        "l2": {
          "enabled": false
        }
      }
    },
    "alpha": {
      "gridMode": "EXPLICIT",
      "randomMode": "RANGE",
      "limit": {
        "min": 1.0E-23
      },
      "values": [
        0.001,
        1.0E-4,
        1.0E-5
      ],
      "range": {
        "min": 1.0E-5,
        "max": 0.001,
        "nbValues": 3,
        "scaling": "LOGARITHMIC"
      }
    },
    "l1_ratio": 0.15,
    "max_iter": 5000,
    "tol": 0.001,
    "n_jobs": 2,
    "enabled": true
  },
  "max_ensemble_nodes_serialized": 0,
  "metrics": {
    "customMetrics": [],
    "evaluationMetric": "R2",
    "customEvaluationMetricGIB": true,
    "customEvaluationMetricNeedsProba": false,
    "costMatrixWeights": {
      "tpGain": 1.0,
      "tnGain": 0.0,
      "fpGain": -0.3,
      "fnGain": 0.0
    },
    "liftPoint": 0.4,
    "unitaryTreatmentCost": 0.0,
    "unitaryConversionBenefit": 0.0
  },
  "autoOptimizeThreshold": true,
  "forcedClassifierThreshold": 0.0,
  "gridLength": 3,
  "grid_search_params": {
    "mode": "KFOLD",
    "splitRatio": 0.8,
    "shuffleIterations": 1,
    "nFolds": 5,
    "cvSeed": 1337,
    "stratified": true,
    "strategy": "GRID",
    "bayesianOptimizer": "SCIKIT_OPTIMIZE",
    "randomized": true,
    "seed": 1337,
    "nIter": 0,
    "nIterRandom": 3,
    "timeout": 0,
    "nJobs": 4,
    "distributed": false,
    "nContainers": 4
  },
  "pluginAlgoCustomGridSearch": false,
  "computeLearningCurves": false,
  "skipExpensiveReports": false
}