{
  "state": "DONE",
  "preSearchDescription": {
    "gridLength": 3,
    "searchStrategy": "GRID",
    "importantParams": [
      {
        "name": "penalty",
        "vals": [
          "elasticnet"
        ]
      },
      {
        "name": "loss",
        "vals": [
          "squared_loss"
        ]
      }
    ]
  },
  "postSearchDescription": {
    "importantParams": [
      {
        "name": "penalty",
        "val": "elasticnet"
      },
      {
        "name": "loss",
        "val": "squared_loss"
      },
      {
        "name": "alpha",
        "val": "0.001"
      },
      {
        "name": "l1_ratio",
        "val": "0.15"
      }
    ]
  },
  "resumed": false,
  "timeOrderingEnabled": false,
  "sampleWeightsEnabled": false,
  "modelId": "m1",
  "progress": {
    "top_level_todo": [],
    "stack": [],
    "top_level_done": [
      {
        "name": "Loading train set",
        "time": 53
      },
      {
        "name": "Loading test set",
        "time": 21
      },
      {
        "name": "Collecting statistics",
        "time": 50
      },
      {
        "name": "Preprocessing train set",
        "time": 75
      },
      {
        "name": "Preprocessing test set",
        "time": 30
      },
      {
        "name": "Hyperparameter searching",
        "time": 15193
      },
      {
        "name": "Fitting model",
        "time": 194
      },
      {
        "name": "Saving model",
        "time": 2
      },
      {
        "name": "Scoring model",
        "time": 1685
      }
    ]
  },
  "startTime": 1668089642282,
  "endTime": 1668089660294,
  "preprocessingTime": 231,
  "trainingTime": 17781,
  "hyperparamsSearchTime": 15193
}