[
    {
        "test_score_gib": 0.7467889701231691,
        "train_score": 0.7260517096029941,
        "test_score": 0.7467889701231691,
        "num_samples": 2635,
        "fit_time": 17843,
        "score_time": 504,
        "time": 18347,
        "parameters": {
            "max_depth": 6,
            "max_features": "auto",
            "min_samples_leaf": 10,
            "n_estimators": 100,
            "min_samples_split": 30
        },
        "done_at": 1668090863300,
        "split_id": 0
    },
    {
        "test_score_gib": 0.7125366944463298,
        "train_score": 0.7339695550453058,
        "test_score": 0.7125366944463298,
        "num_samples": 2635,
        "fit_time": 17548,
        "score_time": 400,
        "time": 17948,
        "parameters": {
            "max_depth": 6,
            "max_features": "auto",
            "min_samples_leaf": 10,
            "n_estimators": 100,
            "min_samples_split": 30
        },
        "done_at": 1668090862902,
        "split_id": 1
    },
    {
        "test_score_gib": 0.7057982547765498,
        "train_score": 0.738791237160303,
        "test_score": 0.7057982547765498,
        "num_samples": 2635,
        "fit_time": 17550,
        "score_time": 512,
        "time": 18062,
        "parameters": {
            "max_depth": 6,
            "max_features": "auto",
            "min_samples_leaf": 10,
            "n_estimators": 100,
            "min_samples_split": 30
        },
        "done_at": 1668090863019,
        "split_id": 2
    },
    {
        "test_score_gib": 0.6978015043768264,
        "train_score": 0.7387135012445036,
        "test_score": 0.6978015043768264,
        "num_samples": 2635,
        "fit_time": 18227,
        "score_time": 410,
        "time": 18637,
        "parameters": {
            "max_depth": 6,
            "max_features": "auto",
            "min_samples_leaf": 10,
            "n_estimators": 100,
            "min_samples_split": 30
        },
        "done_at": 1668090863595,
        "split_id": 3
    },
    {
        "test_score_gib": 0.7053233023288511,
        "train_score": 0.7364528257899075,
        "test_score": 0.7053233023288511,
        "num_samples": 2635,
        "fit_time": 14479,
        "score_time": 307,
        "time": 14786,
        "parameters": {
            "max_depth": 6,
            "max_features": "auto",
            "min_samples_leaf": 10,
            "n_estimators": 100,
            "min_samples_split": 30
        },
        "done_at": 1668090877691,
        "split_id": 4
    },
    {
        "test_score_gib": 0.7788097442401439,
        "train_score": 0.7984154474749735,
        "test_score": 0.7788097442401439,
        "num_samples": 2635,
        "fit_time": 21692,
        "score_time": 492,
        "time": 22184,
        "parameters": {
            "max_depth": 13,
            "max_features": "auto",
            "min_samples_leaf": 10,
            "n_estimators": 100,
            "min_samples_split": 30
        },
        "done_at": 1668090885205,
        "split_id": 0
    },
    {
        "test_score_gib": 0.7449863226431765,
        "train_score": 0.804410599576174,
        "test_score": 0.7449863226431765,
        "num_samples": 2635,
        "fit_time": 22801,
        "score_time": 583,
        "time": 23384,
        "parameters": {
            "max_depth": 13,
            "max_features": "auto",
            "min_samples_leaf": 10,
            "n_estimators": 100,
            "min_samples_split": 30
        },
        "done_at": 1668090886686,
        "split_id": 1
    },
    {
        "test_score_gib": 0.7246284423554407,
        "train_score": 0.809540817820478,
        "test_score": 0.7246284423554407,
        "num_samples": 2635,
        "fit_time": 20491,
        "score_time": 516,
        "time": 21007,
        "parameters": {
            "max_depth": 13,
            "max_features": "auto",
            "min_samples_leaf": 10,
            "n_estimators": 100,
            "min_samples_split": 30
        },
        "done_at": 1668090884605,
        "split_id": 2
    },
    {
        "test_score_gib": 0.7261301745434425,
        "train_score": 0.808249124658439,
        "test_score": 0.7261301745434425,
        "num_samples": 2635,
        "fit_time": 24111,
        "score_time": 601,
        "time": 24712,
        "parameters": {
            "max_depth": 13,
            "max_features": "auto",
            "min_samples_leaf": 10,
            "n_estimators": 100,
            "min_samples_split": 30
        },
        "done_at": 1668090902406,
        "split_id": 3
    },
    {
        "test_score_gib": 0.7296238840421299,
        "train_score": 0.8092281246489329,
        "test_score": 0.7296238840421299,
        "num_samples": 2635,
        "fit_time": 22904,
        "score_time": 517,
        "time": 23421,
        "parameters": {
            "max_depth": 13,
            "max_features": "auto",
            "min_samples_leaf": 10,
            "n_estimators": 100,
            "min_samples_split": 30
        },
        "done_at": 1668090908104,
        "split_id": 4
    },
    {
        "test_score_gib": 0.7787219931127581,
        "train_score": 0.8018985413120772,
        "test_score": 0.7787219931127581,
        "num_samples": 2635,
        "fit_time": 23410,
        "score_time": 591,
        "time": 24001,
        "parameters": {
            "max_depth": 17,
            "max_features": "auto",
            "min_samples_leaf": 10,
            "n_estimators": 100,
            "min_samples_split": 30
        },
        "done_at": 1668090909285,
        "split_id": 0
    },
    {
        "test_score_gib": 0.7453702245039246,
        "train_score": 0.807225241542262,
        "test_score": 0.7453702245039246,
        "num_samples": 2635,
        "fit_time": 23909,
        "score_time": 690,
        "time": 24599,
        "parameters": {
            "max_depth": 17,
            "max_features": "auto",
            "min_samples_leaf": 10,
            "n_estimators": 100,
            "min_samples_split": 30
        },
        "done_at": 1668090911287,
        "split_id": 1
    },
    {
        "test_score_gib": 0.7246855694106806,
        "train_score": 0.8124360784778709,
        "test_score": 0.7246855694106806,
        "num_samples": 2635,
        "fit_time": 18602,
        "score_time": 490,
        "time": 19092,
        "parameters": {
            "max_depth": 17,
            "max_features": "auto",
            "min_samples_leaf": 10,
            "n_estimators": 100,
            "min_samples_split": 30
        },
        "done_at": 1668090921500,
        "split_id": 2
    },
    {
        "test_score_gib": 0.7265932630897907,
        "train_score": 0.8115795711433695,
        "test_score": 0.7265932630897907,
        "num_samples": 2635,
        "fit_time": 15406,
        "score_time": 237,
        "time": 15643,
        "parameters": {
            "max_depth": 17,
            "max_features": "auto",
            "min_samples_leaf": 10,
            "n_estimators": 100,
            "min_samples_split": 30
        },
        "done_at": 1668090923826,
        "split_id": 3
    },
    {
        "test_score_gib": 0.7297676350358342,
        "train_score": 0.8128558285296075,
        "test_score": 0.7297676350358342,
        "num_samples": 2635,
        "fit_time": 14704,
        "score_time": 140,
        "time": 14844,
        "parameters": {
            "max_depth": 17,
            "max_features": "auto",
            "min_samples_leaf": 10,
            "n_estimators": 100,
            "min_samples_split": 30
        },
        "done_at": 1668090924131,
        "split_id": 4
    }
]