{
    "startedAt": 1668090844948,
    "gridSize": 3,
    "nThreads": 4,
    "nSplits": 5,
    "metric": "R2",
    "timeout": null,
    "gridPoints": [
        {
            "finishedAt": 1668090877691,
            "score": 0.7136497452103453,
            "testScoreGibMean": 0.7136497452103453,
            "testScoreMean": 0.7136497452103453,
            "testScoreStd": 0.017213886257518858,
            "trainScoreMean": 0.7347957657686027,
            "trainScoreStd": 0.004715918430207267,
            "time": 87780,
            "fitTimeMean": 17129.4,
            "fitTimeStd": 1348.384307235886,
            "scoreTimeMean": 426.6,
            "scoreTimeStd": 75.59259222966229,
            "parameters": {
                "max_depth": 6,
                "max_features": "auto",
                "min_samples_leaf": 10,
                "n_estimators": 100,
                "min_samples_split": 30
            }
        },
        {
            "finishedAt": 1668090908104,
            "score": 0.7408357135648667,
            "testScoreGibMean": 0.7408357135648667,
            "testScoreMean": 0.7408357135648667,
            "testScoreStd": 0.020316929889435936,
            "trainScoreMean": 0.8059688228357996,
            "trainScoreStd": 0.004196749026338543,
            "time": 114708,
            "fitTimeMean": 22399.8,
            "fitTimeStd": 1223.7551062201946,
            "scoreTimeMean": 541.8,
            "scoreTimeStd": 42.338634838643536,
            "parameters": {
                "max_depth": 13,
                "max_features": "auto",
                "min_samples_leaf": 10,
                "n_estimators": 100,
                "min_samples_split": 30
            }
        },
        {
            "finishedAt": 1668090924131,
            "score": 0.7410277370305975,
            "testScoreGibMean": 0.7410277370305975,
            "testScoreMean": 0.7410277370305975,
            "testScoreStd": 0.02020853540680903,
            "trainScoreMean": 0.8091990522010374,
            "trainScoreStd": 0.004164387360114939,
            "time": 98179,
            "fitTimeMean": 19206.2,
            "fitTimeStd": 3869.4869117235685,
            "scoreTimeMean": 429.6,
            "scoreTimeStd": 209.03071544631905,
            "parameters": {
                "max_depth": 17,
                "max_features": "auto",
                "min_samples_leaf": 10,
                "n_estimators": 100,
                "min_samples_split": 30
            }
        }
    ]
}