{
    "modelInputNRows": 13175,
    "modelInputNCols": 115,
    "modelInputIsSparse": false,
    "modelInputMemory": 12121000,
    "usedGridSearch": true,
    "gridSize": 3,
    "gridBestScore": 0.7410277370305975,
    "gridCells": [
        {
            "params": {
                "max_depth": 6,
                "max_features": "auto",
                "min_samples_leaf": 10,
                "n_estimators": 100,
                "min_samples_split": 30
            },
            "score": 0.7136497452103453,
            "scoreStd": 0.017213886257518858,
            "fitTime": 17.1294,
            "fitTimeStd": 1.3483843072358859,
            "scoreTime": 0.42660000000000003,
            "scoreTimeStd": 0.07559259222966229
        },
        {
            "params": {
                "max_depth": 13,
                "max_features": "auto",
                "min_samples_leaf": 10,
                "n_estimators": 100,
                "min_samples_split": 30
            },
            "score": 0.7408357135648667,
            "scoreStd": 0.020316929889435936,
            "fitTime": 22.3998,
            "fitTimeStd": 1.2237551062201946,
            "scoreTime": 0.5418,
            "scoreTimeStd": 0.04233863483864354
        },
        {
            "params": {
                "max_depth": 17,
                "max_features": "auto",
                "min_samples_leaf": 10,
                "n_estimators": 100,
                "min_samples_split": 30
            },
            "score": 0.7410277370305975,
            "scoreStd": 0.02020853540680903,
            "fitTime": 19.2062,
            "fitTimeStd": 3.8694869117235684,
            "scoreTime": 0.42960000000000004,
            "scoreTimeStd": 0.20903071544631904
        }
    ],
    "partialDependencies": [
        {
            "feature": "housing_median_age",
            "featureBins": [
                2.00000014161386,
                2.999999752126673,
                3.9999993626394854,
                5.000000470960419,
                6.000000081473235,
                6.999999691986048,
                7.9999993024988605,
                9.000000410819794,
                10.000000021332607,
                10.99999963184542,
                12.000000740166357,
                13.00000035067917,
                13.999999961191982,
                14.999999571704794,
                16.000000680025728,
                17.000000290538544,
                17.999999901051353,
                19.00000026046823,
                19.999999870981043,
                21.000000230397916,
                21.99999984091073,
                22.999999825875573,
                24.000000185292446,
                25.00000017025729,
                25.999999967996118,
                26.999999952960962,
                27.99999998473231,
                28.999999993100403,
                30.0000000014685,
                31.00000008004635,
                32.00000006501119,
                33.00000004997604,
                34.00000003494088,
                35.00000001990573,
                35.999999630418536,
                36.999999989835416,
                38.00000034925229,
                38.9999999597651,
                40.00000031918197,
                40.99999992969479,
                41.9999995402076,
                43.000000648528534,
                44.00000025904134,
                44.99999986955416,
                45.999999480066975,
                47.000000588387906,
                48.00000019890072,
                48.99999980941354,
                49.99999941992635,
                51.000000528247284,
                52.00000013876009
            ],
            "data": [
                [
                    -13796.830826395482,
                    -13796.830826395482,
                    -13796.830826395482,
                    -13992.502120157995,
                    -14110.07147048536,
                    -14164.289719229506,
                    -14162.690477533411,
                    -14376.09835616211,
                    -14448.110952592135,
                    -14389.07492407944,
                    -13938.453266352532,
                    -13634.403435932065,
                    -13294.271710626053,
                    -13268.866279549053,
                    -12231.064479851018,
                    -9528.802299799048,
                    -8082.656223924801,
                    -5433.577918043389,
                    -3642.668942168122,
                    -2451.709927506512,
                    -1833.2741860184178,
                    -1469.596189410513,
                    -1151.647522415762,
                    -342.76454609210487,
                    35.24769865319831,
                    2364.395649934595,
                    3995.1452724431583,
                    5141.817839466938,
                    5286.419261584961,
                    5738.566309612361,
                    5897.033713155048,
                    6926.4286282321555,
                    7639.047354429582,
                    8097.776752420032,
                    8149.514975410799,
                    8610.069645419077,
                    8979.705513529043,
                    9638.14122659614,
                    10106.385042063863,
                    10772.488676874433,
                    11250.236490504874,
                    11206.679893173452,
                    11478.03975260444,
                    11540.904261711432,
                    11741.4665001939,
                    12013.793948874052,
                    12766.788516856584,
                    13185.236967655015,
                    14595.899608853419,
                    15897.53597586893,
                    16702.164565900137
                ]
            ]
        },
        {
            "feature": "median_income",
            "featureBins": [
                1.6033160451184925,
                1.660742469216494,
                1.7181688933144956,
                1.7755953174124977,
                1.8330217415104992,
                1.8904481656085013,
                1.947874589706503,
                2.0053010138045044,
                2.062727437902507,
                2.1201538620005085,
                2.17758028609851,
                2.235006710196512,
                2.2924331342945137,
                2.3498595583925157,
                2.4072859824905173,
                2.464712406588519,
                2.5221388306865213,
                2.579565254784523,
                2.6369916788825245,
                2.694418102980526,
                2.7518445270785277,
                2.80927095117653,
                2.8666973752745317,
                2.9241237993725333,
                2.9815502234705353,
                3.038976647568537,
                3.096403071666539,
                3.1538294957645405,
                3.211255919862542,
                3.268682343960544,
                3.326108768058546,
                3.3835351921565477,
                3.4409616162545493,
                3.4983880403525514,
                3.5558144644505534,
                3.613240888548555,
                3.6706673126465565,
                3.7280937367445586,
                3.78552016084256,
                3.842946584940562,
                3.9003730090385638,
                3.957799433136566,
                4.015225857234568,
                4.072652281332569,
                4.130078705430571,
                4.187505129528573,
                4.244931553626575,
                4.302357977724577,
                4.359784401822578,
                4.41721082592058,
                4.474637250018581,
                4.532063674116584,
                4.589490098214585,
                4.646916522312587,
                4.7043429464105895,
                4.761769370508591,
                4.819195794606593,
                4.876622218704594,
                4.934048642802596,
                4.991475066900598,
                5.0489014909986,
                5.1063279150966014,
                5.163754339194604,
                5.221180763292605,
                5.278607187390607,
                5.336033611488609,
                5.39346003558661,
                5.450886459684613,
                5.508312883782614,
                5.565739307880616,
                5.6231657319786175,
                5.680592156076619,
                5.7380185801746215,
                5.795445004272623,
                5.852871428370625,
                5.910297852468626,
                5.967724276566628,
                6.02515070066463,
                6.082577124762633,
                6.1400035488606335,
                6.197429972958635,
                6.254856397056637,
                6.312282821154639,
                6.369709245252642,
                6.427135669350643,
                6.484562093448645,
                6.5419885175466455,
                6.599414941644648,
                6.65684136574265,
                6.714267789840652,
                6.771694213938654,
                6.829120638036655,
                6.886547062134657,
                6.943973486232659,
                7.001399910330661,
                7.058826334428662,
                7.116252758526664,
                7.1736791826246655,
                7.231105606722668,
                7.28853203082067
            ],
            "data": [
                [
                    -82369.07080761358,
                    -81692.56231098624,
                    -81150.50542806635,
                    -80307.54366180259,
                    -79176.91057491752,
                    -72796.0832331866,
                    -73052.95530814171,
                    -72190.89568335001,
                    -71357.72763844382,
                    -68756.4780481222,
                    -67486.84309976027,
                    -61587.63613802445,
                    -61060.00712106889,
                    -57092.529730578826,
                    -57173.707152797375,
                    -55689.11489278148,
                    -53358.68944971173,
                    -52044.509870693495,
                    -52042.061202955636,
                    -50651.11708358783,
                    -48711.691479115834,
                    -47596.594510271214,
                    -46543.264611323306,
                    -44900.98704929688,
                    -42920.28134723383,
                    -39391.57141060228,
                    -36835.24741958195,
                    -33780.65344693445,
                    -30034.311909598415,
                    -29954.58477399571,
                    -29322.161452603206,
                    -27583.056056308094,
                    -23417.56399669504,
                    -23455.18917934879,
                    -20780.893527739012,
                    -19490.54207245633,
                    -14199.102066700521,
                    -11864.70648412226,
                    -11024.633703001135,
                    -7995.7983291629935,
                    -6968.225103937584,
                    -4355.164845561463,
                    -3321.500595482328,
                    -1619.4714173715038,
                    1157.925145221816,
                    6593.756345540489,
                    7906.0485060708015,
                    7675.778859626822,
                    9052.927677145693,
                    11654.465505005646,
                    12560.640913284034,
                    17253.459636183863,
                    24224.759991882835,
                    26316.46104239099,
                    26611.72090679055,
                    27018.614920991648,
                    27517.52964312231,
                    28406.67801483278,
                    32669.60216174391,
                    35084.80743284075,
                    38727.31032344489,
                    40458.115544987086,
                    50647.775515681074,
                    51074.82968284073,
                    51555.16131388373,
                    61930.288272921316,
                    65614.29347894926,
                    63855.14029997782,
                    64120.21098950904,
                    64863.13850493697,
                    74023.42311397931,
                    75779.02750602728,
                    81572.30618195902,
                    88596.79826577622,
                    93430.01688595695,
                    99018.83280473229,
                    100606.16206849038,
                    99331.09232236588,
                    102189.41442147832,
                    105827.15597956549,
                    106569.43255545667,
                    107845.91248713873,
                    113009.68204226278,
                    119746.99020770084,
                    128614.01583211703,
                    128979.01599695513,
                    132210.14327287112,
                    133368.93198698873,
                    133247.5586275546,
                    133990.89935808003,
                    135006.98923034946,
                    139324.3117622025,
                    150679.27352975358,
                    154335.45441523855,
                    164317.16055482617,
                    164328.28414765853,
                    165738.87975556075,
                    166007.90280273315,
                    166932.25105203394,
                    167530.62119185153
                ]
            ]
        },
        {
            "feature": "family_size",
            "featureBins": [
                1.8674780911237552,
                1.8924048302058778,
                1.9173315692880006,
                1.9422583083701233,
                1.967185047452246,
                1.9921117865343685,
                2.017038525616491,
                2.041965264698614,
                2.066892003780737,
                2.091818742862859,
                2.1167454819449825,
                2.141672221027105,
                2.1665989601092273,
                2.1915256991913505,
                2.216452438273473,
                2.2413791773555958,
                2.2663059164377186,
                2.291232655519841,
                2.316159394601964,
                2.3410861336840867,
                2.366012872766209,
                2.390939611848332,
                2.4158663509304548,
                2.440793090012577,
                2.4657198290947,
                2.490646568176823,
                2.5155733072589457,
                2.540500046341068,
                2.565426785423191,
                2.5903535245053138,
                2.615280263587436,
                2.640207002669559,
                2.665133741751682,
                2.6900604808338047,
                2.714987219915927,
                2.73991395899805,
                2.7648406980801727,
                2.789767437162295,
                2.814694176244418,
                2.839620915326541,
                2.864547654408663,
                2.889474393490786,
                2.914401132572909,
                2.9393278716550317,
                2.964254610737154,
                2.989181349819277,
                3.0141080889013994,
                3.039034827983522,
                3.063961567065645,
                3.088888306147768,
                3.1138150452298903,
                3.138741784312013,
                3.163668523394136,
                3.1885952624762584,
                3.213522001558381,
                3.238448740640504,
                3.263375479722627,
                3.2883022188047493,
                3.313228957886872,
                3.338155696968995,
                3.3630824360511173,
                3.38800917513324,
                3.412935914215363,
                3.437862653297486,
                3.4627893923796083,
                3.487716131461731,
                3.512642870543854,
                3.5375696096259763,
                3.562496348708099,
                3.5874230877902216,
                3.612349826872345,
                3.6372765659544672,
                3.66220330503659,
                3.687130044118713,
                3.7120567832008353,
                3.736983522282958,
                3.7619102613650806,
                3.7868370004472034,
                3.8117637395293262,
                3.836690478611449,
                3.8616172176935715,
                3.8865439567756943,
                3.911470695857817,
                3.9363974349399395,
                3.9613241740220624,
                3.9862509131041852,
                4.011177652186308,
                4.036104391268431,
                4.061031130350553,
                4.085957869432676,
                4.110884608514798,
                4.135811347596921,
                4.160738086679044,
                4.185664825761167,
                4.2105915648432894,
                4.235518303925412,
                4.260445043007535,
                4.2853717820896575,
                4.310298521171781,
                4.335225260253903
            ],
            "data": [
                [
                    69028.95263141886,
                    68787.11882185159,
                    67463.22845587877,
                    65073.73971605391,
                    61324.156011454266,
                    59887.781211437454,
                    58064.693020755454,
                    55079.5394692219,
                    47275.7463068644,
                    43470.725032793795,
                    42774.96294522163,
                    41401.00038623807,
                    37090.326652029966,
                    36432.34339962262,
                    34851.15382559353,
                    33862.51353643034,
                    30845.27826779257,
                    29883.32089589417,
                    28974.440310038015,
                    28633.596165581053,
                    26475.917225105368,
                    23025.77899823067,
                    19464.194403070054,
                    17393.984991248522,
                    9977.787559580029,
                    8530.642581430322,
                    7787.893045183737,
                    3394.800315649569,
                    3207.397812969866,
                    1889.0043662328098,
                    107.004210971063,
                    -366.24638055064133,
                    -1340.916941445379,
                    -1741.9869309340138,
                    -1280.3863610241679,
                    -2938.9447908037982,
                    -4105.714724289195,
                    -5324.302769659378,
                    -7059.214026099304,
                    -7422.428190090664,
                    -10159.461582170072,
                    -11354.167548917001,
                    -12930.665689071262,
                    -13740.96894503734,
                    -14220.352127196733,
                    -15233.19506801138,
                    -16372.696294422116,
                    -18058.19909989668,
                    -19087.283916071377,
                    -19449.591745944577,
                    -20275.74382741761,
                    -21024.43077644601,
                    -22926.731130345317,
                    -23953.07131377756,
                    -24843.875966725318,
                    -24828.418649921252,
                    -25213.02878993281,
                    -25518.571685475938,
                    -25572.72990123456,
                    -25740.30963554606,
                    -25924.43002341254,
                    -25864.649323133344,
                    -26463.222785371036,
                    -27247.294840168674,
                    -27789.720515131048,
                    -27962.835981075506,
                    -28568.672002319363,
                    -28823.16408753075,
                    -28771.25253866907,
                    -28598.01262749196,
                    -28941.700841291284,
                    -30032.874123903603,
                    -30778.75698520182,
                    -30688.966740313364,
                    -30674.80163642438,
                    -32291.2282630555,
                    -32172.135936455015,
                    -32095.044256091816,
                    -32260.764194142248,
                    -32979.38537623317,
                    -32989.245235722105,
                    -32459.988513093063,
                    -32556.811971694784,
                    -33119.67979036126,
                    -33669.70119582006,
                    -34280.002609746996,
                    -34838.803366549255,
                    -35170.46694889042,
                    -35439.86310854659,
                    -35527.452010761335,
                    -35367.93325004421,
                    -35182.68197596792,
                    -34917.56517599721,
                    -34899.172744074225,
                    -34992.75090518751,
                    -35049.88681816784,
                    -35117.64334618574,
                    -35188.73526440552,
                    -35418.26532011878,
                    -35629.96590105485
                ]
            ]
        },
        {
            "feature": "outliers",
            "featureBins": [
                1.171357368739967e-11,
                1.0000000222421948
            ],
            "data": [
                [
                    69.39757388969883,
                    69.39757388969883
                ]
            ]
        },
        {
            "feature": "total_bedrooms",
            "featureBins": [
                134.99999032452678,
                146.45453611841663,
                157.90908191230642,
                169.36362770619627,
                180.81817350008606,
                192.2727192939759,
                203.7272650878657,
                215.18181088175555,
                226.63635667564535,
                238.0909024695352,
                249.545448263425,
                260.99999405731484,
                272.45453985120463,
                283.9090856450945,
                295.36363143898427,
                306.8181772328741,
                318.27272302676397,
                329.72726882065376,
                341.18181461454355,
                352.6363604084334,
                364.09090620232325,
                375.54545199621305,
                386.9999977901029,
                398.45454358399274,
                409.90908937788254,
                421.3636351717724,
                432.8181809656622,
                444.27272675955203,
                455.7272725534419,
                467.18181834733167,
                478.6363641412215,
                490.0909099351113,
                501.54545572900116,
                513.000001522891,
                524.4545473167808,
                535.9090931106706,
                547.3636389045604,
                558.8181846984502,
                570.2727304923401,
                581.7272762862299,
                593.1818220801198,
                604.6363678740096,
                616.0909136678994,
                627.5454594617892,
                639.0000052556791,
                650.4545510495689,
                661.9090968434587,
                673.3636426373484,
                684.8181884312382,
                696.2727342251281,
                707.727280019018,
                719.1818258129078,
                730.6363716067976,
                742.0909174006874,
                753.5454631945772,
                765.0000089884671,
                776.4545547823569,
                787.9091005762467,
                799.3636463701366,
                810.8181921640264,
                822.2727379579162,
                833.727283751806,
                845.1818295456958,
                856.6363753395857,
                868.0909211334755,
                879.5454669273654,
                891.0000127212552,
                902.454558515145,
                913.9091043090348,
                925.3636501029246,
                936.8181958968145,
                948.2727416907044,
                959.7272874845941,
                971.181833278484,
                982.6363790723736,
                994.0909248662635,
                1005.5454706601533,
                1017.0000164540431,
                1028.4545622479332,
                1039.909108041823,
                1051.3636538357127,
                1062.8181996296025,
                1074.2727454234923,
                1085.7272912173821,
                1097.181837011272,
                1108.6363828051617,
                1120.0909285990515,
                1131.5454743929413,
                1143.0000201868313,
                1154.454565980721,
                1165.9091117746111,
                1177.363657568501,
                1188.8182033623907,
                1200.2727491562805,
                1211.7272949501703,
                1223.18184074406,
                1234.6363865379499,
                1246.0909323318397,
                1257.5454781257295,
                1269.0000239196193
            ],
            "data": [
                [
                    -3685.0905530065356,
                    -3885.6278122032236,
                    -4168.54711816358,
                    -4181.300674126804,
                    -4326.799485456693,
                    -4278.618691054056,
                    -4275.5347259111,
                    -4454.789843060047,
                    -4436.536921266146,
                    -4534.764402853674,
                    -4404.835253041907,
                    -4308.792652285832,
                    -4146.488930544496,
                    -4119.862782033684,
                    -4000.340802975261,
                    -3607.568862284854,
                    -3504.0364729200955,
                    -3346.511203680362,
                    -3259.2810704285803,
                    -2882.6815792733105,
                    -2511.365635317925,
                    -2249.937464196584,
                    -1908.884854356118,
                    -1486.3511705885176,
                    -1153.9705458051758,
                    -902.9174734711996,
                    -769.8490118360496,
                    -535.6049717801798,
                    -448.81362436831114,
                    -366.10422135007684,
                    -170.61583834057092,
                    -134.8013820189226,
                    92.44723877840443,
                    383.2233301755041,
                    619.3501057429821,
                    1028.3465561393532,
                    1183.935925846803,
                    1423.0120820382726,
                    1643.6229719345574,
                    1946.3108605212765,
                    2155.4588397193,
                    2454.663395806594,
                    2863.070131273882,
                    3096.0509052498674,
                    3258.9315402234497,
                    3437.288360694016,
                    3528.379839149944,
                    3562.144868753123,
                    3636.871824766742,
                    3797.9762008661055,
                    3911.7627189336927,
                    4451.380341841927,
                    4505.269529119163,
                    4958.591336744867,
                    5034.9290821613395,
                    5291.34954177434,
                    5398.8894871939265,
                    5472.98848597231,
                    5672.985135129595,
                    6130.58820671367,
                    6474.064089227846,
                    6607.155200688168,
                    6759.681787160429,
                    6800.273434288043,
                    6930.85383257753,
                    7015.2079793247685,
                    7055.989476510003,
                    7175.225930898421,
                    7228.171268484672,
                    7385.541499907064,
                    7436.786403963721,
                    7431.648784589779,
                    7520.9207448977395,
                    7533.773259887414,
                    7558.963119302178,
                    7574.674726861354,
                    7605.987029886484,
                    7744.077980380767,
                    7843.858582200919,
                    7874.43970821955,
                    7867.17082120289,
                    7932.634570310154,
                    7963.109617959039,
                    7977.394490150473,
                    7994.626998187858,
                    8018.073004893493,
                    8022.200578341988,
                    8066.519737526745,
                    8079.774079868308,
                    8120.9621748509235,
                    8148.908858345356,
                    8194.253190219431,
                    8223.421644199552,
                    8266.542028313706,
                    8264.352252377139,
                    8293.015277811646,
                    8279.796396203514,
                    8293.713296146365,
                    8324.489444858977,
                    8330.092808128888
                ]
            ]
        },
        {
            "feature": "total_rooms",
            "featureBins": [
                614.0000621761712,
                670.6667269269296,
                727.333391677688,
                784.0000564284464,
                840.6667211792046,
                897.333385929963,
                954.0000506807214,
                1010.6667154314798,
                1067.3333801822382,
                1124.0000449329964,
                1180.6667096837548,
                1237.3333744345132,
                1294.0000391852716,
                1350.66670393603,
                1407.3333686867882,
                1464.0000334375466,
                1520.666698188305,
                1577.3333629390634,
                1634.0000276898218,
                1690.66669244058,
                1747.3333571913386,
                1804.0000219420967,
                1860.6666866928551,
                1917.3333514436135,
                1974.0000161943717,
                2030.6666809451303,
                2087.3333456958885,
                2144.000010446647,
                2200.6666751974053,
                2257.3333399481635,
                2314.000004698922,
                2370.6666694496803,
                2427.333334200439,
                2483.999998951197,
                2540.6666637019553,
                2597.333328452714,
                2653.999993203472,
                2710.6666579542307,
                2767.333322704989,
                2823.999987455747,
                2880.6666522065057,
                2937.3333169572643,
                2993.9999817080225,
                3050.6666464587806,
                3107.333311209539,
                3163.9999759602974,
                3220.6666407110556,
                3277.333305461814,
                3333.9999702125724,
                3390.666634963331,
                3447.333299714089,
                3503.9999644648474,
                3560.666629215606,
                3617.333293966364,
                3673.9999587171224,
                3730.6666234678805,
                3787.333288218639,
                3843.999952969398,
                3900.666617720156,
                3957.333282470914,
                4013.9999472216728,
                4070.6666119724314,
                4127.33327672319,
                4183.999941473948,
                4240.666606224706,
                4297.333270975465,
                4353.999935726223,
                4410.666600476981,
                4467.3332652277395,
                4523.999929978498,
                4580.666594729257,
                4637.333259480014,
                4693.999924230773,
                4750.666588981532,
                4807.333253732289,
                4863.999918483048,
                4920.666583233806,
                4977.333247984565,
                5033.999912735322,
                5090.666577486081,
                5147.33324223684,
                5203.9999069875985,
                5260.666571738357,
                5317.333236489115,
                5373.999901239873,
                5430.666565990632,
                5487.333230741389,
                5543.999895492148,
                5600.666560242907,
                5657.333224993665,
                5713.999889744424,
                5770.666554495181,
                5827.33321924594,
                5883.999883996699,
                5940.6665487474565,
                5997.333213498216,
                6053.999878248973,
                6110.666542999732,
                6167.333207750491,
                6223.999872501248
            ],
            "data": [
                [
                    1319.468114453106,
                    751.8205829447252,
                    776.9980580681877,
                    629.258796334354,
                    635.8058690915059,
                    679.1992729645863,
                    477.20139956570347,
                    305.3193885148212,
                    244.1601103322173,
                    197.00795711981482,
                    243.10340337397065,
                    122.85215338575654,
                    292.8897274878109,
                    493.80285003830795,
                    339.9942293394124,
                    131.87746290653013,
                    34.95936618305859,
                    -63.556801164348144,
                    -89.58987893234007,
                    32.4297472195758,
                    -49.19443879110622,
                    -76.95190117706079,
                    -120.7277671045158,
                    -409.92158287973143,
                    -380.13731453876244,
                    -294.3334341030277,
                    -344.5492413789907,
                    -504.4439472971135,
                    -578.8499740408733,
                    -740.1010502728168,
                    -652.174837988423,
                    -668.9627805709897,
                    -577.8524551106675,
                    -484.7697443291836,
                    -644.672259883926,
                    -552.4675560203614,
                    -613.3252242223243,
                    -629.4308714813669,
                    -554.48952316941,
                    -587.2293640343123,
                    -694.0450285311672,
                    -635.8649393059895,
                    -616.8229138407041,
                    -602.9990004242864,
                    -621.3815384052286,
                    -603.89809222045,
                    -525.7999468102062,
                    -492.33699713097303,
                    -447.24996204618947,
                    -467.90361518392456,
                    -433.6178918260557,
                    -370.60255372858956,
                    -326.6924492492981,
                    -334.8656563407567,
                    -333.02805721608456,
                    -258.69458989574923,
                    -223.9910849723674,
                    -179.06826315802755,
                    -140.13901744017494,
                    -97.36703167340602,
                    -82.73404882263276,
                    32.83173325640382,
                    62.847290818812326,
                    182.46798048721394,
                    214.29267499558046,
                    270.1678296207392,
                    229.29794762001256,
                    253.84844113216968,
                    249.8257306367741,
                    75.38257203268586,
                    11.714166299265344,
                    5.990365796809783,
                    47.502972243441036,
                    86.71292086745962,
                    100.5275692709547,
                    102.16922991219326,
                    136.859798309888,
                    122.06251658045221,
                    122.06251658045221,
                    127.88395209980081,
                    127.87626030590036,
                    145.00979792955332,
                    212.6559538328729,
                    264.83187322012964,
                    302.4506878366519,
                    387.6578748882748,
                    420.77739171794383,
                    421.5159166563535,
                    419.70467190636555,
                    422.15525018205517,
                    411.1533709281066,
                    428.65803306447924,
                    454.93865980018745,
                    506.919566820201,
                    509.53071518254,
                    517.7704238680599,
                    530.1853778159712,
                    531.4310733499296,
                    566.9059285664407,
                    579.8330939148436
                ]
            ]
        },
        {
            "feature": "dummy:city:Los Angeles",
            "featureBins": [
                0.0,
                1.0
            ],
            "data": [
                [
                    -1213.4348666554724,
                    7026.836342636263
                ]
            ]
        },
        {
            "feature": "dummy:city:San Diego",
            "featureBins": [
                0.0,
                1.0
            ],
            "data": [
                [
                    544.7278030142479,
                    -6031.313475040923
                ]
            ]
        },
        {
            "feature": "dummy:city:San Francisco",
            "featureBins": [
                0.0,
                1.0
            ],
            "data": [
                [
                    -1516.543896146497,
                    31655.016731862386
                ]
            ]
        },
        {
            "feature": "dummy:city:San Jose",
            "featureBins": [
                0.0,
                1.0
            ],
            "data": [
                [
                    46.98767029738519,
                    374.2936734473042
                ]
            ]
        },
        {
            "feature": "dummy:city:Oakland",
            "featureBins": [
                0.0,
                1.0
            ],
            "data": [
                [
                    219.36836780313752,
                    -2533.9601593162806
                ]
            ]
        },
        {
            "feature": "dummy:city:Long Beach",
            "featureBins": [
                0.0,
                1.0
            ],
            "data": [
                [
                    69.44215348770376,
                    72.28999074190506
                ]
            ]
        },
        {
            "feature": "dummy:city:Sacramento",
            "featureBins": [
                0.0,
                1.0
            ],
            "data": [
                [
                    66.5344083000964,
                    85.75056136751664
                ]
            ]
        },
        {
            "feature": "dummy:city:Fresno",
            "featureBins": [
                0.0,
                1.0
            ],
            "data": [
                [
                    98.72997239461984,
                    -506.94637764940853
                ]
            ]
        },
        {
            "feature": "dummy:city:Stockton",
            "featureBins": [
                0.0,
                1.0
            ],
            "data": [
                [
                    69.56256052217213,
                    67.33524098352063
                ]
            ]
        },
        {
            "feature": "dummy:city:Anaheim",
            "featureBins": [
                0.0,
                1.0
            ],
            "data": [
                [
                    69.39757388969883,
                    69.39757388969883
                ]
            ]
        },
        {
            "feature": "dummy:city:San Bernardino",
            "featureBins": [
                0.0,
                1.0
            ],
            "data": [
                [
                    64.31182457087561,
                    123.10061828742619
                ]
            ]
        },
        {
            "feature": "dummy:city:Santa Ana",
            "featureBins": [
                0.0,
                1.0
            ],
            "data": [
                [
                    68.68539673136547,
                    72.99364948063157
                ]
            ]
        },
        {
            "feature": "dummy:city:Riverside",
            "featureBins": [
                0.0,
                1.0
            ],
            "data": [
                [
                    69.39757388969883,
                    69.39757388969883
                ]
            ]
        },
        {
            "feature": "dummy:city:Bakersfield",
            "featureBins": [
                0.0,
                1.0
            ],
            "data": [
                [
                    72.17770358821144,
                    -35.3767283843772
                ]
            ]
        },
        {
            "feature": "dummy:city:Fullerton",
            "featureBins": [
                0.0,
                1.0
            ],
            "data": [
                [
                    69.39757388969883,
                    69.39757388969883
                ]
            ]
        },
        {
            "feature": "dummy:city:Modesto",
            "featureBins": [
                0.0,
                1.0
            ],
            "data": [
                [
                    69.39757388969883,
                    69.39757388969883
                ]
            ]
        },
        {
            "feature": "dummy:city:Glendale",
            "featureBins": [
                0.0,
                1.0
            ],
            "data": [
                [
                    53.85873143063509,
                    627.7544687409245
                ]
            ]
        },
        {
            "feature": "dummy:city:Torrance",
            "featureBins": [
                0.0,
                1.0
            ],
            "data": [
                [
                    61.88945175652043,
                    260.1500471548061
                ]
            ]
        },
        {
            "feature": "dummy:city:Garden Grove",
            "featureBins": [
                0.0,
                1.0
            ],
            "data": [
                [
                    69.39757388969883,
                    69.39757388969883
                ]
            ]
        },
        {
            "feature": "dummy:city:Berkeley",
            "featureBins": [
                0.0,
                1.0
            ],
            "data": [
                [
                    68.59150853918982,
                    75.76549015863566
                ]
            ]
        },
        {
            "feature": "dummy:city:Pasadena",
            "featureBins": [
                0.0,
                1.0
            ],
            "data": [
                [
                    69.39757388969883,
                    69.39757388969883
                ]
            ]
        },
        {
            "feature": "dummy:city:Concord",
            "featureBins": [
                0.0,
                1.0
            ],
            "data": [
                [
                    69.39757388969883,
                    69.39757388969883
                ]
            ]
        },
        {
            "feature": "dummy:city:Irvine",
            "featureBins": [
                0.0,
                1.0
            ],
            "data": [
                [
                    70.13853519252734,
                    65.39638285449473
                ]
            ]
        },
        {
            "feature": "dummy:city:Hayward",
            "featureBins": [
                0.0,
                1.0
            ],
            "data": [
                [
                    68.95388471664046,
                    70.28495223581558
                ]
            ]
        },
        {
            "feature": "dummy:city:Downey",
            "featureBins": [
                0.0,
                1.0
            ],
            "data": [
                [
                    69.39757388969883,
                    69.39757388969883
                ]
            ]
        },
        {
            "feature": "dummy:city:Sunnyvale",
            "featureBins": [
                0.0,
                1.0
            ],
            "data": [
                [
                    69.39757388969883,
                    69.39757388969883
                ]
            ]
        },
        {
            "feature": "dummy:city:Santa Rosa",
            "featureBins": [
                0.0,
                1.0
            ],
            "data": [
                [
                    69.39757388969883,
                    69.39757388969883
                ]
            ]
        },
        {
            "feature": "dummy:city:San Mateo",
            "featureBins": [
                0.0,
                1.0
            ],
            "data": [
                [
                    69.39757388969883,
                    69.39757388969883
                ]
            ]
        },
        {
            "feature": "dummy:city:Burbank",
            "featureBins": [
                0.0,
                1.0
            ],
            "data": [
                [
                    69.39757388969883,
                    69.39757388969883
                ]
            ]
        },
        {
            "feature": "dummy:city:Fremont",
            "featureBins": [
                0.0,
                1.0
            ],
            "data": [
                [
                    69.39757388969883,
                    69.39757388969883
                ]
            ]
        },
        {
            "feature": "dummy:city:Richmond",
            "featureBins": [
                0.0,
                1.0
            ],
            "data": [
                [
                    72.97270990078687,
                    -57.797111793624936
                ]
            ]
        },
        {
            "feature": "dummy:city:Chula Vista",
            "featureBins": [
                0.0,
                1.0
            ],
            "data": [
                [
                    69.39757388969883,
                    69.39757388969883
                ]
            ]
        },
        {
            "feature": "dummy:city:Ontario",
            "featureBins": [
                0.0,
                1.0
            ],
            "data": [
                [
                    68.29523143920233,
                    106.28210387806757
                ]
            ]
        },
        {
            "feature": "dummy:city:Santa Monica",
            "featureBins": [
                0.0,
                1.0
            ],
            "data": [
                [
                    68.41671286456403,
                    76.95020378325717
                ]
            ]
        },
        {
            "feature": "dummy:city:Santa Barbara",
            "featureBins": [
                0.0,
                1.0
            ],
            "data": [
                [
                    67.29530277030426,
                    219.52497248447617
                ]
            ]
        },
        {
            "feature": "dummy:city:Compton",
            "featureBins": [
                0.0,
                1.0
            ],
            "data": [
                [
                    111.58034224464791,
                    -1241.233490088809
                ]
            ]
        },
        {
            "feature": "dummy:city:Oceanside",
            "featureBins": [
                0.0,
                1.0
            ],
            "data": [
                [
                    69.39757388969883,
                    69.39757388969883
                ]
            ]
        },
        {
            "feature": "dummy:city:Thousand Oaks",
            "featureBins": [
                0.0,
                1.0
            ],
            "data": [
                [
                    69.39757388969883,
                    69.39757388969883
                ]
            ]
        },
        {
            "feature": "dummy:city:Pomona",
            "featureBins": [
                0.0,
                1.0
            ],
            "data": [
                [
                    68.64533898065565,
                    93.72294856261578
                ]
            ]
        },
        {
            "feature": "dummy:city:Costa Mesa",
            "featureBins": [
                0.0,
                1.0
            ],
            "data": [
                [
                    69.39757388969883,
                    69.39757388969883
                ]
            ]
        },
        {
            "feature": "dummy:city:San Leandro",
            "featureBins": [
                0.0,
                1.0
            ],
            "data": [
                [
                    69.39757388969883,
                    69.39757388969883
                ]
            ]
        },
        {
            "feature": "dummy:city:Ventura",
            "featureBins": [
                0.0,
                1.0
            ],
            "data": [
                [
                    69.39757388969883,
                    69.39757388969883
                ]
            ]
        },
        {
            "feature": "dummy:city:Norwalk",
            "featureBins": [
                0.0,
                1.0
            ],
            "data": [
                [
                    69.39757388969883,
                    69.39757388969883
                ]
            ]
        },
        {
            "feature": "dummy:city:Inglewood",
            "featureBins": [
                0.0,
                1.0
            ],
            "data": [
                [
                    69.39757388969883,
                    69.39757388969883
                ]
            ]
        },
        {
            "feature": "dummy:city:Simi Valley",
            "featureBins": [
                0.0,
                1.0
            ],
            "data": [
                [
                    69.39757388969883,
                    69.39757388969883
                ]
            ]
        },
        {
            "feature": "dummy:city:Visalia",
            "featureBins": [
                0.0,
                1.0
            ],
            "data": [
                [
                    69.39757388969883,
                    69.39757388969883
                ]
            ]
        },
        {
            "feature": "dummy:city:Orange",
            "featureBins": [
                0.0,
                1.0
            ],
            "data": [
                [
                    69.39757388969883,
                    69.39757388969883
                ]
            ]
        },
        {
            "feature": "dummy:city:Palo Alto",
            "featureBins": [
                0.0,
                1.0
            ],
            "data": [
                [
                    69.39757388969883,
                    69.39757388969883
                ]
            ]
        },
        {
            "feature": "dummy:city:Newport Beach",
            "featureBins": [
                0.0,
                1.0
            ],
            "data": [
                [
                    69.39757388969883,
                    69.39757388969883
                ]
            ]
        },
        {
            "feature": "dummy:city:Alameda",
            "featureBins": [
                0.0,
                1.0
            ],
            "data": [
                [
                    69.39757388969883,
                    69.39757388969883
                ]
            ]
        },
        {
            "feature": "dummy:city:Oxnard",
            "featureBins": [
                0.0,
                1.0
            ],
            "data": [
                [
                    69.39757388969883,
                    69.39757388969883
                ]
            ]
        },
        {
            "feature": "dummy:city:Vallejo",
            "featureBins": [
                0.0,
                1.0
            ],
            "data": [
                [
                    69.39757388969883,
                    69.39757388969883
                ]
            ]
        },
        {
            "feature": "dummy:city:South Gate",
            "featureBins": [
                0.0,
                1.0
            ],
            "data": [
                [
                    69.39757388969883,
                    69.39757388969883
                ]
            ]
        },
        {
            "feature": "dummy:city:Santa Clara",
            "featureBins": [
                0.0,
                1.0
            ],
            "data": [
                [
                    69.39757388969883,
                    69.39757388969883
                ]
            ]
        },
        {
            "feature": "dummy:city:Carson",
            "featureBins": [
                0.0,
                1.0
            ],
            "data": [
                [
                    69.39757388969883,
                    69.39757388969883
                ]
            ]
        },
        {
            "feature": "dummy:city:Redondo Beach",
            "featureBins": [
                0.0,
                1.0
            ],
            "data": [
                [
                    69.39757388969883,
                    69.39757388969883
                ]
            ]
        },
        {
            "feature": "dummy:city:Lakewood",
            "featureBins": [
                0.0,
                1.0
            ],
            "data": [
                [
                    70.83239728500484,
                    54.1679839194112
                ]
            ]
        },
        {
            "feature": "dummy:city:Mountain View",
            "featureBins": [
                0.0,
                1.0
            ],
            "data": [
                [
                    69.39757388969883,
                    69.39757388969883
                ]
            ]
        },
        {
            "feature": "dummy:city:Upland",
            "featureBins": [
                0.0,
                1.0
            ],
            "data": [
                [
                    69.39757388969883,
                    69.39757388969883
                ]
            ]
        },
        {
            "feature": "dummy:city:Whittier",
            "featureBins": [
                0.0,
                1.0
            ],
            "data": [
                [
                    69.39757388969883,
                    69.39757388969883
                ]
            ]
        },
        {
            "feature": "dummy:city:Clovis",
            "featureBins": [
                0.0,
                1.0
            ],
            "data": [
                [
                    69.39757388969883,
                    69.39757388969883
                ]
            ]
        },
        {
            "feature": "dummy:city:Hawthorne",
            "featureBins": [
                0.0,
                1.0
            ],
            "data": [
                [
                    69.39757388969883,
                    69.39757388969883
                ]
            ]
        },
        {
            "feature": "dummy:city:Redding",
            "featureBins": [
                0.0,
                1.0
            ],
            "data": [
                [
                    69.39757388969883,
                    69.39757388969883
                ]
            ]
        },
        {
            "feature": "dummy:city:Santa Cruz",
            "featureBins": [
                0.0,
                1.0
            ],
            "data": [
                [
                    69.39757388969883,
                    69.39757388969883
                ]
            ]
        },
        {
            "feature": "dummy:city:Pico Rivera",
            "featureBins": [
                0.0,
                1.0
            ],
            "data": [
                [
                    69.39757388969883,
                    69.39757388969883
                ]
            ]
        },
        {
            "feature": "dummy:city:Lancaster",
            "featureBins": [
                0.0,
                1.0
            ],
            "data": [
                [
                    69.39757388969883,
                    69.39757388969883
                ]
            ]
        },
        {
            "feature": "dummy:city:Alhambra",
            "featureBins": [
                0.0,
                1.0
            ],
            "data": [
                [
                    69.39757388969883,
                    69.39757388969883
                ]
            ]
        },
        {
            "feature": "dummy:city:Napa",
            "featureBins": [
                0.0,
                1.0
            ],
            "data": [
                [
                    69.39757388969883,
                    69.39757388969883
                ]
            ]
        },
        {
            "feature": "dummy:city:El Cajon",
            "featureBins": [
                0.0,
                1.0
            ],
            "data": [
                [
                    69.39757388969883,
                    69.39757388969883
                ]
            ]
        },
        {
            "feature": "dummy:city:Vacaville",
            "featureBins": [
                0.0,
                1.0
            ],
            "data": [
                [
                    69.39757388969883,
                    69.39757388969883
                ]
            ]
        },
        {
            "feature": "dummy:city:Gardena",
            "featureBins": [
                0.0,
                1.0
            ],
            "data": [
                [
                    69.39757388969883,
                    69.39757388969883
                ]
            ]
        },
        {
            "feature": "dummy:city:Santa Maria",
            "featureBins": [
                0.0,
                1.0
            ],
            "data": [
                [
                    69.39757388969883,
                    69.39757388969883
                ]
            ]
        },
        {
            "feature": "dummy:city:Westminster",
            "featureBins": [
                0.0,
                1.0
            ],
            "data": [
                [
                    69.39757388969883,
                    69.39757388969883
                ]
            ]
        },
        {
            "feature": "dummy:city:Monterey Park",
            "featureBins": [
                0.0,
                1.0
            ],
            "data": [
                [
                    69.39757388969883,
                    69.39757388969883
                ]
            ]
        },
        {
            "feature": "dummy:city:Redlands",
            "featureBins": [
                0.0,
                1.0
            ],
            "data": [
                [
                    69.39757388969883,
                    69.39757388969883
                ]
            ]
        },
        {
            "feature": "dummy:city:Mission Viejo",
            "featureBins": [
                0.0,
                1.0
            ],
            "data": [
                [
                    69.39757388969883,
                    69.39757388969883
                ]
            ]
        },
        {
            "feature": "dummy:city:Culver City",
            "featureBins": [
                0.0,
                1.0
            ],
            "data": [
                [
                    69.39757388969883,
                    69.39757388969883
                ]
            ]
        },
        {
            "feature": "dummy:city:Fontana",
            "featureBins": [
                0.0,
                1.0
            ],
            "data": [
                [
                    69.39757388969883,
                    69.39757388969883
                ]
            ]
        },
        {
            "feature": "dummy:city:Fairfield",
            "featureBins": [
                0.0,
                1.0
            ],
            "data": [
                [
                    69.39757388969883,
                    69.39757388969883
                ]
            ]
        },
        {
            "feature": "dummy:city:Antioch",
            "featureBins": [
                0.0,
                1.0
            ],
            "data": [
                [
                    69.39757388969883,
                    69.39757388969883
                ]
            ]
        },
        {
            "feature": "dummy:city:Vista",
            "featureBins": [
                0.0,
                1.0
            ],
            "data": [
                [
                    69.39757388969883,
                    69.39757388969883
                ]
            ]
        },
        {
            "feature": "dummy:city:Buena Park",
            "featureBins": [
                0.0,
                1.0
            ],
            "data": [
                [
                    69.39757388969883,
                    69.39757388969883
                ]
            ]
        },
        {
            "feature": "dummy:city:Lodi",
            "featureBins": [
                0.0,
                1.0
            ],
            "data": [
                [
                    69.39757388969883,
                    69.39757388969883
                ]
            ]
        },
        {
            "feature": "dummy:city:Rialto",
            "featureBins": [
                0.0,
                1.0
            ],
            "data": [
                [
                    69.39757388969883,
                    69.39757388969883
                ]
            ]
        },
        {
            "feature": "dummy:city:Bellflower",
            "featureBins": [
                0.0,
                1.0
            ],
            "data": [
                [
                    69.39757388969883,
                    69.39757388969883
                ]
            ]
        },
        {
            "feature": "dummy:city:National City",
            "featureBins": [
                0.0,
                1.0
            ],
            "data": [
                [
                    69.39757388969883,
                    69.39757388969883
                ]
            ]
        },
        {
            "feature": "dummy:city:Fountain Valley",
            "featureBins": [
                0.0,
                1.0
            ],
            "data": [
                [
                    69.39757388969883,
                    69.39757388969883
                ]
            ]
        },
        {
            "feature": "dummy:city:La Habra",
            "featureBins": [
                0.0,
                1.0
            ],
            "data": [
                [
                    69.39757388969883,
                    69.39757388969883
                ]
            ]
        },
        {
            "feature": "dummy:city:Walnut Creek",
            "featureBins": [
                0.0,
                1.0
            ],
            "data": [
                [
                    69.39757388969883,
                    69.39757388969883
                ]
            ]
        },
        {
            "feature": "dummy:city:Glendora",
            "featureBins": [
                0.0,
                1.0
            ],
            "data": [
                [
                    69.39757388969883,
                    69.39757388969883
                ]
            ]
        },
        {
            "feature": "dummy:city:Daly City",
            "featureBins": [
                0.0,
                1.0
            ],
            "data": [
                [
                    68.29918856031145,
                    135.08101659204112
                ]
            ]
        },
        {
            "feature": "dummy:city:Escondido",
            "featureBins": [
                0.0,
                1.0
            ],
            "data": [
                [
                    69.39757388969883,
                    69.39757388969883
                ]
            ]
        },
        {
            "feature": "dummy:city:Manhattan Beach",
            "featureBins": [
                0.0,
                1.0
            ],
            "data": [
                [
                    69.39757388969883,
                    69.39757388969883
                ]
            ]
        },
        {
            "feature": "dummy:city:Lawndale",
            "featureBins": [
                0.0,
                1.0
            ],
            "data": [
                [
                    68.76347498339601,
                    94.06402134452946
                ]
            ]
        },
        {
            "feature": "dummy:city:Lynwood",
            "featureBins": [
                0.0,
                1.0
            ],
            "data": [
                [
                    69.39757388969883,
                    69.39757388969883
                ]
            ]
        },
        {
            "feature": "dummy:city:Carlsbad",
            "featureBins": [
                0.0,
                1.0
            ],
            "data": [
                [
                    69.39757388969883,
                    69.39757388969883
                ]
            ]
        },
        {
            "feature": "dummy:city:Los Altos",
            "featureBins": [
                0.0,
                1.0
            ],
            "data": [
                [
                    69.39757388969883,
                    69.39757388969883
                ]
            ]
        },
        {
            "feature": "dummy:city:Redwood City",
            "featureBins": [
                0.0,
                1.0
            ],
            "data": [
                [
                    69.39757388969883,
                    69.39757388969883
                ]
            ]
        },
        {
            "feature": "dummy:city:Encinitas",
            "featureBins": [
                0.0,
                1.0
            ],
            "data": [
                [
                    69.39757388969883,
                    69.39757388969883
                ]
            ]
        },
        {
            "feature": "dummy:city:Salinas",
            "featureBins": [
                0.0,
                1.0
            ],
            "data": [
                [
                    69.39757388969883,
                    69.39757388969883
                ]
            ]
        },
        {
            "feature": "dummy:city:N/A",
            "featureBins": [
                0.0,
                1.0
            ],
            "data": [
                [
                    -375.03945819401997,
                    450.0554774402117
                ]
            ]
        },
        {
            "feature": "dummy:city:__Others__",
            "featureBins": [
                0.0,
                1.0
            ],
            "data": [
                [
                    -106.73642325703986,
                    654.6829419376154
                ]
            ]
        },
        {
            "feature": "dummy:ocean_proximity:<1H OCEAN",
            "featureBins": [
                0.0,
                1.0
            ],
            "data": [
                [
                    -1252.7009086077742,
                    919.5030855000659
                ]
            ]
        },
        {
            "feature": "dummy:ocean_proximity:INLAND",
            "featureBins": [
                0.0,
                1.0
            ],
            "data": [
                [
                    29992.050161800755,
                    -61254.82628146632
                ]
            ]
        },
        {
            "feature": "dummy:ocean_proximity:NEAR OCEAN",
            "featureBins": [
                0.0,
                1.0
            ],
            "data": [
                [
                    -711.9664323631441,
                    3828.186789172585
                ]
            ]
        },
        {
            "feature": "dummy:ocean_proximity:NEAR BAY",
            "featureBins": [
                0.0,
                1.0
            ],
            "data": [
                [
                    742.2877428430656,
                    -3024.8947999207594
                ]
            ]
        },
        {
            "feature": "dummy:ocean_proximity:ISLAND",
            "featureBins": [
                0.0,
                1.0
            ],
            "data": [
                [
                    69.39757388969883,
                    69.39757388969883
                ]
            ]
        },
        {
            "feature": "dummy:ocean_proximity:N/A",
            "featureBins": [
                0.0
            ],
            "data": [
                [
                    69.39757388969883
                ]
            ]
        },
        {
            "feature": "dummy:ocean_proximity:__Others__",
            "featureBins": [
                0.0
            ],
            "data": [
                [
                    69.39757388969883
                ]
            ]
        }
    ],
    "rawImportance": {
        "variables": [
            "housing_median_age",
            "median_income",
            "family_size",
            "total_bedrooms",
            "total_rooms",
            "dummy:city:Los Angeles",
            "dummy:city:San Diego",
            "dummy:city:San Francisco",
            "dummy:city:San Jose",
            "dummy:city:Oakland",
            "dummy:city:Long Beach",
            "dummy:city:Sacramento",
            "dummy:city:Fresno",
            "dummy:city:Stockton",
            "dummy:city:San Bernardino",
            "dummy:city:Santa Ana",
            "dummy:city:Bakersfield",
            "dummy:city:Glendale",
            "dummy:city:Torrance",
            "dummy:city:Berkeley",
            "dummy:city:Irvine",
            "dummy:city:Hayward",
            "dummy:city:Richmond",
            "dummy:city:Ontario",
            "dummy:city:Santa Monica",
            "dummy:city:Santa Barbara",
            "dummy:city:Compton",
            "dummy:city:Pomona",
            "dummy:city:Lakewood",
            "dummy:city:Daly City",
            "dummy:city:Lawndale",
            "dummy:city:N/A",
            "dummy:city:__Others__",
            "dummy:ocean_proximity:<1H OCEAN",
            "dummy:ocean_proximity:INLAND",
            "dummy:ocean_proximity:NEAR OCEAN",
            "dummy:ocean_proximity:NEAR BAY"
        ],
        "importances": [
            0.04354004963401496,
            0.5700460037000893,
            0.1396506001823814,
            0.017737669228635677,
            0.015220230096906902,
            0.006718629776170576,
            0.002157666326153545,
            0.015031603279808275,
            7.903488133965802e-05,
            0.0006430844982561984,
            3.571443190954683e-06,
            6.753242640000016e-06,
            7.80751329575091e-05,
            1.9119376621945105e-07,
            6.277666884523102e-06,
            9.742547090209135e-07,
            1.2236404084026674e-05,
            8.927304058053089e-05,
            5.608694002799442e-05,
            4.029303746436585e-06,
            4.427902149209602e-06,
            8.909671385477288e-07,
            2.4809681550818795e-05,
            3.3284456064372585e-06,
            5.645336560609574e-06,
            1.727519589250061e-05,
            0.00021060380743461615,
            2.327085066486857e-06,
            3.7817227026067574e-06,
            8.25935107033503e-06,
            3.897720188363446e-06,
            0.0025590461896533375,
            0.0009960052245596908,
            0.0027288971889391582,
            0.17636290462678184,
            0.003594858099775557,
            0.0023910012285861867
        ]
    }
}