{
    "metrics": {
        "evs": 0.7486016801790554,
        "mape": 0.23144239563929314,
        "mae": 40693.022556696924,
        "mse": 3401440454.431695,
        "rmse": 58321.86943533013,
        "rmsle": 0.29038863474573723,
        "r2": 0.7486005770880666,
        "pearson": 0.8652320087292599,
        "customMetricsResults": []
    },
    "processed_feature_names": [
        "housing_median_age",
        "median_income",
        "family_size",
        "outliers",
        "total_bedrooms",
        "total_rooms",
        "dummy:city:Los Angeles",
        "dummy:city:San Diego",
        "dummy:city:San Francisco",
        "dummy:city:San Jose",
        "dummy:city:Oakland",
        "dummy:city:Long Beach",
        "dummy:city:Sacramento",
        "dummy:city:Fresno",
        "dummy:city:Stockton",
        "dummy:city:Anaheim",
        "dummy:city:San Bernardino",
        "dummy:city:Santa Ana",
        "dummy:city:Riverside",
        "dummy:city:Bakersfield",
        "dummy:city:Fullerton",
        "dummy:city:Modesto",
        "dummy:city:Glendale",
        "dummy:city:Torrance",
        "dummy:city:Garden Grove",
        "dummy:city:Berkeley",
        "dummy:city:Pasadena",
        "dummy:city:Concord",
        "dummy:city:Irvine",
        "dummy:city:Hayward",
        "dummy:city:Downey",
        "dummy:city:Sunnyvale",
        "dummy:city:Santa Rosa",
        "dummy:city:San Mateo",
        "dummy:city:Burbank",
        "dummy:city:Fremont",
        "dummy:city:Richmond",
        "dummy:city:Chula Vista",
        "dummy:city:Ontario",
        "dummy:city:Santa Monica",
        "dummy:city:Santa Barbara",
        "dummy:city:Compton",
        "dummy:city:Oceanside",
        "dummy:city:Thousand Oaks",
        "dummy:city:Pomona",
        "dummy:city:Costa Mesa",
        "dummy:city:San Leandro",
        "dummy:city:Ventura",
        "dummy:city:Norwalk",
        "dummy:city:Inglewood",
        "dummy:city:Simi Valley",
        "dummy:city:Visalia",
        "dummy:city:Orange",
        "dummy:city:Palo Alto",
        "dummy:city:Newport Beach",
        "dummy:city:Alameda",
        "dummy:city:Oxnard",
        "dummy:city:Vallejo",
        "dummy:city:South Gate",
        "dummy:city:Santa Clara",
        "dummy:city:Carson",
        "dummy:city:Redondo Beach",
        "dummy:city:Lakewood",
        "dummy:city:Mountain View",
        "dummy:city:Upland",
        "dummy:city:Whittier",
        "dummy:city:Clovis",
        "dummy:city:Hawthorne",
        "dummy:city:Redding",
        "dummy:city:Santa Cruz",
        "dummy:city:Pico Rivera",
        "dummy:city:Lancaster",
        "dummy:city:Alhambra",
        "dummy:city:Napa",
        "dummy:city:El Cajon",
        "dummy:city:Vacaville",
        "dummy:city:Gardena",
        "dummy:city:Santa Maria",
        "dummy:city:Westminster",
        "dummy:city:Monterey Park",
        "dummy:city:Redlands",
        "dummy:city:Mission Viejo",
        "dummy:city:Culver City",
        "dummy:city:Fontana",
        "dummy:city:Fairfield",
        "dummy:city:Antioch",
        "dummy:city:Vista",
        "dummy:city:Buena Park",
        "dummy:city:Lodi",
        "dummy:city:Rialto",
        "dummy:city:Bellflower",
        "dummy:city:National City",
        "dummy:city:Fountain Valley",
        "dummy:city:La Habra",
        "dummy:city:Walnut Creek",
        "dummy:city:Glendora",
        "dummy:city:Daly City",
        "dummy:city:Escondido",
        "dummy:city:Manhattan Beach",
        "dummy:city:Lawndale",
        "dummy:city:Lynwood",
        "dummy:city:Carlsbad",
        "dummy:city:Los Altos",
        "dummy:city:Redwood City",
        "dummy:city:Encinitas",
        "dummy:city:Salinas",
        "dummy:city:N/A",
        "dummy:city:__Others__",
        "dummy:ocean_proximity:<1H OCEAN",
        "dummy:ocean_proximity:INLAND",
        "dummy:ocean_proximity:NEAR OCEAN",
        "dummy:ocean_proximity:NEAR BAY",
        "dummy:ocean_proximity:ISLAND",
        "dummy:ocean_proximity:N/A",
        "dummy:ocean_proximity:__Others__"
    ],
    "regression_performance": {
        "error_distribution": [
            {
                "bin_id": 0,
                "bin_min": -107653.10431758249,
                "bin_max": -81131.92440330374,
                "count": 168
            },
            {
                "bin_id": 1,
                "bin_min": -81131.92440330374,
                "bin_max": -54873.330428770336,
                "count": 225
            },
            {
                "bin_id": 2,
                "bin_min": -54873.330428770336,
                "bin_max": -28614.736454236918,
                "count": 528
            },
            {
                "bin_id": 3,
                "bin_min": -28614.736454236918,
                "bin_max": -2356.1424797035143,
                "count": 892
            },
            {
                "bin_id": 4,
                "bin_min": -2356.1424797035143,
                "bin_max": 23902.45149482989,
                "count": 702
            },
            {
                "bin_id": 5,
                "bin_min": 23902.45149482989,
                "bin_max": 50161.04546936332,
                "count": 367
            },
            {
                "bin_id": 6,
                "bin_min": 50161.04546936332,
                "bin_max": 76419.63944389673,
                "count": 164
            },
            {
                "bin_id": 7,
                "bin_min": 76419.63944389673,
                "bin_max": 102678.23341843013,
                "count": 120
            },
            {
                "bin_id": 8,
                "bin_min": 102678.23341843013,
                "bin_max": 128936.82739296353,
                "count": 64
            },
            {
                "bin_id": 9,
                "bin_min": 128936.82739296353,
                "bin_max": 155195.42136749695,
                "count": 107
            }
        ],
        "raw_min_error": -253003.6730420855,
        "min_error": -107390.51837783716,
        "p25_error": -31480.069168046437,
        "median_error": -6599.30263951372,
        "average_error": -582.0374690522085,
        "std_error": 52378.960793303915,
        "p75_error": 23396.44036774023,
        "p90_error": 69132.61073476239,
        "max_error": 155195.42136749695,
        "raw_max_error": 414450.9117669644
    },
    "scatterPlotData": {
        "x": [
            48500.0,
            122000.0,
            300000.0,
            142200.0,
            108300.0,
            239400.0,
            43700.0,
            169200.0,
            52100.0,
            119500.0,
            161700.0,
            227500.0,
            88300.0,
            433800.0,
            211900.0,
            54200.0,
            166900.0,
            168800.0,
            251800.0,
            461200.0,
            87500.0,
            209500.0,
            237700.0,
            500001.0,
            173900.0,
            138100.0,
            151400.0,
            379800.0,
            137500.0,
            174100.0,
            148500.0,
            88300.0,
            177500.0,
            86100.0,
            83600.0,
            99400.0,
            76100.0,
            217900.0,
            234600.0,
            220800.0,
            222900.0,
            63400.0,
            52100.0,
            368400.0,
            71900.0,
            126600.0,
            77100.0,
            144100.0,
            110800.0,
            469900.0,
            289100.0,
            101600.0,
            91900.0,
            86200.0,
            257600.0,
            205900.0,
            369100.0,
            131500.0,
            233300.0,
            435100.0,
            243800.0,
            141700.0,
            185600.0,
            500001.0,
            282100.0,
            180000.0,
            77800.0,
            371600.0,
            73000.0,
            94900.0,
            290900.0,
            373400.0,
            110900.0,
            120600.0,
            101100.0,
            296300.0,
            143300.0,
            180700.0,
            258800.0,
            91100.0,
            500001.0,
            205100.0,
            109700.0,
            273000.0,
            100000.0,
            187500.0,
            158000.0,
            287600.0,
            121500.0,
            192200.0,
            236800.0,
            361600.0,
            147200.0,
            131800.0,
            149600.0,
            170500.0,
            130800.0,
            74100.0,
            103100.0,
            90000.0,
            247600.0,
            339200.0,
            247700.0,
            48300.0,
            273400.0,
            500001.0,
            109400.0,
            169000.0,
            206300.0,
            387700.0,
            238800.0,
            70500.0,
            340000.0,
            145200.0,
            344800.0,
            70000.0,
            95000.0,
            137500.0,
            223200.0,
            425000.0,
            91100.0,
            157500.0,
            172500.0,
            416700.0,
            98800.0,
            96700.0,
            150800.0,
            105400.0,
            156800.0,
            209400.0,
            90600.0,
            136300.0,
            164500.0,
            130900.0,
            177400.0,
            146900.0,
            90800.0,
            295200.0,
            50400.0,
            87500.0,
            123800.0,
            161300.0,
            63300.0,
            72000.0,
            109900.0,
            325000.0,
            500001.0,
            113900.0,
            188300.0,
            155300.0,
            213100.0,
            179800.0,
            99500.0,
            371500.0,
            85500.0,
            94200.0,
            271500.0,
            113200.0,
            500001.0,
            450700.0,
            275000.0,
            344700.0,
            411900.0,
            67500.0,
            73200.0,
            79200.0,
            210900.0,
            500001.0,
            161000.0,
            70000.0,
            102700.0,
            356100.0,
            110700.0,
            157200.0,
            92300.0,
            306700.0,
            153000.0,
            201400.0,
            198100.0,
            387200.0,
            83300.0,
            150000.0,
            134700.0,
            281300.0,
            336700.0,
            165000.0,
            128300.0,
            131300.0,
            279500.0,
            89900.0,
            200000.0,
            139700.0,
            106900.0,
            196300.0,
            240900.0,
            141600.0,
            213900.0,
            229500.0,
            213400.0,
            122700.0,
            500001.0,
            81900.0,
            50800.0,
            163100.0,
            57900.0,
            478600.0,
            372200.0,
            224600.0,
            85700.0,
            89400.0,
            78800.0,
            143800.0,
            228200.0,
            104200.0,
            246900.0,
            374300.0,
            127500.0,
            208300.0,
            229100.0,
            212200.0,
            230800.0,
            283100.0,
            500001.0,
            99100.0,
            321100.0,
            191700.0,
            500000.0,
            97800.0,
            153300.0,
            200000.0,
            81100.0,
            59400.0,
            129700.0,
            156400.0,
            272000.0,
            306700.0,
            500001.0,
            72000.0,
            52900.0,
            64500.0,
            180500.0,
            127900.0,
            284800.0,
            190500.0,
            389800.0,
            212800.0,
            134400.0,
            152800.0,
            166300.0,
            354500.0,
            500001.0,
            172700.0,
            209200.0,
            100000.0,
            137600.0,
            183300.0,
            157200.0,
            136800.0,
            145200.0,
            92600.0,
            94300.0,
            92800.0,
            288500.0,
            58800.0,
            170700.0,
            224200.0,
            271300.0,
            112400.0,
            99300.0,
            162500.0,
            109700.0,
            93800.0,
            500001.0,
            191300.0,
            500001.0,
            71000.0,
            87200.0,
            57800.0,
            351300.0,
            138800.0,
            146500.0,
            136800.0,
            169100.0,
            261400.0,
            325000.0,
            415600.0,
            154200.0,
            62500.0,
            123800.0,
            210000.0,
            108900.0,
            218600.0,
            291100.0,
            152500.0,
            148400.0,
            142900.0,
            154000.0,
            164400.0,
            111600.0,
            269500.0,
            365700.0,
            158200.0,
            240800.0,
            54200.0,
            59100.0,
            121500.0,
            261300.0,
            220000.0,
            147200.0,
            165000.0,
            405100.0,
            225000.0,
            206300.0,
            179800.0,
            191100.0,
            134600.0,
            135000.0,
            208100.0,
            245100.0,
            336900.0,
            137500.0,
            210700.0,
            225800.0,
            226400.0,
            223100.0,
            500001.0,
            93800.0,
            165500.0,
            158600.0,
            119700.0,
            350000.0,
            54900.0,
            282000.0,
            229200.0,
            266900.0,
            74900.0,
            167500.0,
            214600.0,
            173200.0,
            142900.0,
            500001.0,
            371000.0,
            77300.0,
            196100.0,
            247600.0,
            251200.0,
            240000.0,
            500001.0,
            45800.0,
            150000.0,
            48800.0,
            285400.0,
            248900.0,
            143800.0,
            80600.0,
            98000.0,
            231700.0,
            345300.0,
            87500.0,
            76200.0,
            196700.0,
            157300.0,
            434500.0,
            158600.0,
            140600.0,
            200900.0,
            74000.0,
            156700.0,
            75400.0,
            352100.0,
            207500.0,
            223500.0,
            128800.0,
            276800.0,
            91700.0,
            142600.0,
            231600.0,
            55000.0,
            186100.0,
            254500.0,
            72200.0,
            269800.0,
            146900.0,
            141100.0,
            224100.0,
            220000.0,
            164100.0,
            323000.0,
            359900.0,
            119400.0,
            94500.0,
            156900.0,
            55000.0,
            208000.0,
            112500.0,
            221200.0,
            239600.0,
            84100.0,
            500001.0,
            133100.0,
            125000.0,
            399700.0,
            161100.0,
            127600.0,
            171400.0,
            341700.0,
            47800.0,
            140300.0,
            71900.0,
            295900.0,
            70700.0,
            233200.0,
            207700.0,
            315200.0,
            145800.0,
            396400.0,
            128900.0,
            216800.0,
            195700.0,
            113700.0,
            188500.0,
            363300.0,
            68000.0,
            169500.0,
            136600.0,
            293200.0,
            411800.0,
            264700.0,
            386200.0,
            113300.0,
            105000.0,
            45500.0,
            500001.0,
            137500.0,
            370200.0,
            111100.0,
            353900.0,
            126700.0,
            60000.0,
            99100.0,
            350000.0,
            338400.0,
            139300.0,
            500001.0,
            44000.0,
            410300.0,
            223900.0,
            230000.0,
            382400.0,
            284900.0,
            262500.0,
            180700.0,
            230000.0,
            219000.0,
            92200.0,
            111500.0,
            162400.0,
            223400.0,
            434800.0,
            353600.0,
            125000.0,
            142600.0,
            115200.0,
            92700.0,
            233000.0,
            110900.0,
            184600.0,
            108900.0,
            150800.0,
            133900.0,
            170300.0,
            230600.0,
            182100.0,
            251100.0,
            110400.0,
            500001.0,
            188200.0,
            75200.0,
            174000.0,
            369100.0,
            270000.0,
            481300.0,
            151900.0,
            47700.0,
            237200.0,
            208000.0,
            179400.0,
            275000.0,
            79200.0,
            95700.0,
            254100.0,
            400000.0,
            177000.0,
            156800.0,
            106300.0,
            200000.0,
            153400.0,
            87500.0,
            116700.0,
            175000.0,
            331000.0,
            220000.0,
            275000.0,
            72900.0,
            242600.0,
            109400.0,
            85300.0,
            162500.0,
            146600.0,
            102100.0,
            265400.0,
            304000.0,
            204800.0,
            240500.0,
            192400.0,
            114200.0,
            164600.0,
            208300.0,
            142300.0,
            112500.0,
            134000.0,
            175000.0,
            170200.0,
            136600.0,
            91400.0,
            139700.0,
            371100.0,
            198400.0,
            500001.0,
            232400.0,
            126800.0,
            150000.0,
            223300.0,
            55100.0,
            84700.0,
            206300.0,
            500001.0,
            387100.0,
            290500.0,
            246400.0,
            254200.0,
            222800.0,
            209900.0,
            143300.0,
            150500.0,
            176400.0,
            215400.0,
            143200.0,
            85000.0,
            61000.0,
            65000.0,
            196400.0,
            145000.0,
            75000.0,
            97700.0,
            177100.0,
            96700.0,
            95800.0,
            158900.0,
            500001.0,
            181100.0,
            83700.0,
            87500.0,
            188800.0,
            236200.0,
            290900.0,
            222800.0,
            175900.0,
            155200.0,
            305300.0,
            55000.0,
            184800.0,
            264700.0,
            49300.0,
            312500.0,
            73100.0,
            384200.0,
            90900.0,
            500001.0,
            156700.0,
            69000.0,
            65900.0,
            113600.0,
            500001.0,
            131300.0,
            136300.0,
            500001.0,
            330900.0,
            306800.0,
            500001.0,
            265000.0,
            199800.0,
            340800.0,
            171600.0,
            211300.0,
            141300.0,
            162100.0,
            276100.0,
            235100.0,
            239900.0,
            356500.0,
            141500.0,
            58900.0,
            500001.0,
            359000.0,
            238700.0,
            162500.0,
            239900.0,
            178800.0,
            97800.0,
            216700.0,
            94700.0,
            182100.0,
            500001.0,
            329500.0,
            72700.0,
            367400.0,
            264800.0,
            173100.0,
            106300.0,
            109800.0,
            329500.0,
            277200.0,
            153900.0,
            198600.0,
            198400.0,
            159500.0,
            142400.0,
            336800.0,
            93000.0,
            196300.0,
            280400.0,
            219000.0,
            228700.0,
            185100.0,
            366200.0,
            153200.0,
            385700.0,
            128700.0,
            475000.0,
            270600.0,
            120700.0,
            160300.0,
            232000.0,
            94000.0,
            356300.0,
            298400.0,
            109400.0,
            251300.0,
            223600.0,
            335300.0,
            95800.0,
            104600.0,
            475000.0,
            500001.0,
            187200.0,
            199000.0,
            500001.0,
            39600.0,
            224200.0,
            113400.0,
            237600.0,
            84700.0,
            149500.0,
            57900.0,
            199600.0,
            235300.0,
            387800.0,
            223900.0,
            500001.0,
            439300.0,
            345000.0,
            151900.0,
            92400.0,
            500001.0,
            350400.0,
            330000.0,
            41400.0,
            353100.0,
            53300.0,
            190600.0,
            51600.0,
            126000.0,
            284100.0,
            55000.0,
            88100.0,
            192000.0,
            229300.0,
            335400.0,
            280800.0,
            245600.0,
            432100.0,
            192100.0,
            276000.0,
            281900.0,
            396400.0,
            96000.0,
            103100.0,
            203400.0,
            275000.0,
            135700.0,
            186600.0,
            428600.0,
            118800.0,
            465800.0,
            359300.0,
            120400.0,
            55000.0,
            73000.0,
            263300.0,
            194100.0,
            62000.0,
            184800.0,
            204500.0,
            163100.0,
            266700.0,
            76200.0,
            313400.0,
            230000.0,
            357400.0,
            260900.0,
            93100.0,
            486400.0,
            287200.0,
            225400.0,
            287700.0,
            374500.0,
            337200.0,
            51700.0,
            254400.0,
            261300.0,
            290500.0,
            227900.0,
            142300.0,
            58800.0,
            161700.0,
            125000.0,
            500001.0,
            193800.0,
            162500.0,
            154700.0,
            146500.0,
            203700.0,
            200000.0,
            107900.0,
            189800.0,
            97900.0,
            162500.0,
            72500.0,
            52400.0,
            208100.0,
            102200.0,
            162700.0,
            350000.0,
            230900.0,
            218200.0,
            141700.0,
            400000.0,
            112500.0,
            141600.0,
            129100.0,
            67500.0,
            63200.0,
            481500.0,
            218800.0,
            156000.0,
            372400.0,
            187500.0,
            92800.0,
            165100.0,
            164800.0,
            256300.0,
            254900.0,
            500001.0,
            210000.0,
            185400.0,
            439800.0,
            460000.0,
            267900.0,
            293100.0,
            222400.0,
            135600.0,
            83900.0,
            140100.0,
            368500.0,
            301300.0,
            159800.0,
            105700.0,
            105800.0,
            147200.0,
            158300.0,
            272200.0,
            125600.0,
            79900.0,
            225400.0,
            117500.0,
            118500.0,
            207000.0,
            204600.0,
            94900.0,
            274000.0,
            247100.0,
            84500.0,
            95000.0,
            155500.0,
            100000.0,
            50000.0,
            116700.0,
            90100.0,
            330000.0,
            83200.0,
            166300.0,
            161300.0,
            178500.0,
            239300.0,
            90200.0,
            391900.0,
            366100.0,
            257900.0,
            147100.0,
            166700.0,
            219400.0,
            158300.0,
            245600.0,
            389200.0,
            119900.0,
            376100.0,
            112500.0,
            460200.0,
            154600.0,
            109400.0,
            133500.0,
            176800.0,
            450000.0,
            168600.0,
            189600.0,
            152200.0,
            299400.0,
            130500.0,
            162500.0,
            231100.0,
            66500.0,
            316400.0,
            228700.0,
            500001.0,
            134400.0,
            67500.0,
            89600.0,
            155000.0,
            38800.0,
            187500.0,
            184200.0,
            52100.0,
            360900.0,
            45000.0,
            59400.0,
            118800.0,
            206700.0,
            418400.0,
            112100.0,
            500001.0,
            114300.0,
            65900.0,
            296800.0,
            123800.0,
            321600.0,
            137500.0,
            236100.0,
            174600.0,
            111700.0,
            175500.0,
            63700.0,
            500001.0,
            171300.0,
            181900.0,
            241900.0,
            191900.0,
            166300.0,
            142100.0,
            321400.0,
            118800.0,
            348200.0,
            225000.0,
            160600.0,
            96100.0,
            95600.0,
            140200.0,
            123100.0,
            154400.0,
            246300.0,
            92400.0,
            150800.0,
            174000.0,
            97300.0,
            100000.0,
            65900.0,
            414700.0,
            311400.0,
            153700.0,
            381900.0,
            222400.0,
            207300.0,
            177400.0,
            190800.0,
            159400.0,
            325900.0,
            180700.0,
            349500.0,
            306500.0,
            121900.0,
            81800.0,
            234800.0,
            205300.0,
            325400.0,
            341800.0,
            250000.0,
            100000.0,
            247800.0,
            267500.0,
            212600.0,
            148600.0,
            66400.0,
            353700.0,
            400000.0,
            234700.0,
            160000.0,
            254600.0,
            211900.0,
            264400.0,
            92400.0,
            284900.0,
            160700.0,
            114400.0,
            250000.0,
            333300.0,
            193200.0,
            133000.0,
            192700.0,
            500001.0,
            182100.0,
            436100.0,
            137500.0,
            275000.0,
            57500.0,
            272600.0,
            500001.0,
            162100.0,
            226100.0,
            365500.0,
            176500.0,
            366700.0,
            322000.0,
            169400.0,
            137500.0,
            113100.0,
            255900.0,
            75500.0,
            318600.0,
            231300.0,
            364300.0,
            179100.0,
            400000.0,
            88400.0,
            456900.0,
            339600.0,
            219100.0,
            326100.0,
            243800.0,
            155700.0,
            94600.0,
            80000.0,
            174500.0,
            171800.0,
            281000.0,
            288900.0,
            119600.0,
            350000.0,
            333300.0,
            61500.0,
            108300.0,
            258300.0,
            271500.0,
            281300.0,
            265800.0,
            86500.0,
            92500.0,
            500001.0,
            285300.0,
            200000.0,
            184700.0,
            414000.0,
            348100.0,
            171000.0,
            110200.0,
            47700.0,
            167700.0,
            178900.0,
            262500.0,
            215600.0,
            181400.0
        ],
        "y": [
            76860.7755,
            139502.7827,
            208018.2887,
            147618.522,
            212218.7054,
            346126.5616,
            55645.2875,
            213049.0478,
            53238.0332,
            111939.6409,
            160235.1112,
            251956.6383,
            145179.3522,
            476747.3905,
            222901.0574,
            79207.1873,
            170787.0926,
            221365.7833,
            277854.8834,
            333015.3616,
            75985.3846,
            298183.7062,
            271715.7005,
            421959.8439,
            204405.4573,
            147112.4631,
            96019.6394,
            386719.8518,
            114839.1049,
            168478.5625,
            162070.1865,
            149008.4047,
            188781.7978,
            90458.663,
            105687.0019,
            143534.826,
            173325.9787,
            267330.9907,
            137585.9719,
            185756.724,
            238117.5038,
            77987.6511,
            61268.0165,
            405659.2825,
            121647.2887,
            122872.2644,
            85339.3115,
            171887.9397,
            102862.1932,
            459628.5029,
            312924.7837,
            119696.0167,
            89491.3988,
            143240.4312,
            248187.4969,
            165629.8106,
            474356.5946,
            120669.7684,
            253007.2193,
            468099.4856,
            192213.4239,
            145242.4196,
            183122.5021,
            454880.5315,
            239721.8892,
            131991.4656,
            84557.1358,
            263695.8926,
            87977.3743,
            111858.3454,
            426845.0088,
            231280.3284,
            127577.1262,
            181772.7105,
            136678.9371,
            284435.9122,
            191458.781,
            219424.6678,
            280967.2306,
            126176.6194,
            429374.0273,
            198092.626,
            130924.8064,
            299729.516,
            77733.006,
            255624.4404,
            241455.6367,
            292989.6329,
            165973.3453,
            223465.046,
            249667.4916,
            448760.1245,
            133967.0655,
            121419.6511,
            112757.8451,
            210722.7763,
            116394.3632,
            132217.907,
            77728.9597,
            106947.9703,
            265457.4516,
            316214.0499,
            258461.2738,
            60221.7917,
            310390.4046,
            487797.263,
            124743.0347,
            168650.6727,
            185338.8409,
            332921.6338,
            280517.8394,
            147339.7402,
            395544.2819,
            150042.391,
            350874.1517,
            83128.0729,
            157371.1551,
            127866.8452,
            220128.0244,
            318302.8474,
            181928.7333,
            169183.2737,
            144147.2435,
            374945.7452,
            76308.8742,
            105879.3004,
            129446.7491,
            102145.9832,
            153222.2095,
            199743.0977,
            97935.9277,
            143872.4153,
            155578.4453,
            122670.8256,
            324452.0175,
            157465.316,
            171757.8105,
            162712.8835,
            67524.2306,
            130086.0364,
            140407.6664,
            228770.8584,
            68372.7441,
            90261.494,
            116050.2086,
            270275.0221,
            386578.7734,
            131328.0334,
            274088.2689,
            183700.8577,
            259507.5309,
            97254.991,
            108120.0156,
            362096.8909,
            83996.9234,
            112975.2568,
            213084.4579,
            138349.5321,
            357503.6344,
            429879.0714,
            322334.6651,
            372100.8893,
            367937.3917,
            251097.6365,
            68536.2687,
            98931.3937,
            234682.9763,
            375215.8811,
            123828.183,
            112000.6695,
            165316.2579,
            267087.2739,
            125317.4756,
            161473.2764,
            82213.2534,
            167956.8446,
            171354.2046,
            235162.4495,
            187335.1696,
            225634.0718,
            134050.9004,
            146810.8365,
            140956.083,
            233313.4282,
            206341.418,
            145300.2231,
            112131.7472,
            167043.2173,
            253416.392,
            102919.5265,
            267131.5828,
            217150.2555,
            107780.4797,
            156985.9871,
            320304.3584,
            166344.3611,
            259121.4244,
            233388.0102,
            224701.8047,
            184374.9123,
            446401.649,
            104501.6016,
            60619.4931,
            143974.4303,
            64133.5491,
            169491.0301,
            342673.3514,
            266152.213,
            95051.2534,
            79528.7582,
            89385.5179,
            128262.4031,
            250110.6464,
            164164.7933,
            196250.8653,
            329490.1581,
            133269.9372,
            200832.0969,
            225187.0751,
            161541.5199,
            292755.6812,
            302501.1977,
            375303.3571,
            135698.0719,
            247301.8275,
            233001.1562,
            430461.3624,
            103060.5298,
            126647.0346,
            230753.835,
            148223.8318,
            74466.0336,
            108218.7244,
            152721.9004,
            185763.6485,
            360217.0945,
            499414.3461,
            117259.1964,
            71307.8119,
            94233.8077,
            170809.2221,
            106703.2667,
            345533.3992,
            242162.8661,
            344366.1637,
            196937.3806,
            132281.6269,
            110520.2823,
            195717.4157,
            356604.2601,
            499293.3954,
            211329.1406,
            197283.6228,
            126524.3611,
            120385.8886,
            164745.2706,
            126595.9144,
            190812.4829,
            168397.2542,
            127191.0214,
            106017.0528,
            74031.9022,
            330746.1903,
            59184.1813,
            134831.4912,
            226024.9333,
            316529.5166,
            170231.7979,
            110592.7179,
            172696.8351,
            116456.6848,
            109199.8187,
            387478.6025,
            202390.4469,
            474620.4548,
            90674.9647,
            117987.1132,
            72551.9169,
            383605.4426,
            202150.8376,
            154550.1448,
            163330.1841,
            164741.1201,
            323190.1289,
            201406.0583,
            420074.6148,
            245983.0801,
            77556.1343,
            112416.9923,
            231796.504,
            128218.7006,
            302297.023,
            301627.3374,
            220426.8698,
            236723.3733,
            162088.3449,
            167354.6076,
            193817.3472,
            156133.7219,
            324477.9213,
            399363.9384,
            266251.9238,
            232752.8271,
            98167.8689,
            88649.8045,
            109929.9304,
            213182.1273,
            227130.3855,
            152987.037,
            147174.3738,
            261532.8617,
            189375.5004,
            196058.1705,
            209179.3404,
            199731.2233,
            138272.9708,
            140580.6022,
            173899.6953,
            164032.7089,
            324960.7663,
            112255.0542,
            205209.2498,
            269389.0938,
            256703.4503,
            181879.5872,
            497895.593,
            117882.1619,
            184657.7183,
            230275.7463,
            159840.5322,
            303550.1471,
            133878.9081,
            260236.1256,
            176965.238,
            259597.7174,
            78660.4021,
            185741.3408,
            232610.5334,
            169684.7865,
            184793.9166,
            414946.2389,
            335352.8764,
            83439.5118,
            135205.0156,
            244990.1501,
            233045.412,
            305995.1267,
            257708.7648,
            102106.5543,
            107575.8738,
            72266.2975,
            273030.8539,
            191607.054,
            113738.2604,
            94383.6283,
            135809.1875,
            191230.8218,
            281547.8096,
            137201.9814,
            105770.0413,
            193134.974,
            95044.1599,
            222656.7722,
            177475.2307,
            134838.8566,
            220449.1198,
            129487.3791,
            206440.8688,
            92304.8306,
            425360.1379,
            266294.6076,
            266658.5491,
            151948.1767,
            258130.3768,
            113122.817,
            259437.2103,
            243129.7828,
            107861.9079,
            256498.2914,
            270433.8434,
            113137.5135,
            329687.0466,
            165509.0563,
            183549.9239,
            242921.2394,
            294218.0464,
            181485.811,
            263056.2886,
            314913.1573,
            123734.5224,
            137513.4524,
            159726.0416,
            71749.9612,
            184823.6711,
            365503.673,
            115499.6335,
            323672.3518,
            90296.8627,
            254162.6344,
            110230.0148,
            142298.1182,
            482887.0926,
            198857.4813,
            161012.7945,
            174092.2801,
            291863.3085,
            60833.7164,
            254043.7408,
            102269.5275,
            212178.0422,
            85376.3379,
            252258.9165,
            117219.9312,
            333698.6403,
            306786.62,
            303468.5046,
            109791.1691,
            268349.4627,
            223067.9048,
            105819.3323,
            269599.6816,
            142015.5288,
            70104.8334,
            150830.6251,
            111916.115,
            346107.0719,
            479829.5208,
            170699.2025,
            315455.4055,
            79807.0043,
            122133.3801,
            52439.5067,
            285634.1069,
            143731.7414,
            387287.7799,
            129467.3222,
            347843.3821,
            140016.5232,
            192465.9621,
            96366.3183,
            194740.9778,
            348813.434,
            232537.3935,
            85550.0882,
            75393.8507,
            428402.3833,
            252876.5385,
            215071.664,
            428570.5395,
            326319.4616,
            204344.1924,
            209355.8597,
            263298.142,
            346410.4543,
            89990.4886,
            155769.1525,
            161565.4922,
            193393.0379,
            325443.0559,
            267702.2733,
            148910.3556,
            193246.7217,
            96832.5226,
            103317.4208,
            217653.9143,
            141041.5553,
            202899.2059,
            165089.7394,
            182976.1936,
            225844.051,
            221859.3716,
            226837.9451,
            196869.53,
            157841.7479,
            123267.6643,
            497609.6959,
            255695.4781,
            73642.7618,
            191231.2851,
            389418.5591,
            161216.8508,
            411358.4028,
            156922.8686,
            52740.3193,
            186096.577,
            172577.7676,
            153439.6101,
            172033.3104,
            71002.9876,
            74176.4677,
            207166.3563,
            403717.7853,
            218801.3513,
            204804.4881,
            125721.6344,
            153423.9747,
            171376.4322,
            104530.2522,
            78282.0422,
            231416.8878,
            395840.4079,
            197210.2483,
            276905.76,
            116622.8643,
            224949.1604,
            88295.3921,
            99093.2667,
            189719.1416,
            185718.2639,
            88579.7899,
            353831.953,
            284627.5329,
            192330.7593,
            384057.1331,
            191297.5557,
            164491.2887,
            189497.4284,
            190212.2718,
            149486.824,
            111800.2882,
            115939.9832,
            115889.6751,
            216570.4404,
            229164.052,
            117523.6308,
            132885.0551,
            419369.0598,
            211218.7334,
            206050.6169,
            264174.7323,
            137040.6155,
            138226.3744,
            233607.1847,
            87295.7584,
            121614.6349,
            227527.9883,
            330527.0906,
            314935.4777,
            201500.6733,
            242870.0735,
            262411.3991,
            290267.8523,
            178137.7122,
            197127.6358,
            156209.0892,
            220220.2232,
            194364.84,
            96612.8902,
            112233.0497,
            89594.2392,
            97606.1378,
            202638.9284,
            143109.394,
            129958.6285,
            121958.9309,
            115781.9392,
            100594.4121,
            113782.6574,
            160169.7465,
            475080.5554,
            193572.9933,
            103023.7982,
            204030.1462,
            234596.2945,
            199160.1566,
            274225.7877,
            150269.3848,
            192648.4041,
            239315.3273,
            291693.0294,
            69360.4174,
            210700.9587,
            331246.6982,
            60108.4888,
            321244.6875,
            71421.529,
            402299.7228,
            111684.5556,
            327439.7279,
            86960.9306,
            83038.7716,
            66640.7802,
            123002.8094,
            499542.7124,
            147792.1032,
            190282.3757,
            384029.8694,
            333814.9485,
            270641.2535,
            418425.747,
            210141.3796,
            176556.4252,
            334166.7622,
            156083.7335,
            244487.383,
            115325.013,
            212137.2099,
            234857.3852,
            242268.054,
            241823.5173,
            348228.9263,
            154554.0049,
            69187.5054,
            491982.9084,
            359776.8969,
            249467.3516,
            212843.6057,
            275196.2189,
            184445.8988,
            74145.6161,
            201143.1609,
            119647.4822,
            218616.9662,
            498920.3958,
            302698.9829,
            98191.5869,
            241277.5454,
            296083.6562,
            198811.3753,
            126391.7277,
            142387.5187,
            255487.3823,
            267054.2375,
            165401.9056,
            118983.9489,
            262379.5154,
            143844.3485,
            144406.8712,
            139600.0547,
            144470.9009,
            180166.0116,
            263796.071,
            190907.8257,
            214200.7457,
            177409.1228,
            374962.287,
            182522.7039,
            231644.0862,
            168057.0008,
            199543.018,
            257824.9718,
            140297.9164,
            193723.0212,
            244511.8428,
            124861.4604,
            332979.3114,
            232820.8131,
            102916.9544,
            232642.5056,
            297692.6203,
            364741.127,
            133324.7077,
            97231.7854,
            453837.3719,
            499043.1427,
            246322.1906,
            164992.0198,
            484515.2698,
            57751.3587,
            293922.389,
            101010.4465,
            268527.4715,
            87714.7273,
            132227.8745,
            63182.1271,
            237352.5811,
            213816.8743,
            296939.1434,
            349561.2714,
            462382.2626,
            416907.0541,
            298218.9731,
            149885.1002,
            94770.882,
            434828.364,
            395376.3726,
            315216.7302,
            66671.0063,
            258028.8836,
            101897.0329,
            193811.9278,
            71549.056,
            125645.0635,
            297064.1965,
            119101.7478,
            93322.016,
            219233.3275,
            253098.5563,
            198819.7829,
            237901.4791,
            270904.852,
            375853.8502,
            194548.3543,
            236630.7543,
            464056.4222,
            364641.9103,
            131357.8949,
            100785.3276,
            208448.3872,
            379052.4408,
            227076.1333,
            163197.6455,
            384205.8274,
            132118.1444,
            403273.8373,
            367175.0386,
            114519.6031,
            162133.3052,
            108557.4818,
            266494.632,
            205019.4953,
            150982.4398,
            185440.1121,
            216418.0211,
            165175.9228,
            233762.4935,
            109592.8674,
            229222.9523,
            247921.0701,
            337093.4588,
            160461.4906,
            74440.7649,
            447869.8988,
            328858.3311,
            247063.7287,
            269085.3111,
            428518.3994,
            113996.3177,
            59449.1703,
            226064.5041,
            293119.5291,
            343971.029,
            186152.0861,
            177503.1508,
            69220.2033,
            153393.489,
            138672.1952,
            486285.3981,
            192318.1443,
            117147.6084,
            152455.5605,
            165561.2092,
            265411.6676,
            204800.7437,
            80595.5952,
            225944.067,
            145082.9185,
            233587.4921,
            71411.2451,
            61099.5835,
            196740.4962,
            128895.7199,
            196538.7715,
            273037.9594,
            201795.8073,
            285562.9726,
            188081.3069,
            295823.4148,
            205036.8016,
            130066.4826,
            120881.2107,
            114460.5451,
            77302.7165,
            424000.0137,
            159308.5997,
            148838.5749,
            394056.2258,
            354837.1353,
            144966.6905,
            168451.4111,
            222147.0393,
            286302.0493,
            280884.3694,
            499349.2116,
            119871.6305,
            196717.6931,
            366231.3458,
            403492.3778,
            180484.5548,
            338259.2853,
            194609.1043,
            115082.7295,
            98234.8509,
            177896.9808,
            344282.6712,
            273726.275,
            181074.1791,
            136284.6449,
            182236.4827,
            209227.9241,
            193640.4388,
            291360.782,
            155232.6409,
            96991.2222,
            298589.6667,
            152036.2123,
            171785.2114,
            192870.311,
            225558.9226,
            116758.7915,
            253078.5148,
            285265.6111,
            98727.312,
            122983.0845,
            169420.396,
            109138.1473,
            81618.3378,
            145612.2039,
            121958.5934,
            185170.8295,
            96280.4793,
            129035.989,
            118821.4595,
            211240.6939,
            224672.7786,
            122143.8075,
            314563.745,
            420448.8271,
            277707.0715,
            145668.5293,
            193743.9928,
            209707.789,
            164799.2691,
            197556.8706,
            276911.6951,
            125878.2832,
            346318.2334,
            78877.6771,
            353134.9036,
            184512.4113,
            128715.9621,
            188659.4823,
            147579.8837,
            393018.5729,
            158661.568,
            191939.3377,
            131832.2662,
            292553.3165,
            145932.027,
            194374.6186,
            244909.8452,
            65288.6551,
            353744.5901,
            358912.9097,
            415307.5778,
            168565.094,
            168475.592,
            95058.8711,
            151381.8379,
            152945.8714,
            265378.1775,
            301107.4913,
            66749.4842,
            404702.0861,
            81846.4001,
            90744.0348,
            127289.4872,
            256070.4128,
            395472.1901,
            96715.9253,
            364973.9692,
            235360.0839,
            95159.6413,
            231792.2374,
            108477.7175,
            370477.8651,
            148401.7878,
            240519.2408,
            151203.5596,
            132778.1273,
            197964.5211,
            79545.9267,
            361959.3998,
            150260.3135,
            156412.7086,
            240551.8786,
            224986.7809,
            103319.7994,
            102935.662,
            197166.1862,
            126829.3742,
            360829.2906,
            281665.9254,
            166578.535,
            195687.3514,
            76972.5883,
            142265.2961,
            115666.3757,
            196119.75,
            190848.2671,
            209007.4939,
            159502.8426,
            156923.3416,
            172227.3971,
            122534.7868,
            111002.9327,
            197140.9277,
            350437.7432,
            187307.4621,
            297009.8726,
            214867.0363,
            243114.621,
            160498.1667,
            248051.8791,
            191184.8036,
            169610.609,
            192681.3827,
            343272.4211,
            280158.3548,
            118364.0663,
            57228.175,
            225888.3666,
            220893.1511,
            254253.6111,
            408544.9691,
            172452.2902,
            135620.6069,
            218371.2796,
            256214.1685,
            234335.6955,
            121544.6423,
            67497.402,
            265339.1072,
            332552.7731,
            289256.6159,
            161880.5074,
            223539.579,
            185122.4489,
            249050.3899,
            170476.2376,
            303195.0183,
            132241.0434,
            101955.1868,
            154399.1326,
            238222.4755,
            202208.1458,
            169787.4513,
            170446.8822,
            343346.2455,
            173621.2471,
            352647.6962,
            165979.22,
            119233.5435,
            75383.0001,
            171052.734,
            163117.5154,
            145098.2751,
            184423.968,
            312442.538,
            193122.1336,
            143119.9917,
            304204.6145,
            208661.2834,
            146375.9957,
            184608.0881,
            200286.0187,
            129855.7927,
            324430.1723,
            226839.3198,
            323715.3757,
            174302.105,
            294894.7027,
            95351.8896,
            294944.7458,
            299836.2818,
            235924.1887,
            225926.076,
            280513.8432,
            83902.3748,
            65537.4107,
            77964.7993,
            262060.1009,
            164995.8271,
            281061.4952,
            305435.9359,
            138883.3766,
            191543.0263,
            168962.5283,
            96344.9676,
            89923.3067,
            209139.0237,
            295028.7972,
            201634.4038,
            240020.1857,
            101944.0944,
            113417.9127,
            488378.7096,
            198589.9253,
            214176.6502,
            208980.1949,
            305735.3657,
            382428.8661,
            190336.3791,
            142412.4898,
            80216.1249,
            195079.1499,
            177016.4953,
            268529.2829,
            358541.2103,
            189519.2392
        ]
    },
    "globalMetrics": {
        "testWeight": 3337,
        "targetAvg": [
            208848.77434821698
        ],
        "targetStd": [
            116336.06780855013
        ],
        "predictionAvg": [
            208970.94164563218
        ],
        "predictionStd": [
            100063.94314652581
        ]
    },
    "predictionPDF": {
        "x": [
            52439.5066561003,
            56960.32982119019,
            61481.15298628009,
            66001.97615136998,
            70522.79931645989,
            75043.62248154977,
            79564.44564663968,
            84085.26881172956,
            88606.09197681947,
            93126.91514190935,
            97647.73830699926,
            102168.56147208915,
            106689.38463717906,
            111210.20780226894,
            115731.03096735885,
            120251.85413244873,
            124772.67729753864,
            129293.50046262852,
            133814.32362771843,
            138335.14679280831,
            142855.96995789823,
            147376.7931229881,
            151897.61628807802,
            156418.4394531679,
            160939.2626182578,
            165460.0857833477,
            169980.9089484376,
            174501.73211352748,
            179022.5552786174,
            183543.37844370728,
            188064.2016087972,
            192585.0247738871,
            197105.84793897698,
            201626.67110406686,
            206147.49426915677,
            210668.31743424668,
            215189.14059933656,
            219709.96376442644,
            224230.78692951635,
            228751.61009460627,
            233272.43325969615,
            237793.25642478603,
            242314.07958987594,
            246834.90275496585,
            251355.72592005573,
            255876.5490851456,
            260397.37225023552,
            264918.1954153254,
            269439.0185804153,
            273959.84174550517,
            278480.6649105951,
            283001.488075685,
            287522.31124077487,
            292043.13440586475,
            296563.9575709547,
            301084.7807360446,
            305605.60390113445,
            310126.42706622434,
            314647.2502313142,
            319168.07339640416,
            323688.89656149404,
            328209.7197265839,
            332730.54289167386,
            337251.36605676374,
            341772.1892218536,
            346293.0123869435,
            350813.8355520334,
            355334.6587171233,
            359855.4818822132,
            364376.3050473031,
            368897.128212393,
            373417.9513774829,
            377938.7745425728,
            382459.5977076627,
            386980.42087275255,
            391501.2440378425,
            396022.0672029324,
            400542.89036802226,
            405063.7135331122,
            409584.5366982021,
            414105.35986329196,
            418626.18302838184,
            423147.0061934717,
            427667.82935856166,
            432188.65252365154,
            436709.4756887414,
            441230.29885383137,
            445751.12201892125,
            450271.9451840111,
            454792.768349101,
            459313.5915141909,
            463834.41467928083,
            468355.2378443707,
            472876.0610094606,
            477396.88417455053,
            481917.7073396404,
            486438.5305047303,
            490959.3536698202,
            495480.17683491006,
            500001.0
        ],
        "pdf": [
            9.028184420793747e-07,
            1.1514405209415668e-06,
            1.4238637842747605e-06,
            1.7109303551137888e-06,
            2.002565816724318e-06,
            2.28909383061382e-06,
            2.5623226165603084e-06,
            2.8161668455765263e-06,
            3.0467445242736168e-06,
            3.252071281260195e-06,
            3.431586692676653e-06,
            3.5857478130109207e-06,
            3.715826378030841e-06,
            3.823903666024825e-06,
            3.912939296441791e-06,
            3.986746996153385e-06,
            4.049753206904951e-06,
            4.106516526015036e-06,
            4.1610975207084314e-06,
            4.216439625515482e-06,
            4.27392399121351e-06,
            4.333197974166436e-06,
            4.392281272525667e-06,
            4.44787150393455e-06,
            4.4957393800479515e-06,
            4.531132670626615e-06,
            4.54917539885284e-06,
            4.545309673247689e-06,
            4.5158386256182306e-06,
            4.458572218750944e-06,
            4.373474758434527e-06,
            4.263118015737774e-06,
            4.1327176086849724e-06,
            3.989606567709083e-06,
            3.842163799769023e-06,
            3.698405232014905e-06,
            3.5645818508034537e-06,
            3.4441514782507713e-06,
            3.3373882638745203e-06,
            3.2417064279427425e-06,
            3.1525746912860315e-06,
            3.0647537410951333e-06,
            2.973538427419599e-06,
            2.875726777018945e-06,
            2.7701386350780783e-06,
            2.657629368836408e-06,
            2.5406585016832293e-06,
            2.4225618517106082e-06,
            2.3067286965954474e-06,
            2.19589445212293e-06,
            2.0917184779294008e-06,
            1.994729318430396e-06,
            1.9046055159452703e-06,
            1.820654131562823e-06,
            1.7422904500805098e-06,
            1.6693365266708998e-06,
            1.6020402649498183e-06,
            1.5408367508239164e-06,
            1.4859784317449308e-06,
            1.437205800316832e-06,
            1.3935992753059463e-06,
            1.3536656860207297e-06,
            1.3156135849850427e-06,
            1.277705982464407e-06,
            1.2385708124572137e-06,
            1.1973913672455187e-06,
            1.1539609956781608e-06,
            1.1086346053202538e-06,
            1.0622245597363122e-06,
            1.0158733342691048e-06,
            9.709091778715764e-07,
            9.286756522455818e-07,
            8.903318325345916e-07,
            8.566419474953636e-07,
            8.277959033295597e-07,
            8.033107466908619e-07,
            7.820521807977629e-07,
            7.623896906918664e-07,
            7.424686567015611e-07,
            7.205563883841988e-07,
            6.954001468762197e-07,
            6.665253828313774e-07,
            6.344042128137163e-07,
            6.004419098735848e-07,
            5.66764987017151e-07,
            5.358428981235821e-07,
            5.100220922983685e-07,
            4.910778626746953e-07,
            4.79883369423759e-07,
            4.7625708201903485e-07,
            4.789950123863608e-07,
            4.860456920352056e-07,
            4.947635953368536e-07,
            5.021868020525061e-07,
            5.053162006839189e-07,
            5.014036885961146e-07,
            4.88263322738041e-07,
            4.6459400037242023e-07,
            4.302579579129323e-07,
            3.8642514283627913e-07
        ]
    }
}