{
  "state": "DONE",
  "preSearchDescription": {
    "gridLength": 3,
    "searchStrategy": "GRID",
    "importantParams": [
      {
        "name": "trees",
        "vals": [
          "100"
        ]
      },
      {
        "name": "depth",
        "vals": [
          "6",
          "13",
          "17"
        ]
      },
      {
        "name": "min_samples",
        "vals": [
          "10"
        ]
      }
    ]
  },
  "postSearchDescription": {
    "importantParams": [
      {
        "name": "trees",
        "val": "100"
      },
      {
        "name": "depth",
        "val": "17"
      },
      {
        "name": "min_samples",
        "val": "10"
      }
    ]
  },
  "resumed": false,
  "timeOrderingEnabled": false,
  "sampleWeightsEnabled": false,
  "modelId": "m1",
  "progress": {
    "top_level_todo": [],
    "stack": [],
    "top_level_done": [
      {
        "name": "Loading train set",
        "time": 61
      },
      {
        "name": "Loading test set",
        "time": 17
      },
      {
        "name": "Collecting statistics",
        "time": 30
      },
      {
        "name": "Preprocessing train set",
        "time": 61
      },
      {
        "name": "Preprocessing test set",
        "time": 34
      },
      {
        "name": "Hyperparameter searching",
        "time": 79404
      },
      {
        "name": "Fitting model",
        "time": 6348
      },
      {
        "name": "Saving model",
        "time": 74
      },
      {
        "name": "Scoring model",
        "time": 1610
      }
    ]
  },
  "startTime": 1668090844703,
  "endTime": 1668090932596,
  "preprocessingTime": 206,
  "trainingTime": 87687,
  "hyperparamsSearchTime": 79404
}