[
    {
        "test_score_gib": 0.7467889701231691,
        "train_score": 0.7260517096029941,
        "test_score": 0.7467889701231691,
        "num_samples": 2635,
        "fit_time": 15861,
        "score_time": 412,
        "time": 16273,
        "parameters": {
            "max_depth": 6,
            "max_features": "auto",
            "min_samples_leaf": 10,
            "n_estimators": 100,
            "min_samples_split": 30
        },
        "done_at": 1668091077212,
        "split_id": 0
    },
    {
        "test_score_gib": 0.7125366944463298,
        "train_score": 0.7339695550453058,
        "test_score": 0.7125366944463298,
        "num_samples": 2635,
        "fit_time": 16372,
        "score_time": 381,
        "time": 16753,
        "parameters": {
            "max_depth": 6,
            "max_features": "auto",
            "min_samples_leaf": 10,
            "n_estimators": 100,
            "min_samples_split": 30
        },
        "done_at": 1668091077693,
        "split_id": 1
    },
    {
        "test_score_gib": 0.7057982547765498,
        "train_score": 0.738791237160303,
        "test_score": 0.7057982547765498,
        "num_samples": 2635,
        "fit_time": 17142,
        "score_time": 407,
        "time": 17549,
        "parameters": {
            "max_depth": 6,
            "max_features": "auto",
            "min_samples_leaf": 10,
            "n_estimators": 100,
            "min_samples_split": 30
        },
        "done_at": 1668091078490,
        "split_id": 2
    },
    {
        "test_score_gib": 0.6978015043768264,
        "train_score": 0.7387135012445036,
        "test_score": 0.6978015043768264,
        "num_samples": 2635,
        "fit_time": 15741,
        "score_time": 400,
        "time": 16141,
        "parameters": {
            "max_depth": 6,
            "max_features": "auto",
            "min_samples_leaf": 10,
            "n_estimators": 100,
            "min_samples_split": 30
        },
        "done_at": 1668091077092,
        "split_id": 3
    },
    {
        "test_score_gib": 0.7053233023288511,
        "train_score": 0.7364528257899075,
        "test_score": 0.7053233023288511,
        "num_samples": 2635,
        "fit_time": 15600,
        "score_time": 413,
        "time": 16013,
        "parameters": {
            "max_depth": 6,
            "max_features": "auto",
            "min_samples_leaf": 10,
            "n_estimators": 100,
            "min_samples_split": 30
        },
        "done_at": 1668091093107,
        "split_id": 4
    },
    {
        "test_score_gib": 0.7788097442401439,
        "train_score": 0.7984154474749735,
        "test_score": 0.7788097442401439,
        "num_samples": 2635,
        "fit_time": 24595,
        "score_time": 779,
        "time": 25374,
        "parameters": {
            "max_depth": 13,
            "max_features": "auto",
            "min_samples_leaf": 10,
            "n_estimators": 100,
            "min_samples_split": 30
        },
        "done_at": 1668091102589,
        "split_id": 0
    },
    {
        "test_score_gib": 0.7449863226431765,
        "train_score": 0.804410599576174,
        "test_score": 0.7449863226431765,
        "num_samples": 2635,
        "fit_time": 25711,
        "score_time": 702,
        "time": 26413,
        "parameters": {
            "max_depth": 13,
            "max_features": "auto",
            "min_samples_leaf": 10,
            "n_estimators": 100,
            "min_samples_split": 30
        },
        "done_at": 1668091104181,
        "split_id": 1
    },
    {
        "test_score_gib": 0.7246284423554407,
        "train_score": 0.809540817820478,
        "test_score": 0.7246284423554407,
        "num_samples": 2635,
        "fit_time": 26295,
        "score_time": 523,
        "time": 26818,
        "parameters": {
            "max_depth": 13,
            "max_features": "auto",
            "min_samples_leaf": 10,
            "n_estimators": 100,
            "min_samples_split": 30
        },
        "done_at": 1668091105310,
        "split_id": 2
    },
    {
        "test_score_gib": 0.7261301745434425,
        "train_score": 0.808249124658439,
        "test_score": 0.7261301745434425,
        "num_samples": 2635,
        "fit_time": 18885,
        "score_time": 301,
        "time": 19186,
        "parameters": {
            "max_depth": 13,
            "max_features": "auto",
            "min_samples_leaf": 10,
            "n_estimators": 100,
            "min_samples_split": 30
        },
        "done_at": 1668091112296,
        "split_id": 3
    },
    {
        "test_score_gib": 0.7296238840421299,
        "train_score": 0.8092281246489329,
        "test_score": 0.7296238840421299,
        "num_samples": 2635,
        "fit_time": 11142,
        "score_time": 133,
        "time": 11275,
        "parameters": {
            "max_depth": 13,
            "max_features": "auto",
            "min_samples_leaf": 10,
            "n_estimators": 100,
            "min_samples_split": 30
        },
        "done_at": 1668091113876,
        "split_id": 4
    }
]