{
    "startedAt": 1668091060934,
    "gridSize": 2,
    "nThreads": 4,
    "nSplits": 5,
    "metric": "R2",
    "timeout": null,
    "gridPoints": [
        {
            "finishedAt": 1668091093107,
            "score": 0.7136497452103453,
            "testScoreGibMean": 0.7136497452103453,
            "testScoreMean": 0.7136497452103453,
            "testScoreStd": 0.017213886257518858,
            "trainScoreMean": 0.7347957657686027,
            "trainScoreStd": 0.004715918430207267,
            "time": 82729,
            "fitTimeMean": 16143.2,
            "fitTimeStd": 563.2794688252004,
            "scoreTimeMean": 402.6,
            "scoreTimeStd": 11.740528097151337,
            "parameters": {
                "max_depth": 6,
                "max_features": "auto",
                "min_samples_leaf": 10,
                "n_estimators": 100,
                "min_samples_split": 30
            }
        },
        {
            "finishedAt": 1668091113876,
            "score": 0.7408357135648667,
            "testScoreGibMean": 0.7408357135648667,
            "testScoreMean": 0.7408357135648667,
            "testScoreStd": 0.020316929889435936,
            "trainScoreMean": 0.8059688228357996,
            "trainScoreStd": 0.004196749026338543,
            "time": 109066,
            "fitTimeMean": 21325.6,
            "fitTimeStd": 5731.978422848432,
            "scoreTimeMean": 487.6,
            "scoreTimeStd": 241.94842425607985,
            "parameters": {
                "max_depth": 13,
                "max_features": "auto",
                "min_samples_leaf": 10,
                "n_estimators": 100,
                "min_samples_split": 30
            }
        }
    ]
}