{
  "state": "DONE",
  "preSearchDescription": {
    "gridLength": 2,
    "searchStrategy": "GRID",
    "importantParams": [
      {
        "name": "trees",
        "vals": [
          "100"
        ]
      },
      {
        "name": "depth",
        "vals": [
          "6",
          "13"
        ]
      },
      {
        "name": "min_samples",
        "vals": [
          "10"
        ]
      }
    ]
  },
  "postSearchDescription": {
    "importantParams": [
      {
        "name": "trees",
        "val": "100"
      },
      {
        "name": "depth",
        "val": "13"
      },
      {
        "name": "min_samples",
        "val": "10"
      }
    ]
  },
  "resumed": false,
  "timeOrderingEnabled": false,
  "sampleWeightsEnabled": false,
  "modelId": "m1",
  "progress": {
    "top_level_todo": [],
    "stack": [],
    "top_level_done": [
      {
        "name": "Loading train set",
        "time": 54
      },
      {
        "name": "Loading test set",
        "time": 17
      },
      {
        "name": "Collecting statistics",
        "time": 26
      },
      {
        "name": "Preprocessing train set",
        "time": 62
      },
      {
        "name": "Preprocessing test set",
        "time": 23
      },
      {
        "name": "Hyperparameter searching",
        "time": 53346
      },
      {
        "name": "Fitting model",
        "time": 6387
      },
      {
        "name": "Saving model",
        "time": 56
      },
      {
        "name": "Scoring model",
        "time": 1632
      }
    ]
  },
  "startTime": 1668091060694,
  "endTime": 1668091122567,
  "preprocessingTime": 195,
  "trainingTime": 61678,
  "hyperparamsSearchTime": 53346
}