{
  "trainedWithDSSVersion": "11.0.3",
  "backend": "PY_MEMORY",
  "isValid": true,
  "type": "REGRESSION",
  "algorithm_name": "FOREST_REGRESSOR",
  "columns": [
    "housing_median_age",
    "median_income",
    "family_size",
    "outliers",
    "total_bedrooms",
    "total_rooms",
    "dummy:city:Los Angeles",
    "dummy:city:San Diego",
    "dummy:city:San Francisco",
    "dummy:city:San Jose",
    "dummy:city:Oakland",
    "dummy:city:Long Beach",
    "dummy:city:Sacramento",
    "dummy:city:Fresno",
    "dummy:city:Stockton",
    "dummy:city:Anaheim",
    "dummy:city:San Bernardino",
    "dummy:city:Santa Ana",
    "dummy:city:Riverside",
    "dummy:city:Bakersfield",
    "dummy:city:Fullerton",
    "dummy:city:Modesto",
    "dummy:city:Glendale",
    "dummy:city:Torrance",
    "dummy:city:Garden Grove",
    "dummy:city:Berkeley",
    "dummy:city:Pasadena",
    "dummy:city:Concord",
    "dummy:city:Irvine",
    "dummy:city:Hayward",
    "dummy:city:Downey",
    "dummy:city:Sunnyvale",
    "dummy:city:Santa Rosa",
    "dummy:city:San Mateo",
    "dummy:city:Burbank",
    "dummy:city:Fremont",
    "dummy:city:Richmond",
    "dummy:city:Chula Vista",
    "dummy:city:Ontario",
    "dummy:city:Santa Monica",
    "dummy:city:Santa Barbara",
    "dummy:city:Compton",
    "dummy:city:Oceanside",
    "dummy:city:Thousand Oaks",
    "dummy:city:Pomona",
    "dummy:city:Costa Mesa",
    "dummy:city:San Leandro",
    "dummy:city:Ventura",
    "dummy:city:Norwalk",
    "dummy:city:Inglewood",
    "dummy:city:Simi Valley",
    "dummy:city:Visalia",
    "dummy:city:Orange",
    "dummy:city:Palo Alto",
    "dummy:city:Newport Beach",
    "dummy:city:Alameda",
    "dummy:city:Oxnard",
    "dummy:city:Vallejo",
    "dummy:city:South Gate",
    "dummy:city:Santa Clara",
    "dummy:city:Carson",
    "dummy:city:Redondo Beach",
    "dummy:city:Lakewood",
    "dummy:city:Mountain View",
    "dummy:city:Upland",
    "dummy:city:Whittier",
    "dummy:city:Clovis",
    "dummy:city:Hawthorne",
    "dummy:city:Redding",
    "dummy:city:Santa Cruz",
    "dummy:city:Pico Rivera",
    "dummy:city:Lancaster",
    "dummy:city:Alhambra",
    "dummy:city:Napa",
    "dummy:city:El Cajon",
    "dummy:city:Vacaville",
    "dummy:city:Gardena",
    "dummy:city:Santa Maria",
    "dummy:city:Westminster",
    "dummy:city:Monterey Park",
    "dummy:city:Redlands",
    "dummy:city:Mission Viejo",
    "dummy:city:Culver City",
    "dummy:city:Fontana",
    "dummy:city:Fairfield",
    "dummy:city:Antioch",
    "dummy:city:Vista",
    "dummy:city:Buena Park",
    "dummy:city:Lodi",
    "dummy:city:Rialto",
    "dummy:city:Bellflower",
    "dummy:city:National City",
    "dummy:city:Fountain Valley",
    "dummy:city:La Habra",
    "dummy:city:Walnut Creek",
    "dummy:city:Glendora",
    "dummy:city:Daly City",
    "dummy:city:Escondido",
    "dummy:city:Manhattan Beach",
    "dummy:city:Lawndale",
    "dummy:city:Lynwood",
    "dummy:city:Carlsbad",
    "dummy:city:Los Altos",
    "dummy:city:Redwood City",
    "dummy:city:Encinitas",
    "dummy:city:Salinas",
    "dummy:city:N/A",
    "dummy:city:__Others__",
    "dummy:ocean_proximity:\u003c1H OCEAN",
    "dummy:ocean_proximity:INLAND",
    "dummy:ocean_proximity:NEAR OCEAN",
    "dummy:ocean_proximity:NEAR BAY",
    "dummy:ocean_proximity:ISLAND",
    "dummy:ocean_proximity:N/A",
    "dummy:ocean_proximity:__Others__"
  ]
}