[
    {
        "test_score_gib": 0.7467889701231691,
        "train_score": 0.7260517096029941,
        "test_score": 0.7467889701231691,
        "num_samples": 2635,
        "fit_time": 14584,
        "score_time": 318,
        "time": 14902,
        "parameters": {
            "max_depth": 6,
            "max_features": "auto",
            "min_samples_leaf": 10,
            "n_estimators": 100,
            "min_samples_split": 30
        },
        "done_at": 1668091496800,
        "split_id": 0
    },
    {
        "test_score_gib": 0.7125366944463298,
        "train_score": 0.7339695550453058,
        "test_score": 0.7125366944463298,
        "num_samples": 2635,
        "fit_time": 15083,
        "score_time": 309,
        "time": 15392,
        "parameters": {
            "max_depth": 6,
            "max_features": "auto",
            "min_samples_leaf": 10,
            "n_estimators": 100,
            "min_samples_split": 30
        },
        "done_at": 1668091497293,
        "split_id": 1
    },
    {
        "test_score_gib": 0.7057982547765498,
        "train_score": 0.738791237160303,
        "test_score": 0.7057982547765498,
        "num_samples": 2635,
        "fit_time": 15298,
        "score_time": 391,
        "time": 15689,
        "parameters": {
            "max_depth": 6,
            "max_features": "auto",
            "min_samples_leaf": 10,
            "n_estimators": 100,
            "min_samples_split": 30
        },
        "done_at": 1668091497589,
        "split_id": 2
    },
    {
        "test_score_gib": 0.6978015043768264,
        "train_score": 0.7387135012445036,
        "test_score": 0.6978015043768264,
        "num_samples": 2635,
        "fit_time": 15529,
        "score_time": 371,
        "time": 15900,
        "parameters": {
            "max_depth": 6,
            "max_features": "auto",
            "min_samples_leaf": 10,
            "n_estimators": 100,
            "min_samples_split": 30
        },
        "done_at": 1668091497801,
        "split_id": 3
    },
    {
        "test_score_gib": 0.7053233023288511,
        "train_score": 0.7364528257899075,
        "test_score": 0.7053233023288511,
        "num_samples": 2635,
        "fit_time": 16289,
        "score_time": 316,
        "time": 16605,
        "parameters": {
            "max_depth": 6,
            "max_features": "auto",
            "min_samples_leaf": 10,
            "n_estimators": 100,
            "min_samples_split": 30
        },
        "done_at": 1668091513407,
        "split_id": 4
    },
    {
        "test_score_gib": 0.7788097442401439,
        "train_score": 0.7984154474749735,
        "test_score": 0.7788097442401439,
        "num_samples": 2635,
        "fit_time": 26514,
        "score_time": 783,
        "time": 27297,
        "parameters": {
            "max_depth": 13,
            "max_features": "auto",
            "min_samples_leaf": 10,
            "n_estimators": 100,
            "min_samples_split": 30
        },
        "done_at": 1668091524593,
        "split_id": 0
    },
    {
        "test_score_gib": 0.7449863226431765,
        "train_score": 0.804410599576174,
        "test_score": 0.7449863226431765,
        "num_samples": 2635,
        "fit_time": 26498,
        "score_time": 616,
        "time": 27114,
        "parameters": {
            "max_depth": 13,
            "max_features": "auto",
            "min_samples_leaf": 10,
            "n_estimators": 100,
            "min_samples_split": 30
        },
        "done_at": 1668091524710,
        "split_id": 1
    },
    {
        "test_score_gib": 0.7246284423554407,
        "train_score": 0.809540817820478,
        "test_score": 0.7246284423554407,
        "num_samples": 2635,
        "fit_time": 25202,
        "score_time": 781,
        "time": 25983,
        "parameters": {
            "max_depth": 13,
            "max_features": "auto",
            "min_samples_leaf": 10,
            "n_estimators": 100,
            "min_samples_split": 30
        },
        "done_at": 1668091523788,
        "split_id": 2
    },
    {
        "test_score_gib": 0.7261301745434425,
        "train_score": 0.808249124658439,
        "test_score": 0.7261301745434425,
        "num_samples": 2635,
        "fit_time": 17842,
        "score_time": 282,
        "time": 18124,
        "parameters": {
            "max_depth": 13,
            "max_features": "auto",
            "min_samples_leaf": 10,
            "n_estimators": 100,
            "min_samples_split": 30
        },
        "done_at": 1668091531609,
        "split_id": 3
    },
    {
        "test_score_gib": 0.7296238840421299,
        "train_score": 0.8092281246489329,
        "test_score": 0.7296238840421299,
        "num_samples": 2635,
        "fit_time": 9720,
        "score_time": 133,
        "time": 9853,
        "parameters": {
            "max_depth": 13,
            "max_features": "auto",
            "min_samples_leaf": 10,
            "n_estimators": 100,
            "min_samples_split": 30
        },
        "done_at": 1668091533644,
        "split_id": 4
    }
]