{
    "startedAt": 1668091481891,
    "gridSize": 2,
    "nThreads": 4,
    "nSplits": 5,
    "metric": "R2",
    "timeout": null,
    "gridPoints": [
        {
            "finishedAt": 1668091513407,
            "score": 0.7136497452103453,
            "testScoreGibMean": 0.7136497452103453,
            "testScoreMean": 0.7136497452103453,
            "testScoreStd": 0.017213886257518858,
            "trainScoreMean": 0.7347957657686027,
            "trainScoreStd": 0.004715918430207267,
            "time": 78488,
            "fitTimeMean": 15356.6,
            "fitTimeStd": 561.122660387192,
            "scoreTimeMean": 341.0,
            "scoreTimeStd": 33.40059879702758,
            "parameters": {
                "max_depth": 6,
                "max_features": "auto",
                "min_samples_leaf": 10,
                "n_estimators": 100,
                "min_samples_split": 30
            }
        },
        {
            "finishedAt": 1668091533644,
            "score": 0.7408357135648667,
            "testScoreGibMean": 0.7408357135648667,
            "testScoreMean": 0.7408357135648667,
            "testScoreStd": 0.020316929889435936,
            "trainScoreMean": 0.8059688228357996,
            "trainScoreStd": 0.004196749026338543,
            "time": 108371,
            "fitTimeMean": 21155.2,
            "fitTimeStd": 6563.229887791529,
            "scoreTimeMean": 519.0,
            "scoreTimeStd": 265.67423661318765,
            "parameters": {
                "max_depth": 13,
                "max_features": "auto",
                "min_samples_leaf": 10,
                "n_estimators": 100,
                "min_samples_split": 30
            }
        }
    ]
}