{
  "state": "DONE",
  "preSearchDescription": {
    "gridLength": 2,
    "searchStrategy": "GRID",
    "importantParams": [
      {
        "name": "trees",
        "vals": [
          "100"
        ]
      },
      {
        "name": "depth",
        "vals": [
          "6",
          "13"
        ]
      },
      {
        "name": "min_samples",
        "vals": [
          "10"
        ]
      }
    ]
  },
  "postSearchDescription": {
    "importantParams": [
      {
        "name": "trees",
        "val": "100"
      },
      {
        "name": "depth",
        "val": "13"
      },
      {
        "name": "min_samples",
        "val": "10"
      }
    ]
  },
  "resumed": false,
  "timeOrderingEnabled": false,
  "sampleWeightsEnabled": false,
  "modelId": "m1",
  "progress": {
    "top_level_todo": [],
    "stack": [],
    "top_level_done": [
      {
        "name": "Loading train set",
        "time": 52
      },
      {
        "name": "Loading test set",
        "time": 17
      },
      {
        "name": "Collecting statistics",
        "time": 22
      },
      {
        "name": "Preprocessing train set",
        "time": 57
      },
      {
        "name": "Preprocessing test set",
        "time": 23
      },
      {
        "name": "Hyperparameter searching",
        "time": 52395
      },
      {
        "name": "Fitting model",
        "time": 6565
      },
      {
        "name": "Saving model",
        "time": 59
      },
      {
        "name": "Scoring model",
        "time": 1738
      }
    ]
  },
  "startTime": 1668091481680,
  "endTime": 1668091542873,
  "preprocessingTime": 172,
  "trainingTime": 61020,
  "hyperparamsSearchTime": 52395
}