{
    "startedAt": 1668090844725,
    "gridSize": 3,
    "nThreads": 4,
    "nSplits": 5,
    "metric": "R2",
    "timeout": null,
    "gridPoints": [
        {
            "finishedAt": 1668090846504,
            "score": 0.6679730739588078,
            "testScoreGibMean": 0.6679730739588078,
            "testScoreMean": 0.6679730739588078,
            "testScoreStd": 0.015234858475314222,
            "trainScoreMean": 0.6728577818207668,
            "trainScoreStd": 0.004334688175490953,
            "time": 4132,
            "fitTimeMean": 691.8,
            "fitTimeStd": 216.09942156331655,
            "scoreTimeMean": 134.6,
            "scoreTimeStd": 74.19326114951411,
            "parameters": {
                "alpha": 0.1
            }
        },
        {
            "finishedAt": 1668090847296,
            "score": 0.5553749601365846,
            "testScoreGibMean": 0.5553749601365846,
            "testScoreMean": 0.5553749601365846,
            "testScoreStd": 0.010421149536195749,
            "trainScoreMean": 0.5578598257672711,
            "trainScoreStd": 0.003981443953470099,
            "time": 4128,
            "fitTimeMean": 713.6,
            "fitTimeStd": 164.83883037682594,
            "scoreTimeMean": 112.0,
            "scoreTimeStd": 49.87183573922259,
            "parameters": {
                "alpha": 1.0
            }
        },
        {
            "finishedAt": 1668090848108,
            "score": 0.37454424736746345,
            "testScoreGibMean": 0.37454424736746345,
            "testScoreMean": 0.37454424736746345,
            "testScoreStd": 0.006652345157858921,
            "trainScoreMean": 0.37592269504505,
            "trainScoreStd": 0.0030128461096966793,
            "time": 3708,
            "fitTimeMean": 584.4,
            "fitTimeStd": 94.19256870900166,
            "scoreTimeMean": 157.2,
            "scoreTimeStd": 75.46760894582523,
            "parameters": {
                "alpha": 3.0
            }
        }
    ]
}