[
    {
        "test_score_gib": 0.6952345290201002,
        "train_score": 0.664611720781377,
        "test_score": 0.6952345290201002,
        "num_samples": 2635,
        "fit_time": 767,
        "score_time": 90,
        "time": 857,
        "parameters": {
            "alpha": 0.1
        },
        "done_at": 1668090845589,
        "split_id": 0
    },
    {
        "test_score_gib": 0.6703891298483955,
        "train_score": 0.6730123620635076,
        "test_score": 0.6703891298483955,
        "num_samples": 2635,
        "fit_time": 368,
        "score_time": 282,
        "time": 650,
        "parameters": {
            "alpha": 0.1
        },
        "done_at": 1668090845382,
        "split_id": 1
    },
    {
        "test_score_gib": 0.6666830312736025,
        "train_score": 0.6739065061092729,
        "test_score": 0.6666830312736025,
        "num_samples": 2635,
        "fit_time": 555,
        "score_time": 104,
        "time": 659,
        "parameters": {
            "alpha": 0.1
        },
        "done_at": 1668090845393,
        "split_id": 2
    },
    {
        "test_score_gib": 0.6519230103432572,
        "train_score": 0.6764935233712246,
        "test_score": 0.6519230103432572,
        "num_samples": 2635,
        "fit_time": 762,
        "score_time": 87,
        "time": 849,
        "parameters": {
            "alpha": 0.1
        },
        "done_at": 1668090845583,
        "split_id": 3
    },
    {
        "test_score_gib": 0.6556356693086831,
        "train_score": 0.6762647967784517,
        "test_score": 0.6556356693086831,
        "num_samples": 2635,
        "fit_time": 1007,
        "score_time": 110,
        "time": 1117,
        "parameters": {
            "alpha": 0.1
        },
        "done_at": 1668090846504,
        "split_id": 4
    },
    {
        "test_score_gib": 0.5671237059279366,
        "train_score": 0.5503576787153595,
        "test_score": 0.5671237059279366,
        "num_samples": 2635,
        "fit_time": 977,
        "score_time": 121,
        "time": 1098,
        "parameters": {
            "alpha": 1.0
        },
        "done_at": 1668090846505,
        "split_id": 0
    },
    {
        "test_score_gib": 0.5653330021481191,
        "train_score": 0.5580574051090741,
        "test_score": 0.5653330021481191,
        "num_samples": 2635,
        "fit_time": 685,
        "score_time": 123,
        "time": 808,
        "parameters": {
            "alpha": 1.0
        },
        "done_at": 1668090846412,
        "split_id": 1
    },
    {
        "test_score_gib": 0.5575283746980788,
        "train_score": 0.5584516035369518,
        "test_score": 0.5575283746980788,
        "num_samples": 2635,
        "fit_time": 802,
        "score_time": 113,
        "time": 915,
        "parameters": {
            "alpha": 1.0
        },
        "done_at": 1668090846597,
        "split_id": 2
    },
    {
        "test_score_gib": 0.5405713300092461,
        "train_score": 0.5610470219380508,
        "test_score": 0.5405713300092461,
        "num_samples": 2635,
        "fit_time": 499,
        "score_time": 24,
        "time": 523,
        "parameters": {
            "alpha": 1.0
        },
        "done_at": 1668090847016,
        "split_id": 3
    },
    {
        "test_score_gib": 0.5463183878995422,
        "train_score": 0.5613854195369194,
        "test_score": 0.5463183878995422,
        "num_samples": 2635,
        "fit_time": 605,
        "score_time": 179,
        "time": 784,
        "parameters": {
            "alpha": 1.0
        },
        "done_at": 1668090847296,
        "split_id": 4
    },
    {
        "test_score_gib": 0.37841410264626474,
        "train_score": 0.3703053344523055,
        "test_score": 0.37841410264626474,
        "num_samples": 2635,
        "fit_time": 699,
        "score_time": 100,
        "time": 799,
        "parameters": {
            "alpha": 3.0
        },
        "done_at": 1668090847311,
        "split_id": 0
    },
    {
        "test_score_gib": 0.38354318539774346,
        "train_score": 0.37601417798650094,
        "test_score": 0.38354318539774346,
        "num_samples": 2635,
        "fit_time": 507,
        "score_time": 181,
        "time": 688,
        "parameters": {
            "alpha": 3.0
        },
        "done_at": 1668090847298,
        "split_id": 1
    },
    {
        "test_score_gib": 0.3767134787531743,
        "train_score": 0.3762370211687597,
        "test_score": 0.3767134787531743,
        "num_samples": 2635,
        "fit_time": 518,
        "score_time": 115,
        "time": 633,
        "parameters": {
            "alpha": 3.0
        },
        "done_at": 1668090847716,
        "split_id": 2
    },
    {
        "test_score_gib": 0.3650842099327205,
        "train_score": 0.37825999020274637,
        "test_score": 0.3650842099327205,
        "num_samples": 2635,
        "fit_time": 498,
        "score_time": 295,
        "time": 793,
        "parameters": {
            "alpha": 3.0
        },
        "done_at": 1668090848099,
        "split_id": 3
    },
    {
        "test_score_gib": 0.3689662601074145,
        "train_score": 0.37879695141493763,
        "test_score": 0.3689662601074145,
        "num_samples": 2635,
        "fit_time": 700,
        "score_time": 95,
        "time": 795,
        "parameters": {
            "alpha": 3.0
        },
        "done_at": 1668090848108,
        "split_id": 4
    }
]