{
    "modelInputNRows": 13175,
    "modelInputNCols": 112,
    "modelInputIsSparse": false,
    "modelInputMemory": 11804800,
    "usedGridSearch": true,
    "gridSize": 3,
    "gridBestScore": 0.6679730739588078,
    "gridCells": [
        {
            "params": {
                "alpha": 0.1
            },
            "score": 0.6679730739588078,
            "scoreStd": 0.015234858475314222,
            "fitTime": 0.6918,
            "fitTimeStd": 0.21609942156331655,
            "scoreTime": 0.1346,
            "scoreTimeStd": 0.07419326114951412
        },
        {
            "params": {
                "alpha": 1.0
            },
            "score": 0.5553749601365846,
            "scoreStd": 0.010421149536195749,
            "fitTime": 0.7136,
            "fitTimeStd": 0.16483883037682595,
            "scoreTime": 0.112,
            "scoreTimeStd": 0.04987183573922259
        },
        {
            "params": {
                "alpha": 3.0
            },
            "score": 0.37454424736746345,
            "scoreStd": 0.006652345157858921,
            "fitTime": 0.5844,
            "fitTimeStd": 0.09419256870900167,
            "scoreTime": 0.15719999999999998,
            "scoreTimeStd": 0.07546760894582523
        }
    ],
    "lmCoefficients": {
        "variables": [
            "housing_median_age",
            "median_income",
            "family_size",
            "outliers",
            "total_bedrooms",
            "total_rooms",
            "dummy:city:Los Angeles",
            "dummy:city:San Diego",
            "dummy:city:San Francisco",
            "dummy:city:San Jose",
            "dummy:city:Oakland",
            "dummy:city:Long Beach",
            "dummy:city:Sacramento",
            "dummy:city:Fresno",
            "dummy:city:Stockton",
            "dummy:city:Anaheim",
            "dummy:city:San Bernardino",
            "dummy:city:Santa Ana",
            "dummy:city:Riverside",
            "dummy:city:Bakersfield",
            "dummy:city:Fullerton",
            "dummy:city:Modesto",
            "dummy:city:Glendale",
            "dummy:city:Torrance",
            "dummy:city:Garden Grove",
            "dummy:city:Berkeley",
            "dummy:city:Pasadena",
            "dummy:city:Concord",
            "dummy:city:Irvine",
            "dummy:city:Hayward",
            "dummy:city:Downey",
            "dummy:city:Sunnyvale",
            "dummy:city:Santa Rosa",
            "dummy:city:San Mateo",
            "dummy:city:Burbank",
            "dummy:city:Fremont",
            "dummy:city:Richmond",
            "dummy:city:Chula Vista",
            "dummy:city:Ontario",
            "dummy:city:Santa Monica",
            "dummy:city:Santa Barbara",
            "dummy:city:Compton",
            "dummy:city:Oceanside",
            "dummy:city:Thousand Oaks",
            "dummy:city:Pomona",
            "dummy:city:Costa Mesa",
            "dummy:city:San Leandro",
            "dummy:city:Ventura",
            "dummy:city:Norwalk",
            "dummy:city:Inglewood",
            "dummy:city:Simi Valley",
            "dummy:city:Visalia",
            "dummy:city:Orange",
            "dummy:city:Palo Alto",
            "dummy:city:Newport Beach",
            "dummy:city:Alameda",
            "dummy:city:Oxnard",
            "dummy:city:Vallejo",
            "dummy:city:South Gate",
            "dummy:city:Santa Clara",
            "dummy:city:Carson",
            "dummy:city:Redondo Beach",
            "dummy:city:Lakewood",
            "dummy:city:Mountain View",
            "dummy:city:Upland",
            "dummy:city:Whittier",
            "dummy:city:Clovis",
            "dummy:city:Hawthorne",
            "dummy:city:Redding",
            "dummy:city:Santa Cruz",
            "dummy:city:Pico Rivera",
            "dummy:city:Lancaster",
            "dummy:city:Alhambra",
            "dummy:city:Napa",
            "dummy:city:El Cajon",
            "dummy:city:Vacaville",
            "dummy:city:Gardena",
            "dummy:city:Santa Maria",
            "dummy:city:Westminster",
            "dummy:city:Monterey Park",
            "dummy:city:Redlands",
            "dummy:city:Mission Viejo",
            "dummy:city:Culver City",
            "dummy:city:Fontana",
            "dummy:city:Fairfield",
            "dummy:city:Antioch",
            "dummy:city:Vista",
            "dummy:city:Buena Park",
            "dummy:city:Lodi",
            "dummy:city:Rialto",
            "dummy:city:Bellflower",
            "dummy:city:National City",
            "dummy:city:Fountain Valley",
            "dummy:city:La Habra",
            "dummy:city:Walnut Creek",
            "dummy:city:Glendora",
            "dummy:city:Daly City",
            "dummy:city:Escondido",
            "dummy:city:Manhattan Beach",
            "dummy:city:Lawndale",
            "dummy:city:Lynwood",
            "dummy:city:Carlsbad",
            "dummy:city:Los Altos",
            "dummy:city:Redwood City",
            "dummy:city:Encinitas",
            "dummy:city:Salinas",
            "dummy:city:N/A",
            "dummy:ocean_proximity:<1H OCEAN",
            "dummy:ocean_proximity:INLAND",
            "dummy:ocean_proximity:NEAR OCEAN",
            "dummy:ocean_proximity:NEAR BAY"
        ],
        "coefs": [
            6858.005945151519,
            61403.716939189166,
            -2602.347856336622,
            831.2806850127047,
            5639.218827519543,
            2269.9858187142727,
            24755.16702889568,
            -37257.06075061044,
            83773.06543751655,
            23.096452558563904,
            -41883.21897717883,
            -5578.133510845125,
            -8869.629785486974,
            -42780.49986179365,
            -19573.938495236856,
            -13787.175863751601,
            -24515.819388117598,
            -26708.75062571441,
            -25279.551801738577,
            -43891.9806492974,
            -17006.421717872854,
            -9237.266787011195,
            46083.72571521231,
            68022.7921809133,
            -26804.817696585436,
            22073.203488422416,
            36129.71289906329,
            -27539.234386486703,
            6871.673006554468,
            -28306.738414552754,
            1098.7567719740707,
            48620.40211396676,
            -21780.135036944226,
            56648.75282267416,
            29894.525788510495,
            -15811.20209555041,
            -63950.43659011434,
            -75500.72543370702,
            -3075.200637395275,
            166478.00242965468,
            91190.72363204462,
            -64617.432342969856,
            -43074.144310811054,
            10467.206893886017,
            -13365.161087916116,
            8169.474064604104,
            -38618.435599677134,
            -23213.862830242717,
            -53866.23603403799,
            -21996.17240744778,
            -27659.33996616125,
            -34874.89309720248,
            -8618.875452754175,
            112844.61917092708,
            129071.30550547838,
            15844.716133949078,
            -26962.77033685191,
            -85137.67465931569,
            -30952.873104735496,
            15040.515400905131,
            -52129.88478413769,
            85009.33974819517,
            -28860.48907448561,
            59544.957692198725,
            24359.494193689043,
            -14409.510467538368,
            -46449.52758896527,
            -5559.180028801575,
            -15964.893713635132,
            8958.274587516198,
            -28182.91632498985,
            -19079.57225786154,
            13730.694490873406,
            -33610.07171810859,
            -51451.13448784573,
            -7498.59686344726,
            -8408.564276093823,
            -46727.306728889394,
            -16748.66866754509,
            18360.10280643411,
            -18731.52677690888,
            -22501.73758479946,
            85789.53531723775,
            -15430.316902979926,
            -28998.141790961923,
            -19941.97324299625,
            -30050.451084629745,
            -33223.205552451356,
            -14320.861089844753,
            -24979.530550384152,
            -21703.078888451742,
            -84790.19737604936,
            -12611.52989702629,
            -22771.731783095525,
            -8527.974255718327,
            28351.72023093628,
            -4353.978107707924,
            -44441.827966408986,
            149671.72122781066,
            15083.658502017137,
            -47048.834679812295,
            -5828.355430132271,
            112494.08379719169,
            52668.92681068906,
            430.018843837738,
            -35893.63840838415,
            -4770.737160274266,
            12522.050584044107,
            -49269.40617053636,
            44454.00615383208,
            22484.613130092606
        ],
        "interceptStderr": null,
        "interceptTstat": null,
        "interceptPvalue": null,
        "interceptCoef": 208102.92563027903,
        "rescaledCoefs": [
            545.822928974119,
            32332.278616880118,
            -219.19269002656694,
            13655.813949852469,
            13.504612577839712,
            1.0569911812269235,
            24755.16702889568,
            -37257.06075061044,
            83773.06543751655,
            23.096452558563904,
            -41883.21897717883,
            -5578.133510845125,
            -8869.629785486974,
            -42780.49986179365,
            -19573.938495236856,
            -13787.175863751601,
            -24515.819388117598,
            -26708.75062571441,
            -25279.551801738577,
            -43891.9806492974,
            -17006.421717872854,
            -9237.266787011195,
            46083.72571521231,
            68022.7921809133,
            -26804.817696585436,
            22073.203488422416,
            36129.71289906329,
            -27539.234386486703,
            6871.673006554468,
            -28306.738414552754,
            1098.7567719740707,
            48620.40211396676,
            -21780.135036944226,
            56648.75282267416,
            29894.525788510495,
            -15811.20209555041,
            -63950.43659011434,
            -75500.72543370702,
            -3075.200637395275,
            166478.00242965468,
            91190.72363204462,
            -64617.432342969856,
            -43074.144310811054,
            10467.206893886017,
            -13365.161087916116,
            8169.474064604104,
            -38618.435599677134,
            -23213.862830242717,
            -53866.23603403799,
            -21996.17240744778,
            -27659.33996616125,
            -34874.89309720248,
            -8618.875452754175,
            112844.61917092708,
            129071.30550547838,
            15844.716133949078,
            -26962.77033685191,
            -85137.67465931569,
            -30952.873104735496,
            15040.515400905131,
            -52129.88478413769,
            85009.33974819517,
            -28860.48907448561,
            59544.957692198725,
            24359.494193689043,
            -14409.510467538368,
            -46449.52758896527,
            -5559.180028801575,
            -15964.893713635132,
            8958.274587516198,
            -28182.91632498985,
            -19079.57225786154,
            13730.694490873406,
            -33610.07171810859,
            -51451.13448784573,
            -7498.59686344726,
            -8408.564276093823,
            -46727.306728889394,
            -16748.66866754509,
            18360.10280643411,
            -18731.52677690888,
            -22501.73758479946,
            85789.53531723775,
            -15430.316902979926,
            -28998.141790961923,
            -19941.97324299625,
            -30050.451084629745,
            -33223.205552451356,
            -14320.861089844753,
            -24979.530550384152,
            -21703.078888451742,
            -84790.19737604936,
            -12611.52989702629,
            -22771.731783095525,
            -8527.974255718327,
            28351.72023093628,
            -4353.978107707924,
            -44441.827966408986,
            149671.72122781066,
            15083.658502017137,
            -47048.834679812295,
            -5828.355430132271,
            112494.08379719169,
            52668.92681068906,
            430.018843837738,
            -35893.63840838415,
            -4770.737160274266,
            12522.050584044107,
            -49269.40617053636,
            44454.00615383208,
            22484.613130092606
        ],
        "rescaledInterceptCoef": 58348.09835067959
    }
}