{
  "state": "DONE",
  "preSearchDescription": {
    "gridLength": 3,
    "searchStrategy": "GRID",
    "importantParams": [
      {
        "name": "alpha",
        "vals": [
          "0.1",
          "1.0",
          "3.0"
        ]
      }
    ]
  },
  "postSearchDescription": {
    "importantParams": [
      {
        "name": "alpha",
        "val": "0.1"
      }
    ]
  },
  "resumed": false,
  "timeOrderingEnabled": false,
  "sampleWeightsEnabled": false,
  "modelId": "m1",
  "progress": {
    "top_level_todo": [],
    "stack": [],
    "top_level_done": [
      {
        "name": "Loading train set",
        "time": 56
      },
      {
        "name": "Loading test set",
        "time": 17
      },
      {
        "name": "Collecting statistics",
        "time": 24
      },
      {
        "name": "Preprocessing train set",
        "time": 57
      },
      {
        "name": "Preprocessing test set",
        "time": 26
      },
      {
        "name": "Hyperparameter searching",
        "time": 4325
      },
      {
        "name": "Fitting model",
        "time": 80
      },
      {
        "name": "Saving model",
        "time": 4
      },
      {
        "name": "Scoring model",
        "time": 1240
      }
    ]
  },
  "startTime": 1668090844497,
  "endTime": 1668090850943,
  "preprocessingTime": 182,
  "trainingTime": 6264,
  "hyperparamsSearchTime": 4325
}