{
  "starred": false,
  "clusterMetas": {},
  "customMeta": {
    "kv": {}
  },
  "tags": [],
  "activeClassifierThreshold": 0.0,
  "description": "",
  "name": "Ridge (L2) regression (s1)",
  "labels": [
    {
      "key": "trainDataset:dataset-name",
      "value": "train_set"
    },
    {
      "key": "testDataset:dataset-name",
      "value": "train_set"
    },
    {
      "key": "evaluationDataset:dataset-name",
      "value": "train_set"
    },
    {
      "key": "model:algorithm",
      "value": "RIDGE_REGRESSION"
    },
    {
      "key": "model:name",
      "value": "Ridge (L2) regression (s1)"
    },
    {
      "key": "model:date",
      "value": "2022-11-10T14:34:10.943+0000"
    },
    {
      "key": "evaluation:date",
      "value": "2022-11-10T14:34:10.943+0000"
    }
  ]
}