{
  "type": "vstack",
  "neverRecomputeExistingPartitions": false,
  "optionalDependencies": false,
  "customMeta": {
    "kv": {}
  },
  "redispatchPartitioning": false,
  "maxRunningActivities": 0,
  "variables": {},
  "dkuProperties": [],
  "inputs": {
    "main": {
      "items": [
        {
          "ref": "housing_historical",
          "deps": []
        },
        {
          "ref": "housing_to_predict",
          "deps": []
        }
      ]
    }
  },
  "outputs": {
    "main": {
      "items": [
        {
          "ref": "housing_historical_stacked",
          "appendMode": false
        }
      ]
    }
  },
  "labels": [],
  "versionTag": {
    "versionNumber": 2,
    "lastModifiedBy": {
      "login": "leo.denis.bernard@gmail.com"
    },
    "lastModifiedOn": 1668090412794
  },
  "creationTag": {
    "versionNumber": 0,
    "lastModifiedBy": {
      "login": "leo.denis.bernard@gmail.com"
    },
    "lastModifiedOn": 1668066318782
  },
  "tags": [],
  "customFields": {},
  "checklists": {
    "checklists": []
  }
}