{
  "type": "split",
  "neverRecomputeExistingPartitions": false,
  "optionalDependencies": false,
  "customMeta": {
    "kv": {}
  },
  "redispatchPartitioning": false,
  "maxRunningActivities": 0,
  "variables": {},
  "dkuProperties": [],
  "inputs": {
    "main": {
      "items": [
        {
          "ref": "housing_historical_stacked_prepared",
          "deps": []
        }
      ]
    }
  },
  "outputs": {
    "main": {
      "items": [
        {
          "ref": "test_set",
          "appendMode": false
        },
        {
          "ref": "train_set",
          "appendMode": false
        }
      ]
    }
  },
  "labels": [],
  "versionTag": {
    "versionNumber": 2,
    "lastModifiedBy": {
      "login": "leo.denis.bernard@gmail.com"
    },
    "lastModifiedOn": 1668090734054
  },
  "creationTag": {
    "versionNumber": 0,
    "lastModifiedBy": {
      "login": "leo.denis.bernard@gmail.com"
    },
    "lastModifiedOn": 1668087656541
  },
  "tags": [],
  "customFields": {},
  "checklists": {
    "checklists": []
  }
}