[
    {
        "test_score_gib": 0.7222460659807517,
        "train_score": 0.6977745750965205,
        "test_score": 0.7222460659807517,
        "num_samples": 2635,
        "fit_time": 2967,
        "score_time": 1196,
        "time": 4163,
        "parameters": {
            "alpha": 0.1
        },
        "done_at": 1668090999682,
        "split_id": 0
    },
    {
        "test_score_gib": 0.6976839984784535,
        "train_score": 0.705643689452927,
        "test_score": 0.6976839984784535,
        "num_samples": 2635,
        "fit_time": 3873,
        "score_time": 290,
        "time": 4163,
        "parameters": {
            "alpha": 0.1
        },
        "done_at": 1668090999686,
        "split_id": 1
    },
    {
        "test_score_gib": 0.698169968541702,
        "train_score": 0.7051265207566646,
        "test_score": 0.698169968541702,
        "num_samples": 2635,
        "fit_time": 4076,
        "score_time": 295,
        "time": 4371,
        "parameters": {
            "alpha": 0.1
        },
        "done_at": 1668090999893,
        "split_id": 2
    },
    {
        "test_score_gib": 0.6808981895179897,
        "train_score": 0.7084875419836081,
        "test_score": 0.6808981895179897,
        "num_samples": 2635,
        "fit_time": 3961,
        "score_time": 304,
        "time": 4265,
        "parameters": {
            "alpha": 0.1
        },
        "done_at": 1668090999796,
        "split_id": 3
    },
    {
        "test_score_gib": 0.6826043391823158,
        "train_score": 0.7101766723680969,
        "test_score": 0.6826043391823158,
        "num_samples": 2635,
        "fit_time": 2892,
        "score_time": 498,
        "time": 3390,
        "parameters": {
            "alpha": 0.1
        },
        "done_at": 1668091003088,
        "split_id": 4
    },
    {
        "test_score_gib": 0.5985361241219915,
        "train_score": 0.583086491663178,
        "test_score": 0.5985361241219915,
        "num_samples": 2635,
        "fit_time": 3681,
        "score_time": 108,
        "time": 3789,
        "parameters": {
            "alpha": 1.0
        },
        "done_at": 1668091003490,
        "split_id": 0
    },
    {
        "test_score_gib": 0.595656615489793,
        "train_score": 0.5901080362399986,
        "test_score": 0.595656615489793,
        "num_samples": 2635,
        "fit_time": 3396,
        "score_time": 198,
        "time": 3594,
        "parameters": {
            "alpha": 1.0
        },
        "done_at": 1668091003496,
        "split_id": 1
    },
    {
        "test_score_gib": 0.5853451372790017,
        "train_score": 0.5905908372334239,
        "test_score": 0.5853451372790017,
        "num_samples": 2635,
        "fit_time": 3309,
        "score_time": 287,
        "time": 3596,
        "parameters": {
            "alpha": 1.0
        },
        "done_at": 1668091003682,
        "split_id": 2
    },
    {
        "test_score_gib": 0.5703502353330776,
        "train_score": 0.5930687588582787,
        "test_score": 0.5703502353330776,
        "num_samples": 2635,
        "fit_time": 4090,
        "score_time": 204,
        "time": 4294,
        "parameters": {
            "alpha": 1.0
        },
        "done_at": 1668091007597,
        "split_id": 3
    },
    {
        "test_score_gib": 0.5740881494894238,
        "train_score": 0.5942191724317856,
        "test_score": 0.5740881494894238,
        "num_samples": 2635,
        "fit_time": 3622,
        "score_time": 373,
        "time": 3995,
        "parameters": {
            "alpha": 1.0
        },
        "done_at": 1668091007700,
        "split_id": 4
    },
    {
        "test_score_gib": 0.42234943654394097,
        "train_score": 0.4131210701346065,
        "test_score": 0.42234943654394097,
        "num_samples": 2635,
        "fit_time": 3897,
        "score_time": 197,
        "time": 4094,
        "parameters": {
            "alpha": 3.0
        },
        "done_at": 1668091007795,
        "split_id": 0
    },
    {
        "test_score_gib": 0.4276568457453114,
        "train_score": 0.4183397214239455,
        "test_score": 0.4276568457453114,
        "num_samples": 2635,
        "fit_time": 3696,
        "score_time": 387,
        "time": 4083,
        "parameters": {
            "alpha": 3.0
        },
        "done_at": 1668091007807,
        "split_id": 1
    },
    {
        "test_score_gib": 0.41544807387257776,
        "train_score": 0.41967307534313114,
        "test_score": 0.41544807387257776,
        "num_samples": 2635,
        "fit_time": 2604,
        "score_time": 205,
        "time": 2809,
        "parameters": {
            "alpha": 3.0
        },
        "done_at": 1668091010594,
        "split_id": 2
    },
    {
        "test_score_gib": 0.4059030806943146,
        "train_score": 0.42097697938949685,
        "test_score": 0.4059030806943146,
        "num_samples": 2635,
        "fit_time": 2295,
        "score_time": 385,
        "time": 2680,
        "parameters": {
            "alpha": 3.0
        },
        "done_at": 1668091010486,
        "split_id": 3
    },
    {
        "test_score_gib": 0.40701203744600223,
        "train_score": 0.4225853370080105,
        "test_score": 0.40701203744600223,
        "num_samples": 2635,
        "fit_time": 2098,
        "score_time": 198,
        "time": 2296,
        "parameters": {
            "alpha": 3.0
        },
        "done_at": 1668091010192,
        "split_id": 4
    }
]