{
    "startedAt": 1668090995513,
    "gridSize": 3,
    "nThreads": 4,
    "nSplits": 5,
    "metric": "R2",
    "timeout": null,
    "gridPoints": [
        {
            "finishedAt": 1668091003088,
            "score": 0.6963205123402425,
            "testScoreGibMean": 0.6963205123402425,
            "testScoreMean": 0.6963205123402425,
            "testScoreStd": 0.014855270859793419,
            "trainScoreMean": 0.7054417999315634,
            "trainScoreStd": 0.004257277502016931,
            "time": 20352,
            "fitTimeMean": 3553.8,
            "fitTimeStd": 514.3358435886031,
            "scoreTimeMean": 516.6,
            "scoreTimeStd": 348.59236939439734,
            "parameters": {
                "alpha": 0.1
            }
        },
        {
            "finishedAt": 1668091007700,
            "score": 0.5847952523426576,
            "testScoreGibMean": 0.5847952523426576,
            "testScoreMean": 0.5847952523426576,
            "testScoreStd": 0.0112283899828074,
            "trainScoreMean": 0.590214659285333,
            "trainScoreStd": 0.0038767424955589874,
            "time": 19268,
            "fitTimeMean": 3619.6,
            "fitTimeStd": 272.5880408235108,
            "scoreTimeMean": 234.0,
            "scoreTimeStd": 89.66827755678148,
            "parameters": {
                "alpha": 1.0
            }
        },
        {
            "finishedAt": 1668091010594,
            "score": 0.4156738948604294,
            "testScoreGibMean": 0.4156738948604294,
            "testScoreMean": 0.4156738948604294,
            "testScoreStd": 0.00846996513727141,
            "trainScoreMean": 0.4189392366598381,
            "trainScoreStd": 0.003230957834070565,
            "time": 15962,
            "fitTimeMean": 2918.0,
            "fitTimeStd": 737.9498627955696,
            "scoreTimeMean": 274.4,
            "scoreTimeStd": 91.1649055283885,
            "parameters": {
                "alpha": 3.0
            }
        }
    ]
}