{
  "state": "DONE",
  "preSearchDescription": {
    "gridLength": 3,
    "searchStrategy": "GRID",
    "importantParams": [
      {
        "name": "alpha",
        "vals": [
          "0.1",
          "1.0",
          "3.0"
        ]
      }
    ]
  },
  "postSearchDescription": {
    "importantParams": [
      {
        "name": "alpha",
        "val": "0.1"
      }
    ]
  },
  "resumed": false,
  "timeOrderingEnabled": false,
  "sampleWeightsEnabled": false,
  "modelId": "m1",
  "progress": {
    "top_level_todo": [],
    "stack": [],
    "top_level_done": [
      {
        "name": "Loading train set",
        "time": 53
      },
      {
        "name": "Loading test set",
        "time": 17
      },
      {
        "name": "Collecting statistics",
        "time": 59
      },
      {
        "name": "Preprocessing train set",
        "time": 77
      },
      {
        "name": "Preprocessing test set",
        "time": 35
      },
      {
        "name": "Hyperparameter searching",
        "time": 15766
      },
      {
        "name": "Fitting model",
        "time": 397
      },
      {
        "name": "Saving model",
        "time": 2
      },
      {
        "name": "Scoring model",
        "time": 2228
      }
    ]
  },
  "startTime": 1668090995197,
  "endTime": 1668091014628,
  "preprocessingTime": 244,
  "trainingTime": 19187,
  "hyperparamsSearchTime": 15766
}