[
    {
        "test_score_gib": 0.7467889701231691,
        "train_score": 0.7260517096029941,
        "test_score": 0.7467889701231691,
        "num_samples": 2635,
        "fit_time": 16577,
        "score_time": 311,
        "time": 16888,
        "parameters": {
            "max_depth": 6,
            "max_features": "auto",
            "min_samples_leaf": 10,
            "n_estimators": 100,
            "min_samples_split": 30
        },
        "done_at": 1668091352697,
        "split_id": 0
    },
    {
        "test_score_gib": 0.7125366944463298,
        "train_score": 0.7339695550453058,
        "test_score": 0.7125366944463298,
        "num_samples": 2635,
        "fit_time": 13977,
        "score_time": 293,
        "time": 14270,
        "parameters": {
            "max_depth": 6,
            "max_features": "auto",
            "min_samples_leaf": 10,
            "n_estimators": 100,
            "min_samples_split": 30
        },
        "done_at": 1668091350083,
        "split_id": 1
    },
    {
        "test_score_gib": 0.7057982547765498,
        "train_score": 0.738791237160303,
        "test_score": 0.7057982547765498,
        "num_samples": 2635,
        "fit_time": 13487,
        "score_time": 301,
        "time": 13788,
        "parameters": {
            "max_depth": 6,
            "max_features": "auto",
            "min_samples_leaf": 10,
            "n_estimators": 100,
            "min_samples_split": 30
        },
        "done_at": 1668091349604,
        "split_id": 2
    },
    {
        "test_score_gib": 0.6978015043768264,
        "train_score": 0.7387135012445036,
        "test_score": 0.6978015043768264,
        "num_samples": 2635,
        "fit_time": 17265,
        "score_time": 321,
        "time": 17586,
        "parameters": {
            "max_depth": 6,
            "max_features": "auto",
            "min_samples_leaf": 10,
            "n_estimators": 100,
            "min_samples_split": 30
        },
        "done_at": 1668091353404,
        "split_id": 3
    },
    {
        "test_score_gib": 0.7053233023288511,
        "train_score": 0.7364528257899075,
        "test_score": 0.7053233023288511,
        "num_samples": 2635,
        "fit_time": 15300,
        "score_time": 382,
        "time": 15682,
        "parameters": {
            "max_depth": 6,
            "max_features": "auto",
            "min_samples_leaf": 10,
            "n_estimators": 100,
            "min_samples_split": 30
        },
        "done_at": 1668091365287,
        "split_id": 4
    },
    {
        "test_score_gib": 0.7788097442401439,
        "train_score": 0.7984154474749735,
        "test_score": 0.7788097442401439,
        "num_samples": 2635,
        "fit_time": 21606,
        "score_time": 512,
        "time": 22118,
        "parameters": {
            "max_depth": 13,
            "max_features": "auto",
            "min_samples_leaf": 10,
            "n_estimators": 100,
            "min_samples_split": 30
        },
        "done_at": 1668091372203,
        "split_id": 0
    },
    {
        "test_score_gib": 0.7449863226431765,
        "train_score": 0.804410599576174,
        "test_score": 0.7449863226431765,
        "num_samples": 2635,
        "fit_time": 21488,
        "score_time": 520,
        "time": 22008,
        "parameters": {
            "max_depth": 13,
            "max_features": "auto",
            "min_samples_leaf": 10,
            "n_estimators": 100,
            "min_samples_split": 30
        },
        "done_at": 1668091374707,
        "split_id": 1
    },
    {
        "test_score_gib": 0.7246284423554407,
        "train_score": 0.809540817820478,
        "test_score": 0.7246284423554407,
        "num_samples": 2635,
        "fit_time": 21502,
        "score_time": 396,
        "time": 21898,
        "parameters": {
            "max_depth": 13,
            "max_features": "auto",
            "min_samples_leaf": 10,
            "n_estimators": 100,
            "min_samples_split": 30
        },
        "done_at": 1668091375382,
        "split_id": 2
    },
    {
        "test_score_gib": 0.7261301745434425,
        "train_score": 0.808249124658439,
        "test_score": 0.7261301745434425,
        "num_samples": 2635,
        "fit_time": 14700,
        "score_time": 222,
        "time": 14922,
        "parameters": {
            "max_depth": 13,
            "max_features": "auto",
            "min_samples_leaf": 10,
            "n_estimators": 100,
            "min_samples_split": 30
        },
        "done_at": 1668091380212,
        "split_id": 3
    },
    {
        "test_score_gib": 0.7296238840421299,
        "train_score": 0.8092281246489329,
        "test_score": 0.7296238840421299,
        "num_samples": 2635,
        "fit_time": 9430,
        "score_time": 129,
        "time": 9559,
        "parameters": {
            "max_depth": 13,
            "max_features": "auto",
            "min_samples_leaf": 10,
            "n_estimators": 100,
            "min_samples_split": 30
        },
        "done_at": 1668091381763,
        "split_id": 4
    }
]