{
    "startedAt": 1668091335804,
    "gridSize": 2,
    "nThreads": 4,
    "nSplits": 5,
    "metric": "R2",
    "timeout": null,
    "gridPoints": [
        {
            "finishedAt": 1668091365287,
            "score": 0.7136497452103453,
            "testScoreGibMean": 0.7136497452103453,
            "testScoreMean": 0.7136497452103453,
            "testScoreStd": 0.017213886257518858,
            "trainScoreMean": 0.7347957657686027,
            "trainScoreStd": 0.004715918430207267,
            "time": 78214,
            "fitTimeMean": 15321.2,
            "fitTimeStd": 1450.9999862164025,
            "scoreTimeMean": 321.6,
            "scoreTimeStd": 31.63289427162807,
            "parameters": {
                "max_depth": 6,
                "max_features": "auto",
                "min_samples_leaf": 10,
                "n_estimators": 100,
                "min_samples_split": 30
            }
        },
        {
            "finishedAt": 1668091381763,
            "score": 0.7408357135648667,
            "testScoreGibMean": 0.7408357135648667,
            "testScoreMean": 0.7408357135648667,
            "testScoreStd": 0.020316929889435936,
            "trainScoreMean": 0.8059688228357996,
            "trainScoreStd": 0.004196749026338543,
            "time": 90505,
            "fitTimeMean": 17745.2,
            "fitTimeStd": 4928.360149177412,
            "scoreTimeMean": 355.8,
            "scoreTimeStd": 156.4076724460792,
            "parameters": {
                "max_depth": 13,
                "max_features": "auto",
                "min_samples_leaf": 10,
                "n_estimators": 100,
                "min_samples_split": 30
            }
        }
    ]
}