[
    {
        "test_score_gib": 0.6952345290201002,
        "train_score": 0.664611720781377,
        "test_score": 0.6952345290201002,
        "num_samples": 2635,
        "fit_time": 464,
        "score_time": 215,
        "time": 679,
        "parameters": {
            "alpha": 0.1
        },
        "done_at": 1668091061804,
        "split_id": 0
    },
    {
        "test_score_gib": 0.6703891298483955,
        "train_score": 0.6730123620635076,
        "test_score": 0.6703891298483955,
        "num_samples": 2635,
        "fit_time": 663,
        "score_time": 16,
        "time": 679,
        "parameters": {
            "alpha": 0.1
        },
        "done_at": 1668091061805,
        "split_id": 1
    },
    {
        "test_score_gib": 0.6666830312736025,
        "train_score": 0.6739065061092729,
        "test_score": 0.6666830312736025,
        "num_samples": 2635,
        "fit_time": 572,
        "score_time": 105,
        "time": 677,
        "parameters": {
            "alpha": 0.1
        },
        "done_at": 1668091061805,
        "split_id": 2
    },
    {
        "test_score_gib": 0.6519230103432572,
        "train_score": 0.6764935233712246,
        "test_score": 0.6519230103432572,
        "num_samples": 2635,
        "fit_time": 570,
        "score_time": 104,
        "time": 674,
        "parameters": {
            "alpha": 0.1
        },
        "done_at": 1668091061803,
        "split_id": 3
    },
    {
        "test_score_gib": 0.6556356693086831,
        "train_score": 0.6762647967784517,
        "test_score": 0.6556356693086831,
        "num_samples": 2635,
        "fit_time": 303,
        "score_time": 196,
        "time": 499,
        "parameters": {
            "alpha": 0.1
        },
        "done_at": 1668091062390,
        "split_id": 4
    },
    {
        "test_score_gib": 0.5671237059279366,
        "train_score": 0.5503576787153595,
        "test_score": 0.5671237059279366,
        "num_samples": 2635,
        "fit_time": 983,
        "score_time": 106,
        "time": 1089,
        "parameters": {
            "alpha": 1.0
        },
        "done_at": 1668091062995,
        "split_id": 0
    },
    {
        "test_score_gib": 0.5653330021481191,
        "train_score": 0.5580574051090741,
        "test_score": 0.5653330021481191,
        "num_samples": 2635,
        "fit_time": 385,
        "score_time": 93,
        "time": 478,
        "parameters": {
            "alpha": 1.0
        },
        "done_at": 1668091062391,
        "split_id": 1
    },
    {
        "test_score_gib": 0.5575283746980788,
        "train_score": 0.5584516035369518,
        "test_score": 0.5575283746980788,
        "num_samples": 2635,
        "fit_time": 387,
        "score_time": 89,
        "time": 476,
        "parameters": {
            "alpha": 1.0
        },
        "done_at": 1668091062390,
        "split_id": 2
    },
    {
        "test_score_gib": 0.5405713300092461,
        "train_score": 0.5610470219380508,
        "test_score": 0.5405713300092461,
        "num_samples": 2635,
        "fit_time": 594,
        "score_time": 96,
        "time": 690,
        "parameters": {
            "alpha": 1.0
        },
        "done_at": 1668091063082,
        "split_id": 3
    },
    {
        "test_score_gib": 0.5463183878995422,
        "train_score": 0.5613854195369194,
        "test_score": 0.5463183878995422,
        "num_samples": 2635,
        "fit_time": 405,
        "score_time": 193,
        "time": 598,
        "parameters": {
            "alpha": 1.0
        },
        "done_at": 1668091062993,
        "split_id": 4
    },
    {
        "test_score_gib": 0.37841410264626474,
        "train_score": 0.3703053344523055,
        "test_score": 0.37841410264626474,
        "num_samples": 2635,
        "fit_time": 500,
        "score_time": 101,
        "time": 601,
        "parameters": {
            "alpha": 3.0
        },
        "done_at": 1668091063093,
        "split_id": 0
    },
    {
        "test_score_gib": 0.38354318539774346,
        "train_score": 0.37601417798650094,
        "test_score": 0.38354318539774346,
        "num_samples": 2635,
        "fit_time": 809,
        "score_time": 78,
        "time": 887,
        "parameters": {
            "alpha": 3.0
        },
        "done_at": 1668091063982,
        "split_id": 1
    },
    {
        "test_score_gib": 0.3767134787531743,
        "train_score": 0.3762370211687597,
        "test_score": 0.3767134787531743,
        "num_samples": 2635,
        "fit_time": 808,
        "score_time": 184,
        "time": 992,
        "parameters": {
            "alpha": 3.0
        },
        "done_at": 1668091063988,
        "split_id": 2
    },
    {
        "test_score_gib": 0.3650842099327205,
        "train_score": 0.37825999020274637,
        "test_score": 0.3650842099327205,
        "num_samples": 2635,
        "fit_time": 902,
        "score_time": 101,
        "time": 1003,
        "parameters": {
            "alpha": 3.0
        },
        "done_at": 1668091064089,
        "split_id": 3
    },
    {
        "test_score_gib": 0.3689662601074145,
        "train_score": 0.37879695141493763,
        "test_score": 0.3689662601074145,
        "num_samples": 2635,
        "fit_time": 298,
        "score_time": 195,
        "time": 493,
        "parameters": {
            "alpha": 3.0
        },
        "done_at": 1668091063589,
        "split_id": 4
    }
]