{
    "startedAt": 1668091061119,
    "gridSize": 3,
    "nThreads": 4,
    "nSplits": 5,
    "metric": "R2",
    "timeout": null,
    "gridPoints": [
        {
            "finishedAt": 1668091062390,
            "score": 0.6679730739588078,
            "testScoreGibMean": 0.6679730739588078,
            "testScoreMean": 0.6679730739588078,
            "testScoreStd": 0.015234858475314222,
            "trainScoreMean": 0.6728577818207668,
            "trainScoreStd": 0.004334688175490953,
            "time": 3208,
            "fitTimeMean": 514.4,
            "fitTimeStd": 123.0619356259278,
            "scoreTimeMean": 127.2,
            "scoreTimeStd": 71.88713375841327,
            "parameters": {
                "alpha": 0.1
            }
        },
        {
            "finishedAt": 1668091063082,
            "score": 0.5553749601365846,
            "testScoreGibMean": 0.5553749601365846,
            "testScoreMean": 0.5553749601365846,
            "testScoreStd": 0.010421149536195749,
            "trainScoreMean": 0.5578598257672711,
            "trainScoreStd": 0.003981443953470099,
            "time": 3331,
            "fitTimeMean": 550.8,
            "fitTimeStd": 229.8872767249201,
            "scoreTimeMean": 115.4,
            "scoreTimeStd": 39.205101708833766,
            "parameters": {
                "alpha": 1.0
            }
        },
        {
            "finishedAt": 1668091064089,
            "score": 0.37454424736746345,
            "testScoreGibMean": 0.37454424736746345,
            "testScoreMean": 0.37454424736746345,
            "testScoreStd": 0.006652345157858921,
            "trainScoreMean": 0.37592269504505,
            "trainScoreStd": 0.0030128461096966793,
            "time": 3976,
            "fitTimeMean": 663.4,
            "fitTimeStd": 227.70823437021332,
            "scoreTimeMean": 131.8,
            "scoreTimeStd": 47.980829505126316,
            "parameters": {
                "alpha": 3.0
            }
        }
    ]
}