{
    "metrics": {
        "evs": 0.6704100777411566,
        "mape": 0.27036938190923626,
        "mae": 47847.69655873334,
        "mse": 4460276905.012791,
        "rmse": 66785.30455880838,
        "rmsle": 0.33044972884384965,
        "r2": 0.6703422991025176,
        "pearson": 0.820337724630566,
        "customMetricsResults": []
    },
    "processed_feature_names": [
        "housing_median_age",
        "median_income",
        "family_size",
        "outliers",
        "total_bedrooms",
        "total_rooms",
        "dummy:city:Los Angeles",
        "dummy:city:San Diego",
        "dummy:city:San Francisco",
        "dummy:city:San Jose",
        "dummy:city:Oakland",
        "dummy:city:Long Beach",
        "dummy:city:Sacramento",
        "dummy:city:Fresno",
        "dummy:city:Stockton",
        "dummy:city:Anaheim",
        "dummy:city:San Bernardino",
        "dummy:city:Santa Ana",
        "dummy:city:Riverside",
        "dummy:city:Bakersfield",
        "dummy:city:Fullerton",
        "dummy:city:Modesto",
        "dummy:city:Glendale",
        "dummy:city:Torrance",
        "dummy:city:Garden Grove",
        "dummy:city:Berkeley",
        "dummy:city:Pasadena",
        "dummy:city:Concord",
        "dummy:city:Irvine",
        "dummy:city:Hayward",
        "dummy:city:Downey",
        "dummy:city:Sunnyvale",
        "dummy:city:Santa Rosa",
        "dummy:city:San Mateo",
        "dummy:city:Burbank",
        "dummy:city:Fremont",
        "dummy:city:Richmond",
        "dummy:city:Chula Vista",
        "dummy:city:Ontario",
        "dummy:city:Santa Monica",
        "dummy:city:Santa Barbara",
        "dummy:city:Compton",
        "dummy:city:Oceanside",
        "dummy:city:Thousand Oaks",
        "dummy:city:Pomona",
        "dummy:city:Costa Mesa",
        "dummy:city:San Leandro",
        "dummy:city:Ventura",
        "dummy:city:Norwalk",
        "dummy:city:Inglewood",
        "dummy:city:Simi Valley",
        "dummy:city:Visalia",
        "dummy:city:Orange",
        "dummy:city:Palo Alto",
        "dummy:city:Newport Beach",
        "dummy:city:Alameda",
        "dummy:city:Oxnard",
        "dummy:city:Vallejo",
        "dummy:city:South Gate",
        "dummy:city:Santa Clara",
        "dummy:city:Carson",
        "dummy:city:Redondo Beach",
        "dummy:city:Lakewood",
        "dummy:city:Mountain View",
        "dummy:city:Upland",
        "dummy:city:Whittier",
        "dummy:city:Clovis",
        "dummy:city:Hawthorne",
        "dummy:city:Redding",
        "dummy:city:Santa Cruz",
        "dummy:city:Pico Rivera",
        "dummy:city:Lancaster",
        "dummy:city:Alhambra",
        "dummy:city:Napa",
        "dummy:city:El Cajon",
        "dummy:city:Vacaville",
        "dummy:city:Gardena",
        "dummy:city:Santa Maria",
        "dummy:city:Westminster",
        "dummy:city:Monterey Park",
        "dummy:city:Redlands",
        "dummy:city:Mission Viejo",
        "dummy:city:Culver City",
        "dummy:city:Fontana",
        "dummy:city:Fairfield",
        "dummy:city:Antioch",
        "dummy:city:Vista",
        "dummy:city:Buena Park",
        "dummy:city:Lodi",
        "dummy:city:Rialto",
        "dummy:city:Bellflower",
        "dummy:city:National City",
        "dummy:city:Fountain Valley",
        "dummy:city:La Habra",
        "dummy:city:Walnut Creek",
        "dummy:city:Glendora",
        "dummy:city:Daly City",
        "dummy:city:Escondido",
        "dummy:city:Manhattan Beach",
        "dummy:city:Lawndale",
        "dummy:city:Lynwood",
        "dummy:city:Carlsbad",
        "dummy:city:Los Altos",
        "dummy:city:Redwood City",
        "dummy:city:Encinitas",
        "dummy:city:Salinas",
        "dummy:city:N/A",
        "dummy:ocean_proximity:<1H OCEAN",
        "dummy:ocean_proximity:INLAND",
        "dummy:ocean_proximity:NEAR OCEAN",
        "dummy:ocean_proximity:NEAR BAY",
        "dummy:ocean_proximity:N/A"
    ],
    "regression_performance": {
        "error_distribution": [
            {
                "bin_id": 0,
                "bin_min": -106995.5155709931,
                "bin_max": -77223.15039203376,
                "count": 235
            },
            {
                "bin_id": 1,
                "bin_min": -77223.15039203376,
                "bin_max": -47745.56110593539,
                "count": 399
            },
            {
                "bin_id": 2,
                "bin_min": -47745.56110593539,
                "bin_max": -18267.971819837025,
                "count": 814
            },
            {
                "bin_id": 3,
                "bin_min": -18267.971819837025,
                "bin_max": 11209.617466261334,
                "count": 769
            },
            {
                "bin_id": 4,
                "bin_min": 11209.617466261334,
                "bin_max": 40687.20675235969,
                "count": 473
            },
            {
                "bin_id": 5,
                "bin_min": 40687.20675235969,
                "bin_max": 70164.79603845807,
                "count": 230
            },
            {
                "bin_id": 6,
                "bin_min": 70164.79603845807,
                "bin_max": 99642.38532455641,
                "count": 146
            },
            {
                "bin_id": 7,
                "bin_min": 99642.38532455641,
                "bin_max": 129119.97461065478,
                "count": 96
            },
            {
                "bin_id": 8,
                "bin_min": 129119.97461065478,
                "bin_max": 158597.56389675313,
                "count": 53
            },
            {
                "bin_id": 9,
                "bin_min": 158597.56389675313,
                "bin_max": 188075.1531828515,
                "count": 122
            }
        ],
        "raw_min_error": -214374.42687316146,
        "min_error": -106700.73967813211,
        "p25_error": -39277.29546296457,
        "median_error": -9896.944130922202,
        "average_error": 408.223058714494,
        "std_error": 62264.56537873421,
        "p75_error": 25721.688649517833,
        "p90_error": 84843.53478325641,
        "max_error": 188075.1531828515,
        "raw_max_error": 423315.85933325347
    },
    "scatterPlotData": {
        "x": [
            48500.0,
            122000.0,
            300000.0,
            142200.0,
            108300.0,
            239400.0,
            43700.0,
            169200.0,
            52100.0,
            119500.0,
            161700.0,
            227500.0,
            88300.0,
            433800.0,
            211900.0,
            54200.0,
            166900.0,
            168800.0,
            251800.0,
            461200.0,
            87500.0,
            209500.0,
            237700.0,
            500001.0,
            173900.0,
            138100.0,
            151400.0,
            379800.0,
            137500.0,
            174100.0,
            148500.0,
            88300.0,
            177500.0,
            86100.0,
            83600.0,
            99400.0,
            76100.0,
            217900.0,
            234600.0,
            220800.0,
            222900.0,
            63400.0,
            52100.0,
            368400.0,
            71900.0,
            126600.0,
            77100.0,
            144100.0,
            110800.0,
            469900.0,
            289100.0,
            101600.0,
            91900.0,
            86200.0,
            257600.0,
            205900.0,
            369100.0,
            131500.0,
            233300.0,
            435100.0,
            243800.0,
            141700.0,
            185600.0,
            500001.0,
            282100.0,
            180000.0,
            77800.0,
            371600.0,
            73000.0,
            94900.0,
            290900.0,
            373400.0,
            110900.0,
            120600.0,
            101100.0,
            296300.0,
            143300.0,
            180700.0,
            258800.0,
            91100.0,
            500001.0,
            205100.0,
            109700.0,
            273000.0,
            100000.0,
            187500.0,
            158000.0,
            287600.0,
            121500.0,
            192200.0,
            236800.0,
            361600.0,
            147200.0,
            131800.0,
            149600.0,
            170500.0,
            130800.0,
            74100.0,
            103100.0,
            90000.0,
            247600.0,
            339200.0,
            247700.0,
            48300.0,
            273400.0,
            500001.0,
            109400.0,
            169000.0,
            206300.0,
            387700.0,
            238800.0,
            70500.0,
            340000.0,
            145200.0,
            344800.0,
            70000.0,
            95000.0,
            137500.0,
            223200.0,
            425000.0,
            91100.0,
            157500.0,
            172500.0,
            416700.0,
            98800.0,
            96700.0,
            150800.0,
            105400.0,
            156800.0,
            209400.0,
            90600.0,
            136300.0,
            164500.0,
            130900.0,
            177400.0,
            146900.0,
            90800.0,
            295200.0,
            50400.0,
            87500.0,
            123800.0,
            161300.0,
            63300.0,
            72000.0,
            109900.0,
            325000.0,
            500001.0,
            113900.0,
            188300.0,
            155300.0,
            213100.0,
            179800.0,
            99500.0,
            371500.0,
            85500.0,
            94200.0,
            271500.0,
            113200.0,
            500001.0,
            450700.0,
            275000.0,
            344700.0,
            411900.0,
            67500.0,
            73200.0,
            79200.0,
            210900.0,
            500001.0,
            161000.0,
            70000.0,
            102700.0,
            356100.0,
            110700.0,
            157200.0,
            92300.0,
            306700.0,
            153000.0,
            201400.0,
            198100.0,
            387200.0,
            83300.0,
            150000.0,
            134700.0,
            281300.0,
            336700.0,
            165000.0,
            128300.0,
            131300.0,
            279500.0,
            89900.0,
            200000.0,
            139700.0,
            106900.0,
            196300.0,
            240900.0,
            141600.0,
            213900.0,
            229500.0,
            213400.0,
            122700.0,
            500001.0,
            81900.0,
            50800.0,
            163100.0,
            57900.0,
            478600.0,
            372200.0,
            224600.0,
            85700.0,
            89400.0,
            78800.0,
            143800.0,
            228200.0,
            104200.0,
            246900.0,
            374300.0,
            127500.0,
            208300.0,
            229100.0,
            212200.0,
            230800.0,
            283100.0,
            500001.0,
            99100.0,
            321100.0,
            191700.0,
            500000.0,
            97800.0,
            153300.0,
            200000.0,
            81100.0,
            59400.0,
            129700.0,
            156400.0,
            272000.0,
            306700.0,
            500001.0,
            72000.0,
            52900.0,
            64500.0,
            180500.0,
            127900.0,
            284800.0,
            190500.0,
            389800.0,
            212800.0,
            134400.0,
            152800.0,
            166300.0,
            354500.0,
            500001.0,
            172700.0,
            209200.0,
            100000.0,
            137600.0,
            183300.0,
            157200.0,
            136800.0,
            145200.0,
            92600.0,
            94300.0,
            92800.0,
            288500.0,
            58800.0,
            170700.0,
            224200.0,
            271300.0,
            112400.0,
            99300.0,
            162500.0,
            109700.0,
            93800.0,
            500001.0,
            191300.0,
            500001.0,
            71000.0,
            87200.0,
            57800.0,
            351300.0,
            138800.0,
            146500.0,
            136800.0,
            169100.0,
            261400.0,
            325000.0,
            415600.0,
            154200.0,
            62500.0,
            123800.0,
            210000.0,
            108900.0,
            218600.0,
            291100.0,
            152500.0,
            148400.0,
            142900.0,
            154000.0,
            164400.0,
            111600.0,
            269500.0,
            365700.0,
            158200.0,
            240800.0,
            54200.0,
            59100.0,
            121500.0,
            261300.0,
            220000.0,
            147200.0,
            165000.0,
            405100.0,
            225000.0,
            206300.0,
            179800.0,
            191100.0,
            134600.0,
            135000.0,
            208100.0,
            245100.0,
            336900.0,
            137500.0,
            210700.0,
            225800.0,
            226400.0,
            223100.0,
            500001.0,
            93800.0,
            165500.0,
            158600.0,
            119700.0,
            350000.0,
            54900.0,
            282000.0,
            229200.0,
            266900.0,
            74900.0,
            167500.0,
            214600.0,
            173200.0,
            142900.0,
            500001.0,
            371000.0,
            77300.0,
            196100.0,
            247600.0,
            251200.0,
            240000.0,
            500001.0,
            45800.0,
            150000.0,
            48800.0,
            285400.0,
            248900.0,
            143800.0,
            80600.0,
            98000.0,
            231700.0,
            345300.0,
            87500.0,
            76200.0,
            196700.0,
            157300.0,
            434500.0,
            158600.0,
            140600.0,
            200900.0,
            74000.0,
            156700.0,
            75400.0,
            352100.0,
            207500.0,
            223500.0,
            128800.0,
            276800.0,
            91700.0,
            142600.0,
            231600.0,
            55000.0,
            186100.0,
            254500.0,
            72200.0,
            269800.0,
            146900.0,
            141100.0,
            224100.0,
            220000.0,
            164100.0,
            323000.0,
            359900.0,
            119400.0,
            94500.0,
            156900.0,
            55000.0,
            208000.0,
            112500.0,
            221200.0,
            239600.0,
            84100.0,
            500001.0,
            133100.0,
            125000.0,
            399700.0,
            161100.0,
            127600.0,
            171400.0,
            341700.0,
            47800.0,
            140300.0,
            71900.0,
            295900.0,
            70700.0,
            233200.0,
            207700.0,
            315200.0,
            145800.0,
            396400.0,
            128900.0,
            216800.0,
            195700.0,
            113700.0,
            188500.0,
            363300.0,
            68000.0,
            169500.0,
            136600.0,
            293200.0,
            411800.0,
            264700.0,
            386200.0,
            113300.0,
            105000.0,
            45500.0,
            500001.0,
            137500.0,
            370200.0,
            111100.0,
            353900.0,
            126700.0,
            60000.0,
            99100.0,
            350000.0,
            338400.0,
            139300.0,
            500001.0,
            44000.0,
            410300.0,
            223900.0,
            230000.0,
            382400.0,
            284900.0,
            262500.0,
            180700.0,
            230000.0,
            219000.0,
            92200.0,
            111500.0,
            162400.0,
            223400.0,
            434800.0,
            353600.0,
            125000.0,
            142600.0,
            115200.0,
            92700.0,
            233000.0,
            110900.0,
            184600.0,
            108900.0,
            150800.0,
            133900.0,
            170300.0,
            230600.0,
            182100.0,
            251100.0,
            110400.0,
            500001.0,
            188200.0,
            75200.0,
            174000.0,
            369100.0,
            270000.0,
            481300.0,
            151900.0,
            47700.0,
            237200.0,
            208000.0,
            179400.0,
            275000.0,
            79200.0,
            95700.0,
            254100.0,
            400000.0,
            177000.0,
            156800.0,
            106300.0,
            200000.0,
            153400.0,
            87500.0,
            116700.0,
            175000.0,
            331000.0,
            220000.0,
            275000.0,
            72900.0,
            242600.0,
            109400.0,
            85300.0,
            162500.0,
            146600.0,
            102100.0,
            265400.0,
            304000.0,
            204800.0,
            240500.0,
            192400.0,
            114200.0,
            164600.0,
            208300.0,
            142300.0,
            112500.0,
            134000.0,
            175000.0,
            170200.0,
            136600.0,
            91400.0,
            139700.0,
            371100.0,
            198400.0,
            500001.0,
            232400.0,
            126800.0,
            150000.0,
            223300.0,
            55100.0,
            84700.0,
            206300.0,
            500001.0,
            387100.0,
            290500.0,
            246400.0,
            254200.0,
            222800.0,
            209900.0,
            143300.0,
            150500.0,
            176400.0,
            215400.0,
            143200.0,
            85000.0,
            61000.0,
            65000.0,
            196400.0,
            145000.0,
            75000.0,
            97700.0,
            177100.0,
            96700.0,
            95800.0,
            158900.0,
            500001.0,
            181100.0,
            83700.0,
            87500.0,
            188800.0,
            236200.0,
            290900.0,
            222800.0,
            175900.0,
            155200.0,
            305300.0,
            55000.0,
            184800.0,
            264700.0,
            49300.0,
            312500.0,
            73100.0,
            384200.0,
            90900.0,
            500001.0,
            156700.0,
            69000.0,
            65900.0,
            113600.0,
            500001.0,
            131300.0,
            136300.0,
            500001.0,
            330900.0,
            306800.0,
            500001.0,
            265000.0,
            199800.0,
            340800.0,
            171600.0,
            211300.0,
            141300.0,
            162100.0,
            276100.0,
            235100.0,
            239900.0,
            356500.0,
            141500.0,
            58900.0,
            500001.0,
            359000.0,
            238700.0,
            162500.0,
            239900.0,
            178800.0,
            97800.0,
            216700.0,
            94700.0,
            182100.0,
            500001.0,
            329500.0,
            72700.0,
            367400.0,
            264800.0,
            173100.0,
            106300.0,
            109800.0,
            329500.0,
            277200.0,
            153900.0,
            198600.0,
            198400.0,
            159500.0,
            142400.0,
            336800.0,
            93000.0,
            196300.0,
            280400.0,
            219000.0,
            228700.0,
            185100.0,
            366200.0,
            153200.0,
            385700.0,
            128700.0,
            475000.0,
            270600.0,
            120700.0,
            160300.0,
            232000.0,
            94000.0,
            356300.0,
            298400.0,
            109400.0,
            251300.0,
            223600.0,
            335300.0,
            95800.0,
            104600.0,
            475000.0,
            500001.0,
            187200.0,
            199000.0,
            500001.0,
            39600.0,
            224200.0,
            113400.0,
            237600.0,
            84700.0,
            149500.0,
            57900.0,
            199600.0,
            235300.0,
            387800.0,
            223900.0,
            500001.0,
            439300.0,
            345000.0,
            151900.0,
            92400.0,
            500001.0,
            350400.0,
            330000.0,
            41400.0,
            353100.0,
            53300.0,
            190600.0,
            51600.0,
            126000.0,
            284100.0,
            55000.0,
            88100.0,
            192000.0,
            229300.0,
            335400.0,
            280800.0,
            245600.0,
            432100.0,
            192100.0,
            276000.0,
            281900.0,
            396400.0,
            96000.0,
            103100.0,
            203400.0,
            275000.0,
            135700.0,
            186600.0,
            428600.0,
            118800.0,
            465800.0,
            359300.0,
            120400.0,
            55000.0,
            73000.0,
            263300.0,
            194100.0,
            62000.0,
            184800.0,
            204500.0,
            163100.0,
            266700.0,
            76200.0,
            313400.0,
            230000.0,
            357400.0,
            260900.0,
            93100.0,
            486400.0,
            287200.0,
            225400.0,
            287700.0,
            374500.0,
            337200.0,
            51700.0,
            254400.0,
            261300.0,
            290500.0,
            227900.0,
            142300.0,
            58800.0,
            161700.0,
            125000.0,
            500001.0,
            193800.0,
            162500.0,
            154700.0,
            146500.0,
            203700.0,
            200000.0,
            107900.0,
            189800.0,
            97900.0,
            162500.0,
            72500.0,
            52400.0,
            208100.0,
            102200.0,
            162700.0,
            350000.0,
            230900.0,
            218200.0,
            141700.0,
            400000.0,
            112500.0,
            141600.0,
            129100.0,
            67500.0,
            63200.0,
            481500.0,
            218800.0,
            156000.0,
            372400.0,
            187500.0,
            92800.0,
            165100.0,
            164800.0,
            256300.0,
            254900.0,
            500001.0,
            210000.0,
            185400.0,
            439800.0,
            460000.0,
            267900.0,
            293100.0,
            222400.0,
            135600.0,
            83900.0,
            140100.0,
            368500.0,
            301300.0,
            159800.0,
            105700.0,
            105800.0,
            147200.0,
            158300.0,
            272200.0,
            125600.0,
            79900.0,
            225400.0,
            117500.0,
            118500.0,
            207000.0,
            204600.0,
            94900.0,
            274000.0,
            247100.0,
            84500.0,
            95000.0,
            155500.0,
            100000.0,
            50000.0,
            116700.0,
            90100.0,
            330000.0,
            83200.0,
            166300.0,
            161300.0,
            178500.0,
            239300.0,
            90200.0,
            391900.0,
            366100.0,
            257900.0,
            147100.0,
            166700.0,
            219400.0,
            158300.0,
            245600.0,
            389200.0,
            119900.0,
            376100.0,
            112500.0,
            460200.0,
            154600.0,
            109400.0,
            133500.0,
            176800.0,
            450000.0,
            168600.0,
            189600.0,
            152200.0,
            299400.0,
            130500.0,
            162500.0,
            231100.0,
            66500.0,
            316400.0,
            228700.0,
            500001.0,
            134400.0,
            67500.0,
            89600.0,
            155000.0,
            38800.0,
            187500.0,
            184200.0,
            52100.0,
            360900.0,
            45000.0,
            59400.0,
            118800.0,
            206700.0,
            418400.0,
            112100.0,
            500001.0,
            114300.0,
            65900.0,
            296800.0,
            123800.0,
            321600.0,
            137500.0,
            236100.0,
            174600.0,
            111700.0,
            175500.0,
            63700.0,
            500001.0,
            171300.0,
            181900.0,
            241900.0,
            191900.0,
            166300.0,
            142100.0,
            321400.0,
            118800.0,
            348200.0,
            225000.0,
            160600.0,
            96100.0,
            95600.0,
            140200.0,
            123100.0,
            154400.0,
            246300.0,
            92400.0,
            150800.0,
            174000.0,
            97300.0,
            100000.0,
            65900.0,
            414700.0,
            311400.0,
            153700.0,
            381900.0,
            222400.0,
            207300.0,
            177400.0,
            190800.0,
            159400.0,
            325900.0,
            180700.0,
            349500.0,
            306500.0,
            121900.0,
            81800.0,
            234800.0,
            205300.0,
            325400.0,
            341800.0,
            250000.0,
            100000.0,
            247800.0,
            267500.0,
            212600.0,
            148600.0,
            66400.0,
            353700.0,
            400000.0,
            234700.0,
            160000.0,
            254600.0,
            211900.0,
            264400.0,
            92400.0,
            284900.0,
            160700.0,
            114400.0,
            250000.0,
            333300.0,
            193200.0,
            133000.0,
            192700.0,
            500001.0,
            182100.0,
            436100.0,
            137500.0,
            275000.0,
            57500.0,
            272600.0,
            500001.0,
            162100.0,
            226100.0,
            365500.0,
            176500.0,
            366700.0,
            322000.0,
            169400.0,
            137500.0,
            113100.0,
            255900.0,
            75500.0,
            318600.0,
            231300.0,
            364300.0,
            179100.0,
            400000.0,
            88400.0,
            456900.0,
            339600.0,
            219100.0,
            326100.0,
            243800.0,
            155700.0,
            94600.0,
            80000.0,
            174500.0,
            171800.0,
            281000.0,
            288900.0,
            119600.0,
            350000.0,
            333300.0,
            61500.0,
            108300.0,
            258300.0,
            271500.0,
            281300.0,
            265800.0,
            86500.0,
            92500.0,
            500001.0,
            285300.0,
            200000.0,
            184700.0,
            414000.0,
            348100.0,
            171000.0,
            110200.0,
            47700.0,
            167700.0,
            178900.0,
            262500.0,
            215600.0,
            181400.0
        ],
        "y": [
            15699.2426,
            152201.2399,
            202070.2844,
            180719.3503,
            174231.2248,
            306330.8336,
            75763.9457,
            180102.6386,
            84576.4852,
            154325.0349,
            196494.0066,
            246747.0459,
            179924.9053,
            398275.0606,
            243931.5801,
            76825.5553,
            185917.2791,
            287778.5342,
            300081.194,
            397489.4818,
            91576.4886,
            298890.4003,
            307604.2442,
            339708.1079,
            244822.7964,
            157221.1549,
            141163.6979,
            351639.3594,
            127593.7793,
            204755.3138,
            145923.1099,
            161679.8087,
            168001.5913,
            116291.7238,
            120596.5902,
            171017.9916,
            184938.5019,
            237393.4632,
            140430.9873,
            189062.1265,
            284385.5512,
            98948.7606,
            49378.1608,
            298347.088,
            139165.4511,
            101716.8557,
            112069.7212,
            232916.4982,
            107615.3378,
            355426.9916,
            263243.6572,
            145392.4181,
            101534.1841,
            71994.1745,
            215947.6262,
            216920.8752,
            310888.1073,
            151168.4515,
            311076.9049,
            275275.4054,
            210301.5029,
            162224.6848,
            225164.6327,
            361806.1056,
            269037.2509,
            186581.0897,
            71464.3284,
            263554.2957,
            95627.2731,
            172613.9586,
            328777.1648,
            374384.4663,
            153340.0484,
            136113.4379,
            194251.3585,
            319730.1803,
            233257.0747,
            143997.0469,
            269181.1697,
            105606.5412,
            329138.8791,
            263538.592,
            138221.9379,
            232075.6153,
            64495.9348,
            291885.2775,
            218809.4019,
            276244.6215,
            148793.4138,
            304607.4516,
            178663.2053,
            341476.363,
            137813.7269,
            176804.3046,
            117865.2162,
            232338.7023,
            103950.1039,
            176071.0871,
            63972.6535,
            118156.9986,
            265623.0454,
            288423.9914,
            224030.8362,
            84057.4417,
            185677.6144,
            343710.0227,
            184774.1077,
            148884.7727,
            178550.5575,
            306326.8028,
            279307.7071,
            171797.2497,
            376848.9588,
            136993.1445,
            261690.1938,
            88612.8071,
            167044.7734,
            119315.3481,
            229250.985,
            248821.8243,
            161200.8188,
            162959.8119,
            186198.4729,
            323779.8739,
            101598.4518,
            102955.4445,
            196541.9807,
            102172.0818,
            144265.5776,
            222094.6902,
            108381.3171,
            195499.4215,
            156218.1335,
            142338.2463,
            239364.2019,
            138534.9564,
            177482.3062,
            162162.8073,
            26129.6745,
            103442.7969,
            170203.8715,
            218505.0065,
            88594.7189,
            131284.5656,
            133367.2971,
            223110.9217,
            283237.8581,
            136438.05,
            249612.4125,
            177051.1128,
            220380.0833,
            87674.9337,
            117218.6479,
            389596.3021,
            102224.0291,
            174490.2595,
            266801.9494,
            137242.4514,
            357478.8225,
            403338.3089,
            146286.2666,
            360372.6538,
            351367.5041,
            89483.5128,
            83096.9441,
            102424.3163,
            159516.4346,
            353843.6555,
            141702.4819,
            113618.3614,
            204241.8897,
            251010.7378,
            146416.0183,
            164246.7586,
            76974.2515,
            235013.8106,
            162449.2657,
            213017.5,
            164110.9994,
            198147.7586,
            94973.5919,
            223866.3772,
            139098.8957,
            295278.0586,
            184935.3543,
            215293.4177,
            111925.2834,
            103112.6518,
            258579.2896,
            101980.7229,
            202670.0804,
            227174.4088,
            118464.1436,
            166825.0423,
            319862.215,
            135423.4753,
            277026.9447,
            274120.3677,
            240030.7584,
            173738.8922,
            343174.4841,
            119632.8028,
            39934.1239,
            177414.0684,
            24396.787,
            221275.137,
            296604.2864,
            247486.5426,
            106110.7867,
            90899.604,
            101708.6236,
            182206.6033,
            304897.9552,
            141364.2403,
            290359.8469,
            268011.5111,
            207129.9898,
            230625.4888,
            219444.0546,
            165781.0578,
            262585.9565,
            251136.1505,
            329052.1924,
            186240.6344,
            239276.5356,
            183568.2887,
            391087.8832,
            107448.232,
            164123.8667,
            225628.7584,
            176468.9755,
            97235.7543,
            145447.5097,
            155913.8835,
            180890.7827,
            340048.8194,
            494229.8819,
            153287.9794,
            92600.3278,
            60424.3634,
            180780.4507,
            121598.7194,
            346465.0963,
            200248.4413,
            341949.5614,
            231503.2838,
            159137.4545,
            88890.7913,
            197734.1898,
            330951.5092,
            443693.938,
            197735.4565,
            189273.7371,
            138494.7016,
            142530.9838,
            192894.0165,
            162048.8132,
            241699.3026,
            205561.6897,
            88452.725,
            87821.7443,
            58668.4189,
            288113.3588,
            83364.1117,
            131049.954,
            220700.9055,
            238192.512,
            137714.4283,
            142419.8381,
            121240.038,
            144245.5528,
            118891.597,
            345345.2226,
            246488.3034,
            597284.8212,
            109010.3941,
            123996.9501,
            15183.6784,
            338820.0175,
            206790.6565,
            163651.0714,
            169846.3127,
            180911.7236,
            283297.338,
            224005.6605,
            410405.5803,
            221701.5481,
            70977.6499,
            114676.0291,
            220598.0539,
            132889.4929,
            297799.4836,
            292147.7575,
            190707.4334,
            217768.8058,
            154013.0156,
            168637.8444,
            179851.6555,
            148238.3023,
            278421.7086,
            403780.0398,
            209278.105,
            231250.7765,
            102164.1193,
            101824.6761,
            133763.3659,
            311970.4973,
            258403.5155,
            226009.3022,
            160929.0372,
            224928.4909,
            265018.9747,
            241710.9055,
            188850.1502,
            234235.1723,
            189478.658,
            161204.5343,
            184563.6956,
            219566.0498,
            279319.8557,
            106166.2583,
            261119.1102,
            233507.1576,
            248565.1282,
            156896.3969,
            443703.1724,
            142735.239,
            186204.9986,
            247329.5361,
            214490.4707,
            121624.2432,
            141870.5732,
            265265.5572,
            198056.7133,
            282451.4417,
            96506.2199,
            162434.8486,
            196777.8962,
            183742.891,
            154368.978,
            386140.0008,
            285138.875,
            89550.1856,
            115279.3628,
            272668.5262,
            272659.8775,
            276504.7985,
            256131.2774,
            117089.6593,
            134805.9047,
            59006.806,
            223149.7629,
            180528.1212,
            117549.8861,
            107942.1259,
            193225.4352,
            198408.5501,
            224078.8258,
            160988.626,
            92625.2011,
            211378.5837,
            132765.2422,
            242817.6248,
            150947.9264,
            165785.5219,
            211220.4958,
            159749.7742,
            208801.8323,
            95974.9396,
            305482.8112,
            258746.2149,
            265694.8703,
            154508.6787,
            317971.3019,
            113577.2972,
            249285.1332,
            346137.2315,
            61321.0483,
            246213.7896,
            244632.4917,
            100464.2166,
            202974.4583,
            153483.3926,
            231147.9602,
            226084.4491,
            230584.8823,
            194765.671,
            251602.6989,
            273455.3026,
            165458.9346,
            150249.6585,
            139338.7408,
            27189.3107,
            202182.8267,
            326874.4269,
            144909.7822,
            233268.0458,
            84978.5586,
            224560.5314,
            103995.1142,
            99153.8043,
            401141.5579,
            182630.7817,
            161071.2236,
            179303.735,
            235701.9405,
            67853.2011,
            248184.9009,
            99772.2545,
            225218.488,
            111605.339,
            256079.8728,
            136345.3976,
            370866.9629,
            167461.9979,
            230202.3573,
            112672.8667,
            235491.2703,
            277422.4774,
            109134.8715,
            189547.6256,
            155885.9763,
            65480.8187,
            243113.7295,
            128778.2054,
            311597.7734,
            383843.6072,
            193650.8864,
            304960.0695,
            90452.887,
            126409.5333,
            39817.4725,
            334890.5242,
            147707.2769,
            341813.4748,
            147440.3996,
            256959.6821,
            115910.5707,
            166740.8706,
            110425.6707,
            220934.4597,
            321375.2384,
            216530.381,
            76685.1407,
            58693.1342,
            463845.4935,
            237152.0816,
            217208.1276,
            367517.3716,
            301530.8681,
            229705.5916,
            234094.5826,
            226880.2881,
            229930.5308,
            105043.0757,
            136522.6446,
            218063.4098,
            262641.9393,
            235033.7804,
            253298.0135,
            173777.3499,
            189784.5464,
            89867.1754,
            127276.0315,
            270269.8961,
            155345.5877,
            212892.435,
            202924.094,
            167872.8598,
            214780.0175,
            211773.0003,
            202907.0184,
            159023.2965,
            214632.1241,
            149648.6694,
            426631.1773,
            174473.5391,
            71984.7237,
            215592.3186,
            364148.9128,
            208102.8016,
            312071.1824,
            132976.9925,
            42618.9476,
            233022.2186,
            186440.8133,
            182332.6316,
            212781.2892,
            61395.9214,
            97011.8892,
            237486.6905,
            341586.8622,
            171406.9975,
            238770.6823,
            132569.2451,
            168260.3808,
            195642.4439,
            118583.8271,
            80857.5239,
            197099.0302,
            358249.5689,
            220444.2987,
            337784.1038,
            79892.5714,
            166091.1073,
            95649.472,
            113682.5548,
            122082.4607,
            223888.0083,
            91275.253,
            286596.3973,
            251577.3837,
            194405.7169,
            211521.1783,
            222329.4949,
            186598.3205,
            176718.9705,
            228167.8933,
            204642.5482,
            113518.6378,
            149260.6719,
            112771.8674,
            217436.8828,
            209911.7539,
            139510.7812,
            145229.3475,
            373347.4154,
            226101.6149,
            162797.4331,
            265310.5178,
            99851.5303,
            152552.4449,
            221760.7013,
            85868.6457,
            105460.7897,
            233236.7258,
            298253.1883,
            284278.9044,
            186979.4794,
            298540.2517,
            221730.4655,
            253720.47,
            187270.7838,
            153345.488,
            180127.9358,
            261601.6471,
            204730.2837,
            83871.8847,
            117170.9498,
            83802.59,
            100202.73,
            185856.1407,
            178179.8667,
            182873.3266,
            148262.9753,
            129412.3869,
            123635.5112,
            180980.2107,
            184188.4391,
            557107.8601,
            222420.513,
            72956.8509,
            161040.3649,
            157280.7919,
            187258.2324,
            289471.7304,
            156738.7962,
            179990.1787,
            203878.7034,
            281200.6854,
            63652.5041,
            215027.7364,
            279607.0558,
            27334.6029,
            217776.603,
            70394.329,
            380836.3784,
            171320.4784,
            244582.3963,
            98338.6802,
            91841.4658,
            78339.5268,
            117281.3356,
            581118.4214,
            223676.0437,
            154542.5894,
            338798.5869,
            273875.3855,
            280388.8103,
            232600.5993,
            249132.4908,
            199779.6647,
            239097.3802,
            185676.5158,
            215570.4246,
            205945.3747,
            205072.0128,
            319842.101,
            214463.6479,
            269590.2163,
            240407.5636,
            204576.6616,
            95841.1189,
            428385.4924,
            273230.6326,
            249665.7273,
            190234.8146,
            271016.4179,
            173025.0242,
            105677.6672,
            196472.1695,
            153835.0515,
            160684.1523,
            467412.4176,
            309102.5672,
            91004.6592,
            286025.638,
            311429.7086,
            275057.14,
            128406.7371,
            109807.3109,
            328229.6772,
            273866.4863,
            228425.8192,
            144537.8014,
            230133.7903,
            157278.6192,
            114091.2571,
            154555.1803,
            196469.6491,
            163115.7775,
            303162.1478,
            191985.7481,
            215615.277,
            172144.4125,
            369585.021,
            147328.8238,
            226609.5893,
            151833.9062,
            359144.7455,
            362297.7999,
            173472.7322,
            178117.211,
            272004.1468,
            141216.623,
            359991.4618,
            220546.7202,
            122057.8363,
            249047.8663,
            248148.6806,
            304743.2081,
            158126.4633,
            127926.8263,
            323822.6218,
            530313.283,
            204793.9541,
            198277.7422,
            420331.0617,
            23360.5188,
            224140.2291,
            129642.8858,
            265651.6954,
            81527.5966,
            127247.1254,
            80457.0274,
            283354.6962,
            318314.6516,
            297166.436,
            269303.4078,
            399295.6374,
            266183.933,
            305086.7539,
            231228.8729,
            98232.8803,
            290721.169,
            332978.1562,
            233434.5634,
            82353.6573,
            237360.9021,
            122341.4156,
            172558.5606,
            20373.7313,
            128941.9759,
            357800.1155,
            71563.119,
            101135.3807,
            201476.7077,
            240075.673,
            285873.5842,
            263789.3291,
            265595.8249,
            312200.4723,
            232268.896,
            239367.6729,
            362628.7395,
            334094.0679,
            163704.2488,
            145891.3583,
            243137.969,
            313280.6956,
            226166.0912,
            217403.2184,
            382675.8997,
            140370.176,
            328614.0604,
            347708.9501,
            154396.0702,
            149401.6921,
            119329.0308,
            303789.9706,
            194090.9391,
            145239.9282,
            206483.0273,
            235976.8884,
            216694.449,
            242221.2899,
            124801.0506,
            287524.4106,
            224209.7724,
            328653.2734,
            225998.1235,
            71957.6968,
            301175.3171,
            276928.4356,
            132136.634,
            294916.3764,
            292848.5245,
            119186.0705,
            42089.2699,
            275034.3096,
            285179.3572,
            284158.9101,
            259262.2785,
            154888.0035,
            60245.4447,
            150771.864,
            169913.2578,
            447981.9482,
            113712.0738,
            152965.5618,
            196213.7767,
            185856.6442,
            253050.2073,
            219207.0661,
            113549.6546,
            240128.4019,
            182380.4868,
            184875.6242,
            91363.3967,
            88551.1499,
            199296.499,
            187298.7023,
            196554.7421,
            358604.0323,
            202693.3243,
            257477.2955,
            182185.9085,
            236508.0094,
            238232.4541,
            145438.6716,
            123795.6667,
            27466.3032,
            82824.6443,
            462340.0721,
            247857.846,
            188750.6226,
            352125.3591,
            349654.44,
            166221.842,
            248183.7146,
            231347.1589,
            192157.7446,
            298351.7535,
            480017.6434,
            131707.7307,
            252664.0319,
            334864.3775,
            346746.9375,
            188354.7818,
            339093.1298,
            228630.8386,
            104188.9046,
            106301.3189,
            226033.1629,
            302009.3169,
            295178.5829,
            203604.0782,
            144843.8861,
            184954.8619,
            147876.4487,
            195877.4433,
            344618.4893,
            167790.5796,
            116240.709,
            257935.3425,
            147579.6053,
            180596.7696,
            244083.7406,
            205940.0934,
            109953.0183,
            273295.5679,
            255347.7381,
            132763.7137,
            110557.136,
            163810.7283,
            95460.92,
            96722.9937,
            122094.2166,
            177759.4365,
            231958.2769,
            81429.7865,
            160944.1532,
            138770.8927,
            199909.3382,
            295076.2828,
            108490.4304,
            338399.2917,
            247186.6562,
            215779.2745,
            177664.6849,
            272901.5792,
            261982.6562,
            188857.3493,
            244787.1859,
            236767.1126,
            103741.0725,
            250859.877,
            72836.6975,
            256404.4147,
            209540.7325,
            133105.3631,
            254493.9521,
            170455.8022,
            281324.6138,
            180541.0101,
            195864.7851,
            165967.5921,
            304695.7083,
            148685.828,
            191167.8425,
            195961.4147,
            53067.1575,
            327236.7856,
            331457.8176,
            317510.4241,
            207402.4974,
            133031.0011,
            126004.8168,
            143061.8281,
            187266.7568,
            253149.11,
            261634.6704,
            84022.2622,
            396318.7001,
            76164.0958,
            81960.5978,
            121387.2146,
            268567.2367,
            354129.2537,
            99159.2024,
            339240.9491,
            210357.8638,
            76112.9141,
            233674.1647,
            119834.1577,
            306275.5642,
            109391.6911,
            183464.5011,
            154039.4783,
            112838.4928,
            198459.5539,
            94116.4397,
            300570.5904,
            146214.8101,
            240773.0625,
            332189.5886,
            183877.2206,
            121700.6169,
            146442.6346,
            214188.2773,
            101781.1637,
            319407.1686,
            229649.405,
            166607.7576,
            201264.0459,
            109383.5873,
            138208.0544,
            118112.7257,
            228091.2374,
            218761.5055,
            176357.9203,
            174057.7736,
            158790.4409,
            179698.3246,
            169420.9752,
            130539.9597,
            188253.1794,
            298650.1723,
            290799.4438,
            303121.5037,
            221658.4735,
            250084.5504,
            192836.9176,
            153471.6158,
            171344.7101,
            188997.1197,
            213188.9753,
            339341.055,
            274468.0556,
            150301.5737,
            79773.5018,
            242820.5431,
            225166.4507,
            255753.4489,
            322649.3221,
            187160.7374,
            152602.3275,
            266268.6454,
            251069.0938,
            199952.7927,
            182788.4555,
            96775.894,
            298470.7236,
            240674.0264,
            283520.6134,
            176609.9997,
            239030.4902,
            200632.2272,
            250888.3649,
            120422.2567,
            226321.2232,
            130971.8567,
            113878.2657,
            175524.4676,
            214300.1912,
            240009.5041,
            173700.2131,
            205700.2003,
            261405.0328,
            226863.6829,
            241844.4847,
            128797.4313,
            35523.671,
            29066.4774,
            169466.4363,
            174517.368,
            173594.2213,
            162424.1191,
            383963.6105,
            226160.2396,
            118266.328,
            305494.5758,
            211466.3872,
            95574.0602,
            175276.5276,
            224868.593,
            187201.2138,
            277594.3018,
            212210.7529,
            269297.382,
            174364.8683,
            249664.3639,
            90315.6117,
            242572.1718,
            281726.6569,
            291290.2108,
            224620.5507,
            268453.2862,
            99063.7883,
            75428.9219,
            90223.365,
            239010.4342,
            225505.2177,
            232110.5805,
            277579.5197,
            154878.7626,
            175900.9578,
            148582.955,
            123864.0491,
            90452.9334,
            166330.421,
            308094.898,
            259387.1667,
            261286.8914,
            113805.8579,
            148471.2071,
            373037.4317,
            283839.8859,
            237509.536,
            233700.3269,
            291782.2501,
            342839.7583,
            210008.157,
            201186.7471,
            101238.8876,
            199994.9894,
            180549.7902,
            231523.5058,
            315992.2026,
            159967.141
        ]
    },
    "globalMetrics": {
        "testWeight": 3337,
        "targetAvg": [
            208848.77434821698
        ],
        "targetStd": [
            116336.06780855013
        ],
        "predictionAvg": [
            207891.14881118856
        ],
        "predictionStd": [
            89553.78573395
        ]
    },
    "predictionPDF": {
        "x": [
            15183.678398480348,
            22159.40875948239,
            29135.139120484433,
            36110.86948148648,
            43086.59984248852,
            50062.330203490565,
            57038.06056449261,
            64013.79092549465,
            70989.52128649669,
            77965.25164749875,
            84940.98200850078,
            91916.71236950283,
            98892.44273050487,
            105868.17309150692,
            112843.90345250895,
            119819.633813511,
            126795.36417451304,
            133771.0945355151,
            140746.82489651715,
            147722.55525751918,
            154698.28561852121,
            161674.01597952328,
            168649.7463405253,
            175625.47670152734,
            182601.2070625294,
            189576.93742353143,
            196552.6677845335,
            203528.39814553552,
            210504.12850653756,
            217479.85886753962,
            224455.58922854165,
            231431.3195895437,
            238407.04995054574,
            245382.78031154777,
            252358.51067254983,
            259334.24103355187,
            266309.9713945539,
            273285.7017555559,
            280261.432116558,
            287237.16247756005,
            294212.8928385621,
            301188.6231995641,
            308164.3535605662,
            315140.08392156824,
            322115.81428257027,
            329091.5446435723,
            336067.27500457433,
            343043.0053655764,
            350018.73572657845,
            356994.4660875805,
            363970.1964485825,
            370945.92680958455,
            377921.65717058664,
            384897.38753158867,
            391873.1178925907,
            398848.84825359273,
            405824.57861459476,
            412800.30897559685,
            419776.0393365989,
            426751.7696976009,
            433727.50005860295,
            440703.230419605,
            447678.96078060707,
            454654.6911416091,
            461630.42150261113,
            468606.15186361317,
            475581.8822246152,
            482557.6125856173,
            489533.3429466193,
            496509.07330762135,
            503484.8036686234,
            510460.5340296254,
            517436.2643906275,
            524411.9947516295,
            531387.7251126316,
            538363.4554736336,
            545339.1858346357,
            552314.9161956378,
            559290.6465566398,
            566266.3769176418,
            573242.1072786439,
            580217.8376396459,
            587193.5680006479,
            594169.29836165,
            601145.028722652,
            608120.759083654,
            615096.4894446561,
            622072.2198056581,
            629047.9501666601,
            636023.6805276622,
            642999.4108886642,
            649975.1412496662,
            656950.8716106683,
            663926.6019716703,
            670902.3323326726,
            677878.0626936746,
            684853.7930546766,
            691829.5234156786,
            698805.2537766807,
            705780.9841376827
        ],
        "pdf": [
            1.4882680341885672e-07,
            2.057102726134187e-07,
            2.7189641267469753e-07,
            3.563408080372139e-07,
            4.7547541485227365e-07,
            6.486007112923364e-07,
            8.904746637757413e-07,
            1.204314982852392e-06,
            1.5776979108118302e-06,
            1.982683158106321e-06,
            2.3809771638875626e-06,
            2.733938026069993e-06,
            3.0144333004382493e-06,
            3.2148413621507317e-06,
            3.346823701263492e-06,
            3.4341726544463645e-06,
            3.5043792391449045e-06,
            3.5827953275038532e-06,
            3.6885414928320067e-06,
            3.830353873195364e-06,
            4.003732940561691e-06,
            4.192183010474018e-06,
            4.372602977664626e-06,
            4.522165039322374e-06,
            4.624243162509991e-06,
            4.6718106599249715e-06,
            4.666849673592502e-06,
            4.616179073702667e-06,
            4.527283349357005e-06,
            4.407257885928466e-06,
            4.2635414494005e-06,
            4.103270834489754e-06,
            3.931394995971603e-06,
            3.7501421143004383e-06,
            3.5602028412698434e-06,
            3.3616375384897173e-06,
            3.1541114231009295e-06,
            2.938154843612921e-06,
            2.7174987256644014e-06,
            2.499638957330588e-06,
            2.292738737759468e-06,
            2.1013993178512917e-06,
            1.925904123042924e-06,
            1.7657621761306425e-06,
            1.6228576105616234e-06,
            1.499469225082934e-06,
            1.3926611968696677e-06,
            1.2916559923789575e-06,
            1.1823708205661745e-06,
            1.0560565657781283e-06,
            9.150551178405424e-07,
            7.71575776072316e-07,
            6.409992702995343e-07,
            5.342961034368027e-07,
            4.5369883606618303e-07,
            3.9348638050228213e-07,
            3.4484502122440074e-07,
            3.0136695413643924e-07,
            2.6159334069381146e-07,
            2.2759268659544057e-07,
            2.0168019618282514e-07,
            1.8426574827342827e-07,
            1.7404263498928103e-07,
            1.6931098767015598e-07,
            1.684891670846312e-07,
            1.6932852736799068e-07,
            1.682437464421868e-07,
            1.6126548674602567e-07,
            1.4629263980159142e-07,
            1.2472598661940441e-07,
            1.010004457442169e-07,
            8.038954171219667e-08,
            6.67107088487213e-08,
            6.118292713887237e-08,
            6.249629552820504e-08,
            6.753117340084833e-08,
            7.242691491839719e-08,
            7.39619221814156e-08,
            7.081956877594515e-08,
            6.389848414892162e-08,
            5.532602165338937e-08,
            4.694828505122619e-08,
            3.949572966623515e-08,
            3.283563383042245e-08,
            2.668358947175831e-08,
            2.0990687543650814e-08,
            1.5869745245476604e-08,
            1.1427532948653635e-08,
            7.753837439295915e-09,
            4.984450230059136e-09,
            3.2919271796146373e-09,
            2.8105138896820444e-09,
            3.5707957382269646e-09,
            5.462025615767883e-09,
            8.207702923943444e-09,
            1.136289451983323e-08,
            1.4340421530194695e-08,
            1.646656657352114e-08,
            1.7112945267064437e-08,
            1.5947140068399894e-08
        ]
    }
}