{
  "state": "DONE",
  "preSearchDescription": {
    "gridLength": 3,
    "searchStrategy": "GRID",
    "importantParams": [
      {
        "name": "alpha",
        "vals": [
          "0.1",
          "1.0",
          "3.0"
        ]
      }
    ]
  },
  "postSearchDescription": {
    "importantParams": [
      {
        "name": "alpha",
        "val": "0.1"
      }
    ]
  },
  "resumed": false,
  "timeOrderingEnabled": false,
  "sampleWeightsEnabled": false,
  "modelId": "m1",
  "progress": {
    "top_level_todo": [],
    "stack": [],
    "top_level_done": [
      {
        "name": "Loading train set",
        "time": 67
      },
      {
        "name": "Loading test set",
        "time": 20
      },
      {
        "name": "Collecting statistics",
        "time": 25
      },
      {
        "name": "Preprocessing train set",
        "time": 80
      },
      {
        "name": "Preprocessing test set",
        "time": 23
      },
      {
        "name": "Hyperparameter searching",
        "time": 3232
      },
      {
        "name": "Fitting model",
        "time": 180
      },
      {
        "name": "Saving model",
        "time": 2
      },
      {
        "name": "Scoring model",
        "time": 1225
      }
    ]
  },
  "startTime": 1668091060861,
  "endTime": 1668091066256,
  "preprocessingTime": 217,
  "trainingTime": 5178,
  "hyperparamsSearchTime": 3232
}